"Revista","NumContribucion","Titulo","Fasciculo","Fecha","Fecha.ISO","Colaborador","SeudonimoFirma","Sexo","PaisOrigen","Nacimiento","Muerte","Traduccion","Traductor","Lengua","LenguaOriginal","Tipo","TipoIndice","Dedicatoria","ObrasResenadas","CantitadPaginas","Paginacion"
"Alpha","2","El guante","Año I. Número 1","marzo de 1906","1906-03-01","Schiller, Friedrich",NA,"M","Alemania","1759","1805","Sí","Latorre, Gabriel","Español","Alemán","Poesía",NA,NA,NA,2,"16-17"
"Alpha","3","Vox Populi","Año I. Número 1","marzo de 1906","1906-03-01","Villiers de L'Isle-Adam, Auguste de","Villiers de L'Isle-Adam","M","Francia","1838","1889","Sí","Restrepo Restrepo, Carlos Eugenio","Español","Francés","Prosa Ficción",NA,"Leconte de L´isle",NA,3,"18-21"
"Alpha","6","Doce Años","Año I. Número 1","marzo de 1906","1906-03-01","Altenberg, Peter",NA,"M","Austria","1859","1919","Sí","Anónimo","Español","Alemán","Prosa Ficción",NA,NA,NA,1.5,"28-29"
"Alpha","29","A Elena","Año I. Número 3","mayo de 1906","1906-05-01","Poe, Edgar Allan",NA,"M","Estados Unidos","1809","1849","Sí","Latorre, Gabriel","Español","Inglés","Poesía",NA,NA,NA,3,"90-92"
"Alpha","35","El ermitaño","Año I. Número 3","mayo de 1906","1906-05-01","Wilde, Oscar",NA,"M","Irlanda","1854","1900","Sí","Anónimo","Español","Alemán","Prosa Ficción",NA,"(traducido del Alemán para Alpha)",NA,3,"110-113"
"Alpha","61","Conmociones terrestres","Año I. Número 5-6","julio de 1906","1906-07-01","Jaramillo MTZ, José María","J. M.ª. J. MTZ.",NA,NA,NA,NA,"Sí","J. M. J. MTZ","Español","Inglés","Prosa No Ficción","Notas editoriales",NA,NA,2.5,"238-241"
"Alpha","69","La felicidad de las sociedades humanas","Año I. Número 7","agosto de 1906","1906-08-01","Novicow, F.","F. Novicow","M","Francia","1849","1912","Sí","Anónimo","Español",NA,"Prosa Ficción",NA,NA,NA,7,"268-275"
"Alpha","93","La indiferente","Año I. Número 10","octubre de 1906","1906-10-01","Jaloux, Edmond",NA,"M","Francia","1878","1949","Sí","Anónimo","Español","Francés","Prosa Ficción",NA,NA,NA,2,"402-404"
"Alpha","103","El terremoto en California","Año I. Número 11","octubre de 1906","1906-10-01","Restrepo, Saturnino",NA,"M","Colombia","1877","1961","Sí","Anónimo","Español","Inglés","Prosa No Ficción",NA,NA,NA,3,"439-442"
"Alpha","113","La traslación de la familia chimp a la ciudad","Año I. Número 12","diciembre de 1906","1906-12-01","Pérez Triana, Santiago",NA,"M","Colombia","1858","1916","Sí","Eastman, Tomás Oziel","Español","Inglés","Prosa Ficción","Cuento",NA,NA,6,"486-492"
"Alpha","125","El pudor de la condesa","Año II. Número 13","enero de 1907","1907-01-01","Bahr, Hermann",NA,"M","Austria","1863","1934","Sí","Anónimo","Español","Alemán","Prosa Ficción",NA,NA,NA,2.5,"511-513"
"Alpha","130","Fragmento. De ""La ley de la civilización y de la decadencia""","Año II. Número 13","enero de 1907","1907-01-01","Brooks, Adam",NA,"M","Estados Unidos","1848","1927","Sí","Anónimo","Español","Inglés","Prosa No Ficción",NA,NA,NA,7,"523-530"
"Alpha","136","En la muerte de un perro","Año II. Número 14","febrero de 1907","1907-02-01","Maeterlinck, Maurice",NA,"M","Bélgica","1862","1949","Sí","Anónimo","Español","Inglés","Prosa Ficción",NA,NA,NA,11,"541-552"
"Alpha","142","La colación del perro (Anarquismo)","Año II. Número 14","febrero de 1907","1907-02-01","Rachilde",NA,"F","Francia","1860","1953","Sí","Anónimo","Español","Francés","Prosa Ficción",NA,"Colliere, Marcel",NA,4.3,"562-566"
"Alpha","143","Silencio!","Año II. Número 14","febrero de 1907","1907-02-01","Déubel, Leon",NA,"M","Francia","1879","1913","Sí","Restrepo Restrepo, Carlos Eugenio","Español","Francés","Poesía",NA,NA,NA,0.7,"566"
"Alpha","144","La cavale","Año II. Número 14","febrero de 1907","1907-02-01","Barbier, Auguste",NA,"M","Francia","1805","1882","Sí","Nieto, Ricardo","Español","Francés","Poesía",NA,NA,NA,2,"567-568"
"Alpha","158","El parque","Año II. Número 15","marzo de 1907","1907-03-01","Gide, André",NA,"M","Francia","1869","1951","Sí","Latorre, Gabriel","Español","Francés","Poesía",NA,NA,NA,1,"607"
"Alpha","159","Del ""Viaje a Esparta""","Año II. Número 15","marzo de 1907","1907-03-01","Barrès, Maurice",NA,"M","Francia","1862","1923","Sí","Anónimo","Español","Francés","Prosa Ficción",NA,NA,NA,3,"608-611"
"Alpha","191","M.y Mme. Berthelot","Año II. Número 19","julio de 1907","1907-07-01","Anónimo",NA,NA,NA,NA,NA,"Sí","Escobar, Severo","Español","Inglés","Prosa No Ficción","Notas",NA,NA,2,"784-785"
"Alpha","192","Pobiedonostzev","Año II. Número 19","julio de 1907","1907-07-01","Restrepo, Saturnino","S.R.","M","Colombia","1877","1961","Sí","Restrepo, Saturnino","Español","Inglés","Prosa No Ficción","Notas",NA,NA,1.2,"785-786"
"Alpha","193","Los colores y nuestros ojos","Año II. Número 19","julio de 1907","1907-07-01","Parville, Henry de",NA,"M","Francia","1838","1909","Sí","Anónimo","Español","Francés","Prosa No Ficción","Notas",NA,NA,3,"786-789"
"Alpha","197","Un nuevo filósofo. Julio de Gaultier","Año II. Número 20","agosto de 1907","1907-08-01","Gourmont, Remy de",NA,"M","Francia","1858","1915","Sí","Gómez Restrepo, Antonio","Español",NA,"Prosa Ficción",NA,NA,NA,4.5,"820-824"
"Alpha","208","Montañas","Año II. Número 21","septiembre de 1907","1907-09-01","Gide, André",NA,"M","Francia","1869","1951","Sí","Latorre, Gabriel","Español","Francés","Poesía",NA,NA,NA,1,"846"
"Alpha","210","La historia de Ito Norisuké","Año II. Número 21","septiembre de 1907","1907-09-01","Hearn, Lafcadio",NA,"M","Grecia","1850","1904","Sí","Gómez Restrepo, Antonio","Español",NA,"Prosa No Ficción",NA,NA,NA,10,"847-857"
"Alpha","211","""Lacafdio Hearn...""","Año II. Número 21","septiembre de 1907","1907-09-01","Anónimo",NA,NA,NA,NA,NA,"Sí","Anónimo","Español",NA,"Prosa No Ficción",NA,NA,NA,1,"857-858"
"Alpha","223","Flores de las tinieblas","Año II. Número 22","octubre de 1907","1907-10-01","Villiers de L'Isle-Adam, Auguste de",NA,"M","Francia","1838","1889","Sí","Anónimo","Español","Francés","Poesía",NA,"Dierx, León",NA,2,"899-900"
"Alpha","226","Extractos: Elvecio","Año II. Número 22","octubre de 1907","1907-10-01","Anónimo","Le Temps",NA,NA,NA,NA,"Sí","Escobar, Severo","Español",NA,"Prosa No Ficción","Notas",NA,NA,2,"907-908"
"Alpha","231","Apogeo","Año II. Número 23-24","diciembre de 1907","1907-12-01","Louÿs, Pierre",NA,"M","Francia","1870","1925","Sí","Restrepo Restrepo, Carlos Eugenio","Español","Francés","Poesía",NA,"A la heroína de una novela futura",NA,1.5,"944-945"
"Alpha","237","El piano","Año II. Número 23-24","diciembre de 1907","1907-12-01","Rollinat, Maurice",NA,"M","Francia","1846","1903","Sí","Cano, Antonio José","Español","Francés","Poesía",NA,"Vidal, Teresita",NA,0.7,"960"
"Alpha","240","Aladina y Palomides","Año II. Número 23-24","diciembre de 1907","1907-12-01","Maeterlinck, Maurice",NA,"M","Bélgica","1862","1949","Sí","Anónimo","Español","Inglés","Teatro",NA,NA,NA,21.3,"963-984"
"Alpha","256","De la prensa científica","Año III. Número 25","enero de 1908","1908-01-01","López Restrepo, Alejandro","López Alejandro, I.C.","M","Colombia","1876","1940","Sí","Anónimo","Español",NA,"Prosa No Ficción","Notas",NA,NA,0.4,"39"
"Alpha","256","De la prensa científica","Año III. Número 25","enero de 1908","1908-01-01","López Restrepo, Alejandro","López Alejandro, I.C.","M","Colombia","1876","1940","Sí","Anónimo","Español",NA,"Prosa No Ficción","Notas",NA,NA,0.4,"39"
"Alpha","257","Tracción eléctrica","Año III. Número 25","enero de 1908","1908-01-01","Anónimo",NA,NA,NA,NA,NA,"Sí","López Restrepo, Alejandro","Español",NA,"Prosa No Ficción","Notas",NA,NA,1,"39-40"
"Alpha","262","El crepúsculo de los ídolos","Año III. Número 28","abril de 1908","1908-04-01","Altenberg, Peter",NA,"M","Austria","1859","1919","Sí","Anónimo","Español","Alemán","Prosa Ficción",NA,NA,NA,2,"136-137"
"Alpha","266","La historia de Mimi-Nashi-Oishi","Año III. Número 28","abril de 1908","1908-04-01","Hearn, Lafcadio",NA,"M","Grecia","1850","1904","Sí","Anónimo","Español",NA,"Prosa Ficción",NA,NA,NA,8,"142-149"
"Alpha","273","Prolongación de la vida","Año III. Número 28","abril de 1908","1908-04-01","Metcnikoff, Elie de",NA,NA,NA,NA,NA,"Sí","Anónimo","Español","Inglés","Prosa No Ficción","Extractos",NA,NA,4,"160-164"
"Alpha","274","Un nuevo evangelio","Año III. Número 28","abril de 1908","1908-04-01","Anónimo",NA,NA,NA,NA,NA,"Sí","Julio Nicole","Español","Griego","Prosa No Ficción","Extractos",NA,NA,1.5,"164-165"
"Alpha","275","E. Pardo Bazán en París","Año III. Número 28","abril de 1908","1908-04-01","Gómez Carrillo, Enrique",NA,"M","Guatemala","1873","1927","Sí","R.T.","Español","Francés","Prosa No Ficción","Extractos",NA,NA,3,"166-168"
"Alpha","278","Phocas","Año III. Número 29","mayo de 1908","1908-05-01","Gourmont, Remy de",NA,"M","Francia","1858","1915","Sí","Anónimo","Español","Francés","Prosa Ficción",NA,NA,NA,6,"186-191"
"Alpha","282","De Pekin a París","Año III. Número 29","mayo de 1908","1908-05-01","Barzini, Luigi",NA,"M","Italia","1874","1947","Sí","Anónimo","Español","Italiano (La traduccion de Alpha en del ingles pues la toman de la revista Brentanos Book Chat)","Prosa Ficción","Extractos",NA,NA,2.5,"206-208"
"Alpha","287","Vieja barca, viejo batelero","Año III. Número 30","junio de 1908","1908-06-01","Loti, Pierre",NA,"M","Francia","1850","1923","Sí","Pardo, León","Español","Francés","Prosa Ficción",NA,NA,NA,1,"231"
"Alpha","288","De caza…","Año III. Número 30","junio de 1908","1908-06-01","Kipling, Rudyard",NA,"M","Reino Unido","1865","1936","Sí","Anónimo","Español","Inglés","Prosa Ficción","Cuento",NA,NA,9,"232-240"
"Alpha","299","Diálogo entre Harvedio y una sombra","Año III. Número 31","julio de 1908","1908-07-01","Gourmont, Remy de",NA,"M","Francia","1858","1915","Sí","Anónimo","Español","Francés","Prosa Ficción",NA,NA,NA,3,"276-278"
"Alpha","308","El Leon","Año III. Número 32","agosto de 1908","1908-08-01","Hearn, Lafcadio",NA,"M","Grecia","1850","1904","Sí","Anónimo","Español",NA,"Prosa Ficción",NA,NA,NA,2,"311-312"
"Alpha","319","Una visita a Leonardo Da Vinci","Año III. Número 33","septiembre de 1908","1908-09-01","Barrès, Maurice",NA,"M","Francia","1862","1923","Sí","Anónimo","Español","Francés","Prosa Ficción",NA,NA,NA,4.5,"329-333"
"Alpha","327",NA,"Año III. Número 33","septiembre de 1908","1908-09-01","Gourmont, Remy de",NA,"M","Francia","1858","1915","Sí","Alpha","Español","Francés","Prosa No Ficción","Extractos",NA,NA,1,"364-365"
"Alpha","328","La marcha fúnebre de Chopin","Año III. Número 33","septiembre de 1908","1908-09-01","Review of Reviews",NA,NA,NA,NA,NA,"Sí","Anónimo","Español","Inglés","Prosa No Ficción","Extractos",NA,NA,0.5,"365"
"Alpha","329","El culto de Shelley","Año III. Número 33","septiembre de 1908","1908-09-01","Le Temps",NA,NA,NA,NA,NA,"Sí","Anónimo","Español","Francés","Prosa No Ficción","Extractos",NA,NA,1.3,"366-367"
"Alpha","332","Mientras baja el rio","Año III. Número 34","octubre de 1908","1908-10-01","Kipling, Rudyard",NA,"M","Reino Unido","1865","1936","Sí","Anónimo","Español","Inglés","Prosa Ficción",NA,NA,NA,9,"369-377"
"Alpha","336","La intrusa. Drama en un acto","Año III. Número 34","octubre de 1908","1908-10-01","Maeterlinck, Maurice",NA,"M","Bélgica","1862","1949","Sí","Anónimo","Español","Inglés","Teatro","Teatro",NA,NA,15,"387-401"
"Alpha","354","La fuente abandonada","Año IV. Número 37","enero de 1909","1909-01-01","Castro, Eugenio de",NA,"M","Portugal","1869","1944","Sí","Latorre, Gabriel","Español","Portugués","Poesía","Soneto","Restrepo, Saturnino",NA,0.5,"31"
"Alpha","355","La hora perdida","Año IV. Número 37","enero de 1909","1909-01-01","Castro, Eugenio de",NA,"M","Portugal","1869","1944","Sí","Latorre, Gabriel","Español","Portugués","Poesía","Soneto","Restrepo, Saturnino",NA,0.5,"31"
"Alpha","356","Al amor de la lumbre","Año IV. Número 37","enero de 1909","1909-01-01","Castro, Eugenio de",NA,"M","Portugal","1869","1944","Sí","Latorre, Gabriel","Español","Portugués","Poesía","Soneto","Restrepo, Saturnino",NA,0.5,"32"
"Alpha","359","Antigua y nueva caballería","Año IV. Número 37","enero de 1909","1909-01-01","Tumiati, Domenico",NA,"M","Italia","1874","1943","Sí","Anónimo","Español","Italiano","Prosa No Ficción","Extractos",NA,NA,0.8,"40"
"Alpha","360","El clero y la política","Año IV. Número 37","enero de 1909","1909-01-01","D'Orleans, Luis",NA,NA,NA,NA,NA,"Sí","Anónimo","Español","Francés","Prosa No Ficción","Extractos",NA,NA,0.5,"40"
"Alpha","362","Sagramor (fragmento)","Año IV. Número 38","febrero de 1909","1909-02-01","Castro, Eugenio de",NA,"M","Portugal","1869","1944","Sí","López G., Samuel","Español","Portugués","Poesía",NA,NA,NA,2,"50-51"
"Alpha","367","La ciencia de Leonardo Da Vinci","Año IV. Número 38","febrero de 1909","1909-02-01","Gourmont, Remy de",NA,"M","Francia","1858","1915","Sí","Anónimo","Español","Francés","Prosa No Ficción",NA,NA,NA,4,"60-63"
"Alpha","368","La rebelión de Moti Guj","Año IV. Número 38","febrero de 1909","1909-02-01","Kipling, Rudyard",NA,"M","Reino Unido","1865","1936","Sí","Anónimo","Español","Inglés","Prosa Ficción",NA,NA,NA,7,"64-70"
"Alpha","379","Bakawali","Año IV. Número 39","marzo de 1909","1909-03-01","Anónimo",NA,NA,NA,NA,NA,"Sí","Anónimo","Español",NA,"Prosa Ficción",NA,NA,NA,5,"87-91"
"Alpha","381","La ciudad de las esfinges","Año IV. Número 39","marzo de 1909","1909-03-01","Gourmont, Remy de",NA,"M","Francia","1858","1915","Sí","Anónimo","Español","Francés","Prosa Ficción",NA,NA,NA,4,"94-97"
"Alpha","385","La aurora de los esclavos","Año IV. Número 39","marzo de 1909","1909-03-01","Review of Reviews",NA,NA,NA,NA,NA,"Sí","Anónimo","Español","Inglés","Prosa No Ficción","Extractos",NA,NA,2,"124-125"
"Alpha","388","Oración al pan","Año IV. Número 40-41","abril de 1909","1909-04-01","Junqueiro, Guerra",NA,NA,NA,NA,NA,"Sí","Marquina, Eduardo","Español","Portugués","Poesía",NA,NA,NA,4,"178-181"
"Alpha","394","Los moradores del norte polar","Año IV. Número 40-41","abril de 1909","1909-04-01","Rasmussen, Knud",NA,"M","Dinamarca","1879","1933","Sí","Anónimo","Español","Inglés","Prosa No Ficción","Extractos",NA,NA,1.2,"202-203"
"Alpha","399","Epistolario. Añ Sr. E. Mollinert (director de la revistas de Biografía y de Historia","Año IV. Número 42","junio de 1909","1909-06-01","Eça de Queirós, José Maria","Fradiquemendes","M","Portugal","1845","1900","Sí","Anónimo","Español","Portugués","Prosa Ficción",NA,NA,NA,5.3,"212-217"
"Alpha","402","Fuera del palo","Año IV. Número 42","junio de 1909","1909-06-01","Kipling, Rudyard",NA,"M","Reino Unido","1865","1936","Sí","Anónimo","Español","Inglés","Prosa Ficción","Cuento",NA,NA,6,"219-224"
"Alpha","403","Estancias","Año IV. Número 42","junio de 1909","1909-06-01","Moréas, Jean",NA,"M","Grecia","1856","1910","Sí","Jaramillo, Bernardo","Español","Francés","Poesía",NA,NA,NA,1,"225"
"Alpha","409","Las sagas","Año IV. Número 42","junio de 1909","1909-06-01","Lang, Andrew",NA,"M","Reino Unido","1844","1912","Sí","Anónimo","Español","Inglés","Prosa No Ficción","Extractos",NA,NA,3.3,"240-243"
"Alpha","417","El cenáculo de la musa francesa","Año IV. Número 43","julio de 1909","1909-07-01","Anónimo",NA,NA,NA,NA,NA,"Sí","Anónimo","Español","Francés","Prosa No Ficción","Extractos",NA,NA,1.7,"281-282"
"Alpha","419","La índole de la civilización japonesa","Año IV. Número 44-45","agosto y septiembre de 1909","1909-09-01","Hearn, Lafcadio",NA,"M","Grecia","1850","1904","Sí","Anónimo","Español","Griego","Prosa No Ficción",NA,NA,NA,15,"285-299"
"Alpha","427","Epistolario de Fradique Mendes","Año IV. Número 44-45","agosto y septiembre de 1909","1909-09-01","Eça de Queirós, José Maria","Eça de Queiroz","M","Portugal","1845","1900","Sí","Anónimo","Español","Portugués","Prosa Ficción",NA,"Benito de S",NA,7,"322-328"
"Alpha","445","Costumbres de la India (un matrimonio hindú)","Año IV. Número 47","noviembre de 1909","1909-11-01","English Review",NA,NA,NA,NA,NA,"Sí","Anónimo","Español","Inglés","Prosa Ficción",NA,NA,NA,9,"424-432"
"Alpha","449","Maximas de Marmaduke","Año IV. Número 47","noviembre de 1909","1909-11-01","Marmaduke",NA,NA,NA,NA,NA,"Sí","Anónimo","Español","Inglés","Prosa No Ficción","Extractos",NA,NA,1,"440"
"Alpha","453","Tilottama","Año IV. Número 48","diciembre de 1909","1909-12-01","Dvaipayana, Rechi-krishma",NA,"M","India",NA,NA,"Sí","Anónimo","Español",NA,"Prosa Ficción",NA,NA,NA,6,"469-474"
"Alpha","462","Progresos astronómicos del siglo XIX. Los cometas","Año V. Número 49","mayo de 1910","1910-05-01","Smith William, Henry",NA,NA,NA,NA,NA,"Sí","L.E.J.M.","Español","Inglés","Prosa No Ficción",NA,NA,NA,5,"30-34"
"Alpha","464","Los cometas","Año V. Número 49","mayo de 1910","1910-05-01","Anónimo",NA,NA,NA,NA,NA,"Sí","Anónimo","Español","Italiano (no dicen de donde tomán el texto,pero sí mencionan que lo hacen de los períodicos de Milan)","Prosa No Ficción","Notas",NA,NA,4,"37-40"
"Alpha","470","La rosa roja","Año V. Número 50","junio de 1910","1910-06-01","Wilde, Oscar",NA,"M","Irlanda","1854","1900","Sí","Anónimo","Español","Inglés","Prosa Ficción",NA,NA,NA,1.5,"53-54"
"Alpha","471","De Rostand","Año V. Número 50","junio de 1910","1910-06-01","Rostand, Edmond",NA,NA,NA,NA,NA,"Sí","Restrepo Restrepo, Carlos Eugenio","Español","Francés","Poesía",NA,NA,NA,1,"55"
"Alpha","472","El rey y el poeta","Año V. Número 50","junio de 1910","1910-06-01","Ibsen, Henrik","Enrique Ibsen","M","Noruega","1828","1906","Sí","Anónimo","Español",NA,"Poesía",NA,NA,NA,1.5,"56-57"
"Alpha","477","Tres esbozos","Año V. Número 50","junio de 1910","1910-06-01","Turgenev, Ivan","Turgueneff","M","Rusia","1818","1883","Sí","Anónimo","Español","Ruso","Prosa Ficción",NA,NA,NA,5,"67-71"
"Alpha","480","Extractos","Año V. Número 50","junio de 1910","1910-06-01","T. P'ss Weekly",NA,NA,NA,NA,NA,"Sí","Anónimo","Español","Inglés","Prosa No Ficción","Extractos",NA,NA,4,"77-80"
"Alpha","505","El cuarto mago","Año V. Número 56","agosto de 1910","1910-08-01","Cunninghame Graham, Robert Bontie","R.B. Cunninghame Graham","M","Reino Unido","1852","1936","Sí","Anónimo","Español","Inglés","Prosa Ficción",NA,NA,NA,10,"307-316"
"Alpha","522","Los literatos financieros","Año V. Número 57","septiembre de 1910","1910-09-01","Claretie, Jules",NA,"M","Francia","1840","1913","Sí","Anónimo","Español","Francés","Prosa No Ficción","Extractos",NA,NA,5.3,"370-375"
"Alpha","533","La riqueza literaria de Maupassant","Año V. Número 58","octubre de 1910","1910-10-01","Maynial, Édouard",NA,NA,NA,NA,NA,"Sí","Pardo, León","Español","Francés","Prosa No Ficción","Extractos",NA,NA,5.5,"408-413"
"Alpha","536","El vidrieron remendón","Año V. Número 59-60","noviembre y diciembre de 1910","1910-12-01","Baring, Maurice",NA,"M","Reino Unido","1874","1945","Sí","Anónimo","Español","Inglés","Prosa Ficción",NA,NA,NA,13,"417-429"
"Alpha","536","El vidrieron remendón","Año V. Número 59-60","noviembre y diciembre de 1910","1910-12-01","Baring, Maurice",NA,"M","Reino Unido","1874","1945","Sí","Anónimo","Español","Inglés","Prosa Ficción",NA,NA,NA,13,"417-429"
"Alpha","546","De ""Il Peccatto di Maggio""","Año V. Número 59-60","noviembre y diciembre de 1910","1910-12-01","D'Annunzio, Gabriele",NA,"M","Italia","1863","1938","Sí","Velásquez García, José","Español","Italiano","Poesía",NA,"Valencia,Guillermo",NA,1,"485"
"Alpha","560","La salsa de tomates","Año VI. Número 61-62","febrero de 1911","1911-02-01","Ewers, Hanns Heinz",NA,"M","Alemania","1871","1943","Sí","Soto, A.","Español","Alemán","Prosa Ficción",NA,NA,NA,14,"23-36"
"Alpha","563","Estrella extinta","Año VI. Número 61-62","febrero de 1911","1911-02-01","Richepin, Jean",NA,"M","Argelia","1849","1926","Sí","Alpha","Español","Francés","Prosa Ficción",NA,NA,NA,3,"40-43"
"Alpha","564","Poemas en prosa","Año VI. Número 61-62","febrero de 1911","1911-02-01","Gautier, Judith",NA,"F","Francia","1845","1917","Sí","R.B.S.","Español","Francés","Poesía","Poesía",NA,NA,1,"44"
"Alpha","575","Una rosa llevada al cielo","Año VI. Número 63","marzo de 1911","1911-03-01","D'Annunzio, Gabriele",NA,"M","Italia","1863","1938","Sí","Anónimo","Español","Italiano","Prosa Ficción",NA,NA,NA,12,"104-115"
"Alpha","578a","Manifiesto de los pintores futuristas","Año VI. Número 63","marzo de 1911","1911-03-01","Boccioni, Umberto",NA,"M","Italia","1882","1916","Sí","Anónimo","Español","Italiano","Prosa No Ficción","Extractos",NA,NA,3.3,"117-120"
"Alpha","578b","Manifiesto de los pintores futuristas","Año VI. Número 63","marzo de 1911","1911-03-01","Carrà, Carlo",NA,"M","Italia","1881","1966","Sí","Anónimo","Español","Italiano","Prosa No Ficción","Extractos",NA,NA,3.3,"117-120"
"Alpha","578c","Manifiesto de los pintores futuristas","Año VI. Número 63","marzo de 1911","1911-03-01","Russolo, Luigi",NA,NA,NA,NA,NA,"Sí","Anónimo","Español","Italiano","Prosa No Ficción","Extractos",NA,NA,3.3,"117-120"
"Alpha","578d","Manifiesto de los pintores futuristas","Año VI. Número 63","marzo de 1911","1911-03-01","Severini, Gino",NA,"M","Italia","1883","1966","Sí","Anónimo","Español","Italiano","Prosa No Ficción","Extractos",NA,NA,3.3,"117-120"
"Alpha","578e","Manifiesto de los pintores futuristas","Año VI. Número 63","marzo de 1911","1911-03-01","Balla, Giacomo",NA,"M","Italia","1871","1958","Sí","Anónimo","Español","Italiano","Prosa No Ficción","Extractos",NA,NA,3.3,"117-120"
"Alpha","583","Fogazaro ha muerto","Año VI. Número 64","abril de 1911","1911-04-01","Puaux, René",NA,"M","Francia","1878","1937","Sí","Melguizo, Manuel","Español","Francés","Prosa No Ficción",NA,NA,NA,4.5,"140-144"
"Alpha","589a","Venecia futurista","Año VI. Número 64","abril de 1911","1911-04-01","Marinetti, Filippo Tommaso",NA,"M","Italia","1876","1944","Sí","Anónimo","Español","Italiano","Prosa Ficción","Extractos",NA,NA,0.7,"159"
"Alpha","589b","Venecia futurista","Año VI. Número 64","abril de 1911","1911-04-01","Buzzi, Paolo",NA,"M","Italia","1874","1956","Sí","Anónimo","Español","Italiano","Prosa Ficción","Extractos",NA,NA,0.7,"159"
"Alpha","589c","Venecia futurista","Año VI. Número 64","abril de 1911","1911-04-01","Palazzeschi, Aldo",NA,"M","Italia","1885","1974","Sí","Anónimo","Español","Italiano","Prosa Ficción","Extractos",NA,NA,0.7,"159"
"Alpha","589d","Venecia futurista","Año VI. Número 64","abril de 1911","1911-04-01","Cavacchioli, Enrico",NA,"M","Italia","1885","1954","Sí","Anónimo","Español","Italiano","Prosa Ficción","Extractos",NA,NA,0.7,"159"
"Alpha","589e","Venecia futurista","Año VI. Número 64","abril de 1911","1911-04-01","Mazza, Armando",NA,"M","Italia","1884","1946","Sí","Anónimo","Español","Italiano","Prosa Ficción","Extractos",NA,NA,0.7,"159"
"Alpha","589f","Venecia futurista","Año VI. Número 64","abril de 1911","1911-04-01","Altomare, Libero",NA,"M","Italia","1883","1942","Sí","Anónimo","Español","Italiano","Prosa Ficción","Extractos",NA,NA,0.7,"159"
"Alpha","589g","Venecia futurista","Año VI. Número 64","abril de 1911","1911-04-01","Folgore, Luciano",NA,"M","Italia","1888","1966","Sí","Anónimo","Español","Italiano","Prosa Ficción","Extractos",NA,NA,0.7,"159"
"Alpha","589h","Venecia futurista","Año VI. Número 64","abril de 1911","1911-04-01","Carrieri, Giuseppe",NA,"M","Italia","1886","1968","Sí","Anónimo","Español","Italiano","Prosa Ficción","Extractos",NA,NA,0.7,"159"
"Alpha","597","Pierrot","Año VI. Número 65-66","junio de 1911","1911-06-01","Verlaine, Paul",NA,"M","Francia","1844","1896","Sí","González Martínez, Enrique","Español","Francés","Poesía","Poesía",NA,NA,1,"191"
"Alpha","624","Economía industrial. El rol económico y social del ingeniero","Año VI. Número 69-70","septiembre de 1911","1911-09-01","Bellom, Maurice M.",NA,"M","Francia","1865","1919","Sí","López Restrepo, Alejandro","Español","Francés","Prosa No Ficción",NA,NA,NA,22,"367-387"
"Alpha","639","Una raza que desaparece","Año VI. Número 71-72","diciembre de 1911","1911-12-01","Hawthorne, Nathaniel","Julian Hawthorne","M","Estados Unidos","1804","1864","Sí","Anónimo","Español","Inglés","Prosa No Ficción",NA,NA,NA,8,"448-455"
"Alpha","641","Cruz y raya","Año VI. Número 71-72","diciembre de 1911","1911-12-01","Albert, Caterina","Víctor Català","F","España","1869","1966","Sí","Anónimo","Español","Catalán","Prosa Ficción","Cuento",NA,NA,8,"460-467"
"Alpha","649","Economía industrial. El gerente","Año VII. Número 73","enero de 1912","1912-01-01","Burton, Francis",NA,"M","Reino Unido","1821","1890","Sí","López Restrepo, Alejandro","Español","Inglés","Prosa No Ficción",NA,NA,NA,9.3,"6-15"
"Alpha","654","Lo que piensan los rusos","Año VII. Número 73","enero de 1912","1912-01-01","Reynolds, Rothay",NA,"M","Reino Unido","1872","1940","Sí","Anónimo","Español","Inglés","Prosa No Ficción","Extractos",NA,NA,2,"39-40"
"Alpha","658","Oración a la primavera","Año VII. Número 74","febrero de 1912","1912-02-01","Prudhomme, Sully",NA,"M","Francia","1839","1907","Sí","Cano Gutiérrez, Fidel","Español","Francés","Poesía","Poesía",NA,NA,1,"51"
"Alpha","674","Los dos niños","Año VII. Número 75-76","agosto de 1912","1912-08-01","Pascoli, Giovanni",NA,"M","Italia","1855","1912","Sí","Valencia, Guillermo","Español","Italiano","Poesía","Poesía",NA,NA,2,"139-140"
"Alpha","688","La enfermedad de Mauppassant. Extracto","Año VII. Número 77-78","septiembre de 1912","1912-09-01","Maynial, Édouard",NA,NA,NA,NA,NA,"Sí","Pardo, León","Español","Francés","Prosa No Ficción",NA,NA,NA,28.5,"161-189"
"Alpha","707","Unos y otras. Comedio de un acto y en verso","Año VII. Número 79-80","octubre de 1912","1912-10-01","Verlaine, Paul",NA,"M","Francia","1844","1896","Sí","Restrepo Restrepo, Antonio María","Español","Francés","Teatro",NA,NA,NA,23.5,"258-281"
"Alpha","709","La infiel","Año VII. Número 79-80","octubre de 1912","1912-10-01","Maeterlinck, Maurice",NA,"M","Bélgica","1862","1949","Sí","Betancourt, José Luis","Español",NA,"Poesía","Poesía",NA,NA,1,"293"
"Alpha","715","Oscar Wilde","Año VII. Número 79-80","octubre de 1912","1912-10-01","Claretie, Jules","Jules Clarette","M","Francia","1840","1913","Sí","Anónimo","Español","Francés","Prosa No Ficción","comentario crítico",NA,NA,6,"313-318"
"Alpha","727","Despedida de Héctor y Dean en la Iliada","Año VII. Número 81-82","noviembre de 1912","1912-11-01","Faguet, Émile",NA,"M","Francia","1847","1916","Sí","Anónimo","Español","Francés","Prosa Ficción",NA,NA,NA,8.5,"389-397"
"Alpha","737","Víctor Hugo. El Sembrado","Año VII. Número 83-84","diciembre de 1912","1912-12-01","Faguet, Émile",NA,"M","Francia","1847","1916","Sí","Anónimo","Español","Francés","Prosa No Ficción",NA,NA,NA,5,"427-433"
"Alpha","739","El sembrador","Año VII. Número 83-84","diciembre de 1912","1912-12-01","Hugo, Victor",NA,"M","Francia","1802","1885","Sí","Cano, Antonio José","Español","Francés","Poesía","Poesía",NA,NA,0.5,"428"
"Alpha","741","Los pordioseros","Año VII. Número 83-84","diciembre de 1912","1912-12-01","Junqueiro, Guerra",NA,NA,NA,NA,NA,"Sí","Marquina, Eduardo","Español","Portugués","Poesía","Poesía",NA,NA,2,"439-440"
"Alpha","742","Diálogo a la puesta del sol","Año VII. Número 83-84","diciembre de 1912","1912-12-01","Louÿs, Pierre",NA,"M","Francia","1870","1925","Sí","Anónimo","Español","Francés","Prosa Ficción",NA,NA,NA,5,"441-445"
"Athenea","7","Una lágrima","1",NA,"1927-04-01","Amiel, Henri-Frédéric","Amiel","M","Suiza","1821","1881","Sí","Anónimo","Español","Francés","Prosa No Ficción",NA,NA,NA,0.2,"3"
"Athenea","28","La mujer y los deportes","1",NA,"1927-04-01","Folleett Jameson, Helen","Madame Quivive",NA,NA,NA,NA,"Sí","Anónimo","Español","Inglés","Prosa No Ficción",NA,NA,NA,0.7,"13"
"Athenea","29","La oracion del amor","1",NA,"1927-04-01","Rusiñol, Santiago",NA,"M","España","1861","1931","Sí","Anónimo","Español","Catalán","Prosa Ficción",NA,NA,NA,0.3,"13"
"Athenea","74","Motivos (Oración para que un niño no se muera)","3",NA,"1927-06-01","Jammes, Francis",NA,"M","Francia","1868","1938","Sí","Anónimo","Español","Francés","Poesía","Motivos",NA,NA,0.1,"40"
"Athenea","74","Motivos (La lámpara)","3",NA,"1927-06-01","Fort, Paul",NA,"M","Francia","1872","1960","Sí","Anónimo","Español","Francés","Prosa Ficción","Motivos",NA,NA,0.1,"40"
"Athenea","81","El pavo real y la grulla","3",NA,"1927-06-01","Esopo",NA,"M","Grecia","600","501","Sí","Anónimo","Español","Griego","Prosa Ficción","Cuento corto",NA,NA,0.2,"44"
"Athenea","82","Página de los niños. Carta a los niños","3",NA,"1927-06-01","Lovell, Mary Frances","Lovell, María F.","F","Reino Unido","1844","1932","Sí","Anónimo","Español","Inglés","Prosa No Ficción","Carta",NA,NA,0.6,"45"
"Athenea","103","Página de los niños.","4",NA,"1927-06-15","Lovell, Mary Frances","Lovell, María F.","F","Reino Unido","1844","1932","Sí","Anónimo","Español","Inglés","Prosa No Ficción","Carta",NA,NA,0.5,"60"
"Athenea","116","Página de los niños. Doce lecciones para enseñar a los niños compasión a los animales","5",NA,"1927-07-01","Angell, George Thorndike",NA,"M","Estados Unidos","1823","1909","Sí","Anónimo","Español","Inglés","Prosa Ficción",NA,NA,NA,0.6,"71"
"Athenea","136",NA,"6",NA,"1927-07-15","Dupin de Dudevant, Amantine-Aurore-Lucile","George Sand","F","Francia","1804","1876","Sí","Anónimo","Español","Francés","Prosa No Ficción",NA,NA,NA,0.1,"85"
"Athenea","136",NA,"6",NA,"1927-07-15","L'Enclos, Anne de","de Lenclos, Ninon","F","Francia","1620","1705","Sí","Anónimo","Español","Francés","Prosa No Ficción",NA,NA,NA,0.1,"85"
"Athenea","148",NA,"6",NA,"1927-07-15","Agustín","San Agustín","M","Argelia","396","430","Sí","Anónimo","Español","Latín","Prosa No Ficción",NA,NA,NA,0.1,"95"
"Athenea","168",NA,"8",NA,"1927-09-01","Clapiers, Luc de","Vauvenargues","M","Francia","1715","1747","Sí","Anónimo","Español","Francés","Prosa No Ficción",NA,NA,NA,0.4,"125"
"Athenea","188","Mi retrato","9",NA,"1927-10-01","Fort, Paul",NA,"M","Francia","1872","1960","Sí","Anónimo","Español","Francés","Poesía",NA,NA,NA,0.4,"137"
"Athenea","189","Filomela","9",NA,"1927-10-01","Fort, Paul",NA,"M","Francia","1872","1960","Sí","Anónimo","Español","Francés","Poesía",NA,NA,NA,0.2,"137"
"Athenea","190","La zagala que ha muerto enamorada","9",NA,"1927-10-01","Fort, Paul",NA,"M","Francia","1872","1960","Sí","Anónimo","Español","Francés","Poesía",NA,NA,NA,0.2,"137"
"Athenea","203","Una Escritora Profesora de Belleza","10",NA,"1927-11-01","Anónimo",NA,NA,NA,NA,NA,"Sí","Anónimo","Español",NA,"Prosa No Ficción",NA,NA,NA,0.9,"147"
"Athenea","212","Poemas de ""La ofrenda lírica"". Ya es hora…","10",NA,"1927-11-01","Tagore, Rabindranath",NA,"M","India","1861","1941","Sí","Anónimo","Español","Bengalí, inglés","Poesía","Poema",NA,NA,0.1,"154"
"Athenea","212","Poemas de ""La ofrenda lírica"". Tu me has hecho, Señor, interminable","10",NA,"1927-11-01","Tagore, Rabindranath",NA,"M","India","1861","1941","Sí","Anónimo","Español","Bengalí, inglés","Poesía","Poema",NA,NA,0.3,"154"
"Athenea","212","Poemas de ""La ofrenda lírica"". En la suave pendiente del río desolado","10",NA,"1927-11-01","Tagore, Rabindranath",NA,"M","India","1861","1941","Sí","Anónimo","Español","Bengalí, inglés","Poesía","Poema",NA,NA,0.4,"154"
"Athenea","230",NA,"11",NA,"1927-12-01","Ovidio",NA,"M","Italia","43BC","17 AD","Sí","Anónimo","Español","Latín","Prosa No Ficción",NA,NA,NA,0.1,"171"
"Athenea","246","Nuevo amor","12",NA,"1928-01-01","Pereira Teixeira de Vasconcelos, Joaquim","Teixeira de Pascoaes","M","Portugal","1877","1952","Sí","Anónimo","Español","Portugués","Poesía",NA,NA,NA,0.2,"181"
"Athenea","248","La prenda","12",NA,"1928-01-01","Lowell, Amy",NA,"F","Estados Unidos","1874","1925","Sí","Anónimo","Español","Inglés","Poesía",NA,NA,NA,0.2,"182"
"Athenea","254","Poemas (Nocturno)","12",NA,"1928-01-01","Maseras, Alfonso",NA,"M","España","1884","1939","Sí","Anónimo","Español","Catalán","Poesía","Poema",NA,NA,0.3,"186"
"Athenea","254","Poemas (Durmiose el mar)","12",NA,"1928-01-01","Maseras, Alfonso",NA,"M","España","1884","1939","Sí","Anónimo","Español","Catalán","Poesía","Poema",NA,NA,0.5,"186"
"Athenea","256","Pensamientos","12",NA,"1928-01-01","Rieux, Fanny-Adèle de","Madame de Rieux","F","Francia","1854","1929","Sí","Anónimo","Español","Francés","Prosa Ficción",NA,NA,NA,0.1,"187"
"La Bohemia Alegre","86","El coro de los tipos","9"," enero de 1897","1897-01-01","Vacquerie, Auguste",NA,"M","Francia","1819","1895","Sí","Cano Gutiérrez, Fidel","Español","Francés","Poesía","Poema",NA,NA,1.3,"198-199"
"La Bohemia Alegre","101","La señorita Alegría","10"," febrero de 1897","1897-02-01","Murger, Henry",NA,"M","Francia","1822","1861","Sí","Anónimo","Español","Francés","Prosa Ficción",NA,NA,NA,5,"236-241"
"La Buena Lectura","7","Traqueotomia","1","octubre1 de 1910","1910-10-01","Loiseau, G.","Doctor G. Loiseau",NA,NA,NA,NA,"Sí","Anónimo","Español",NA,"Prosa No Ficción","Variedades",NA,NA,3,"7-9"
"La Buena Lectura","36","Berta","4","noviembre 15 de 1910","1910-11-15","Van Tricht, Victor","Van Tricht, P. Victor","M","Bélgica","1842","1897","Sí","Anónimo","Español","Francés","Prosa Ficción","Variedades",NA,NA,5.5,"72-77"
"La Buena Lectura","42","Los Zapatitos Azules","4","noviembre 15 de 1910","1910-11-15","Ligerot, Marguerite","Dombre, Roger","F","Francia","1859","1914","Sí","Anónimo","Español","Francés","Prosa Ficción","Variedades",NA,NA,1.8,"86-87"
"La Buena Lectura","51","Honradez Militar","5","diciembre 1 de 1910","1910-12-01","Richepin, Jean","Richepin, Juan","M","Argelia","1849","1926","Sí","Anónimo","Español","Francés","Prosa Ficción","Variedades",NA,NA,1.8,"109-110"
"La Buena Lectura","56","Regalo de Navidad","6","15 de diciembre de 1910","1910-12-15","Richepin, Jean","Richepin, Juan","M","Argelia","1849","1926","Sí","Anónimo","Español","Francés","Prosa Ficción","Variedades",NA,NA,2.8,"122-124"
"La Buena Lectura","57","Luis de Oro","6","15 de dicembre de 1910","1910-12-15","Coppée, François",NA,"M","Francia","1842","1908","Sí","Anónimo","Español","Francés","Prosa Ficción","Variedades",NA,NA,2.7,"124-127"
"La Buena Lectura","58","Navidad de Plata","6","15 de diciembre de 1910","1910-12-15","Bertot, Jean","Juan Bertot","M","Francia","1856",NA,"Sí","Anónimo","Español","Francés","Prosa Ficción","Variedades",NA,NA,3.8,"127-130"
"La Buena Lectura","62","A Jesús Recién Nacido","6","15 de diciembre de 1910","1910-12-15","Ligouri, Alfonso Maria de","San Alfonso de Ligoro","M","Italia","1697","1787","Sí","Vinuesa, L. M.","Español","Italiano","Poesía","Variedades",NA,NA,1,"134"
"La Buena Lectura","69","Dos Cartas. La Calle","8","1 de febrero de 1911","1911-02-01","Amicis, Edmondo de","Tu padre",NA,NA,NA,NA,"Sí","Anónimo","Español","Italiano","Prosa Ficción","Variedades",NA,NA,1,"172"
"La Buena Lectura","70","Dos Cartas. Los Pobres","8","1 de febrero de 1911","1911-02-01","Amicis, Edmondo de","Tu madre",NA,NA,NA,NA,"Sí","Anónimo","Español","Italiano","Prosa Ficción","Variedades",NA,NA,1.3,"172-173"
"La Buena Lectura","76","En el Bosque","8","1 de febrero de 1911","1911-02-01","Lavedan, Henri","Laredau, Enrique","M","Francia","1859","1940","Sí","Anónimo","Español","Francés","Prosa Ficción","Variedades",NA,NA,4.5,"182-185"
"La Buena Lectura","90","El Detective","10","1 de marzo de 1911","1911-03-01","Renaud, Jean Joseph","Renaud, J. Joseph","M","Francia","1873","1953","Sí","Anónimo","Español","Francés","Prosa Ficción","Variedades",NA,NA,2.5,"220-222"
"La Buena Lectura","94","León El Negrito","10","1 de marzo de 1911","1911-03-01","Bouhours, FL.",NA,"M","Francia",NA,NA,"Sí","Anónimo","Español","Francés","Prosa Ficción","Variedades",NA,NA,2.8,"227-229"
"La Buena Lectura","95","Es Asesino","10","1 de marzo de 1911","1911-03-01","Mendès, Catulle",NA,"M","Francia","1841","1909","Sí","Anónimo","Español","Francés","Prosa Ficción","Variedades",NA,NA,3.8,"229-231"
"La Buena Lectura","96","La Buena Noticia","10","1 de marzo de 1911","1911-03-01","Bazin, René",NA,"M","Francia","1853","1932","Sí","Anónimo","Español","Francés","Prosa Ficción","Variedades",NA,NA,1.8,"231-233"
"La Buena Lectura","107","Un héore y una Heroína","11","15 de marzo de 1911","1911-03-15","Anónimo",NA,NA,NA,NA,NA,"Sí","Anónimo","Español",NA,"Prosa No Ficción","Variedades",NA,NA,0.5,"248"
"La Buena Lectura","112","Los Tres Ladrones","11","15 de marzo de 1911","1911-03-15","Tolstói, Lev Nikoláievich","León Tolstoi","M","Rusia","1828","1910","Sí","Anónimo","Español","Ruso","Prosa Ficción","Variedades",NA,NA,1,"253-254"
"La Buena Lectura","115","Un Día de Lluvía en China","11","15 de marzo de 1911","1911-03-15","Anónimo",NA,NA,NA,NA,NA,"Sí","Anónimo","Español","Inglés","Prosa Ficción","Variedades",NA,NA,2,"257-259"
"La Buena Lectura","123","El Premio de la Dulzura","12","1 de abril de 1911","1911-04-01","Fourrière, Eugène","Fourrier, Eugenio","M","Francia","1835","1917","Sí","Anónimo","Español","Francés","Prosa Ficción","Variedades",NA,NA,1.5,"272-273"
"La Buena Lectura","124","El Guardabosque de la granja","12","1 de abril de 1911","1911-04-01","Maupassant, Guy de",NA,"M","Francia","1850","1893","Sí","Anónimo","Español","Francés","Prosa Ficción","Variedades",NA,NA,2.8,"274-276"
"La Buena Lectura","131","El Testigo","13","15 de abril de 1911","1911-04-15","Haraucourt, Edmond","Haraucourt, Edmundo","M","Francia","1856","1941","Sí","Anónimo","Español","Francés","Prosa Ficción","Variedades",NA,NA,2.4,"289-291"
"La Buena Lectura","133","La Risa de la Jóven","13","15 de abril de 1911","1911-04-15","Mendès, Catulle",NA,"M","Francia","1841","1909","Sí","Anónimo","Español","Francés","Prosa Ficción","Variedades",NA,NA,0.5,"295"
"La Buena Lectura","135a","La Sortija","13","15 de abril de 1911","1911-04-15","Boëx, Joseph-Henry-Honoré","J. H. Rosny",NA,NA,NA,NA,"Sí","Anónimo","Español","Francés","Prosa Ficción","Variedades",NA,NA,2,"297-298"
"La Buena Lectura","135b","La Sortija","13","15 de abril de 1911","1911-04-15","Boëx, Séraphin-Justin-François","J. H. Rosny",NA,NA,NA,NA,"Sí","Anónimo","Español","Francés","Prosa Ficción","Variedades",NA,NA,2,"297-298"
"La Buena Lectura","145","El tesoro de los pobres","14","1 de mayo de 1911","1911-05-01","Richepin, Jean",NA,"M","Argelia","1849","1926","Sí","Anónimo","Español","Francés","Prosa Ficción","Variedades",NA,NA,2,"319-320"
"La Buena Lectura","161","No Quiso Llegar a Vieja","15","15 de mayo de 1911","1911-05-15","Patrik, John","J. Patrik",NA,NA,NA,NA,"Sí","Anónimo","Español",NA,"Prosa Ficción","Variedades",NA,NA,1.6,"345-346"
"La Buena Lectura","162","La Envidia","15","15 de mayo de 1911","1911-05-15","Daudet, Alphonse",NA,"M","Francia","1840","1897","Sí","Anónimo","Español","Francés","Prosa Ficción","Variedades",NA,NA,0.5,"346"
"La Buena Lectura","179","Los Niños","17","15 de julio de 1911","1911-07-15","Esparbès, Georges d'","Esparbes, Georges de","M","Francia","1863","1944","Sí","Anónimo","Español","Francés","Prosa Ficción","Variedades",NA,NA,2.5,"386-388"
"La Buena Lectura","184","Él y Ella","17","15 de junio de 1911","1911-06-15","Jolicler, Étienne","Jolicler, Esteban","M","Francia","1867","1919","Sí","Anónimo","Español","Francés","Prosa Ficción","Variedades",NA,NA,1.5,"395-396"
"La Buena Lectura","190","El Ave María","18","1 de agosto de 1911","1911-08-01","Peltier, Paul",NA,"M","Francia",NA,NA,"Sí","Anónimo","Español","Francés","Prosa Ficción","Variedades",NA,NA,1.8,"410-412"
"La Buena Lectura","222","La Estatua Velada de Sais","20","1 de septiembre de 1911","1911-09-01","Schiller, Friedrich",NA,"M","Alemania","1759","1805","Sí","Anónimo","Español","Alemán","Prosa Ficción","Variedades",NA,NA,1,"470"
"La Buena Lectura","227","Sor Blanca","21","15 de septiembre de 1911","1911-09-15","Fischer, Léopold de","Leop Fischer",NA,NA,NA,NA,"Sí","Anónimo","Español","Francés","Prosa Ficción","Variedades",NA,NA,4,"481-485"
"La Buena Lectura","233","El Mendigo","21","15 de septiembre de 1911","1911-09-15","Level, Maurice","Level, Mauricio","M","Francia","1875","1926","Sí","Anónimo","Español","Francés","Prosa Ficción","Variedades",NA,NA,1.8,"491-492"
"La Buena Lectura","242","El campanero","22","1 de octubre de 1911","1911-10-01","Level, Maurice","Level, Mauricio","M","Francia","1875","1926","Sí","Anónimo","Español","Francés","Prosa Ficción","Buenas lecturas",NA,NA,2.5,"504-506"
"La Buena Lectura","248","Muerte de Danton","22","1 de octubre de 1911","1911-10-01","Houssaye, Arséne","Houssaye, Arsenio","M","Francia","1815","1896","Sí","Anónimo","Español","Francés","Prosa Ficción","Variedades",NA,NA,1,"518"
"La Buena Lectura","249","Sor Blanca","22","1 de octubre de 1911","1911-10-01","Fischer, Léopold de","Leop Fischer",NA,NA,NA,NA,"Sí","Anónimo","Español","Francés","Prosa Ficción","Variedades",NA,NA,0.8,"518-519"
"La Buena Lectura","254","Recuerdo de Alejandrina","23","15 de octubre de 1911","1911-10-15","Van Tricht, Victor","Van Tricht, P. Victor","M","Bélgica","1842","1897","Sí","Anónimo","Español","Francés","Prosa Ficción","Variedades",NA,NA,0.8,"528"
"La Buena Lectura","255","Sor Blanca","23","15 de octubre de 1911","1911-10-15","Fischer, Léopold de","Leop Fischer",NA,NA,NA,NA,"Sí","Anónimo","Español","Francés","Prosa Ficción","Variedades",NA,NA,1.8,"529-530"
"La Buena Lectura","258","BUM-BUM","23","15 de octubre de 1911","1911-10-15","Claretie, Jules",NA,"M","Francia","1840","1913","Sí","Anónimo","Español","Francés","Prosa Ficción","Sección Infantil",NA,NA,3.5,"532-535"
"La Buena Lectura","264","Sor Blanca","24","1 de noviembre de 1911","1911-11-01","Fischer, Léopold de","Leop Fischer",NA,NA,NA,NA,"Sí","Anónimo","Español","Francés","Prosa Ficción","Variedades",NA,NA,2,"546-548"
"La Buena Lectura","266","Bonito Negocio","24","1 de noviembre de 1911","1911-11-01","Fourrière, Eugène","Fourrier, Eugenio","M","Francia","1835","1917","Sí","Anónimo","Español","Francés","Poesía","Variedades",NA,NA,1.8,"550-551"
"La Buena Lectura","274","Sor Blanca","25","15 de noviembre d e1911","1911-11-15","Fischer, Léopold de","Leop Fischer",NA,NA,NA,NA,"Sí","Anónimo","Español","Francés","Prosa Ficción","Variedades",NA,NA,4,"571-575"
"La Buena Lectura","282","La Leyenda de San Vinol","26","1 de dicembre de 1911","1911-12-01","Féval, Paul",NA,"M","Francia","1816","1887","Sí","Anónimo","Español","Francés","Prosa Ficción","Variedades",NA,NA,1,"597-598"
"La Buena Lectura","283","El Secreto del Molinero Cornille","26","1 de dicembre de 1911","1911-12-01","Daudet, Alphonse",NA,"M","Francia","1840","1897","Sí","Anónimo","Español","Francés","Prosa Ficción","Variedades",NA,NA,3,"600-603"
"La Buena Lectura","285","Sor Blanca","26","1 de dicembre de 1911","1911-12-01","Fischer, Léopold de","Leop Fischer",NA,NA,NA,NA,"Sí","Anónimo","Español","Francés","Prosa Ficción","Variedades",NA,NA,3,"604-607"
"La Buena Lectura","290","El Abanderado","27","15 de diciembre de 1911","1911-12-15","Daudet, Alphonse",NA,"M","Francia","1840","1897","Sí","Anónimo","Español","Francés","Prosa Ficción","Variedades",NA,NA,3.8,"618-621"
"La Buena Lectura","291","El Camino de Roslandia","27","15 de diciembre de 1911","1911-12-15","Bordeaux, Henry",NA,"M","Francia","1879","1963","Sí","Anónimo","Español","Francés","Prosa Ficción","Variedades",NA,NA,4.5,"621-625"
"La Buena Lectura","293","Sor Blanca","27","15 de diciembre de 1911","1911-12-15","Fischer, Léopold de","Leop Fischer",NA,NA,NA,NA,"Sí","Anónimo","Español","Francés","Prosa Ficción","Variedades",NA,NA,3.7,"627-629"
"La Buena Lectura","295","Los Saltimbaquis","27","15 de diciembre 1911","1911-12-15","France, Anatole","Anatolio France","M","Francia","1844","1924","Sí","Anónimo","Español","Francés","Prosa Ficción","Variedades",NA,NA,2.5,"631-633"
"La Buena Lectura","301","La Cletpomanía","28","15 de enero de 1912","1912-01-15","Louÿs, Pierre","Pierre Lyons","M","Francia","1870","1925","Sí","Anónimo","Español","Francés","Prosa No Ficción","Variedades",NA,NA,1.8,"642-644"
"La Buena Lectura","304","El Teléfono","28","15 de enero de 1912","1912-01-15","Foleÿ, Charles","Carlos Foley","M","Francia","1861","1956","Sí","Anónimo","Español","Francés","Prosa Ficción","Variedades",NA,NA,2.3,"647-649"
"La Buena Lectura","327","La Iniciadora de los Congresos Eucaristícos Internacionales","30","15 de febrero de 1912","1912-02-15","Labre, Benoît-Joseph","Labre, Benito José","M","Francia","1748","1783","Sí","Anónimo","Español","Francés","Prosa No Ficción","Variedades",NA,NA,0.8,"696"
"Caminos. Revista Quincenal de Letras","3","Las montañas","1","1 de febrero de 1922","1922-02-01","Maragall, Juan","Maragall, Joan","M","España","1860","1911","Sí","Maseras, Alfonso","Español","Catalán","Poesía","Poesía",NA,NA,1.7,"6-7"
"Caminos. Revista Quincenal de Letras","7","Poemas: El Trigo","1","1 de febrero de 1922","1922-02-01","Smith, Logan Pearsall",NA,"M","Estados Unidos","1865","1946","Sí","Anónimo","Español","Inglés","Poesía","Poesía",NA,NA,1,"14-15"
"Caminos. Revista Quincenal de Letras","8","Poemas: Cuestiones complejas","1","1 de febrero de 1922","1922-02-01","Smith, Logan Pearsall",NA,"M","Estados Unidos","1865","1946","Sí","Anónimo","Español","Inglés","Poesía","Poesía",NA,NA,0.4,"15"
"Caminos. Revista Quincenal de Letras","9","Poemas: Bligh Haus","1","1 de febrero de 1922","1922-02-01","Smith, Logan Pearsall",NA,"M","Estados Unidos","1865","1946","Sí","Anónimo","Español","Inglés","Poesía","Poesía",NA,NA,0.5,"15-16"
"Caminos. Revista Quincenal de Letras","10","Poemas: Mi buen amigo","1","1 de febrero de 1922","1922-02-01","Smith, Logan Pearsall",NA,"M","Estados Unidos","1865","1946","Sí","Anónimo","Español","Inglés","Poesía","Poesía",NA,NA,0.8,"16"
"Caminos. Revista Quincenal de Letras","25","Glosario: Palabras fuertes","2","15 de febrero de 1922","1922-02-15","D'Ors, Eugenio",NA,"M","España","1881","1954","Sí","Anónimo","Español","Catalán","Prosa No Ficción",NA,NA,NA,1,"33"
"Caminos. Revista Quincenal de Letras","26","Glosario: El “Undesirable”","2","15 de febrero de 1922","1922-02-15","D'Ors, Eugenio",NA,"M","España","1881","1954","Sí","Anónimo","Español","Catalán","Prosa No Ficción",NA,NA,NA,0.7,"34"
"Caminos. Revista Quincenal de Letras","27","Glosario: Tagore y las infusiones","2","15 de febrero de 1922","1922-02-15","D'Ors, Eugenio",NA,"M","España","1881","1954","Sí","Anónimo","Español","Catalán","Prosa No Ficción",NA,NA,NA,1,"34-35"
"Caminos. Revista Quincenal de Letras","34","Canción de calles","2","15 de febrero de 1922","1922-02-15","Münchhausen, Börries von",NA,"M","Alemania","1874","1945","Sí","Anónimo","Español","Alemán","Poesía",NA,NA,NA,0.5,"47"
"Caminos. Revista Quincenal de Letras","35","Revuelta campesina","2","15 de febrero de 1922","1922-02-15","Münchhausen, Börries von",NA,"M","Alemania","1874","1945","Sí","Anónimo","Español","Alemán","Poesía",NA,NA,NA,0.5,"47"
"Caminos. Revista Quincenal de Letras","36","La Condesita de Montbijou","2","15 de febrero de 1922","1922-02-15","Münchhausen, Börries von",NA,"M","Alemania","1874","1945","Sí","Anónimo","Español","Alemán","Poesía",NA,NA,NA,0.7,"48"
"Caminos. Revista Quincenal de Letras","37","La isla de los Bienaventurados","2","15 de febrero de 1922","1922-02-15","Becher, Johannes Robert","Becher, Johannes R.","M","Alemania","1891","1958","Sí","Anónimo","Español","Alemán","Poesía",NA,NA,NA,0.8,"48-49"
"Caminos. Revista Quincenal de Letras","37","La isla de los Bienaventurados","2","15 de febrero de 1922","1922-02-15","Becher, Johannes Robert","Becher, Johannes R.","M","Alemania","1891","1958","Sí","Anónimo","Español","Alemán","Poesía",NA,NA,NA,0.8,"48-49"
"Caminos. Revista Quincenal de Letras","38","Oda a una ametralladora","2","15 de febrero de 1922","1922-02-15","Becher, Johannes Robert","Becher, Johannes R.","M","Alemania","1891","1958","Sí","Anónimo","Español","Alemán","Poesía",NA,NA,NA,0.5,"49"
"Caminos. Revista Quincenal de Letras","38","Oda a una ametralladora","2","15 de febrero de 1922","1922-02-15","Becher, Johannes Robert","Becher, Johannes R.","M","Alemania","1891","1958","Sí","Anónimo","Español","Alemán","Poesía",NA,NA,NA,0.5,"49"
"Caminos. Revista Quincenal de Letras","71","Los autores modernos quieren “sentir antes que comprender”","3","1 de marzo de 1922","1922-03-01","Epstein, Jean",NA,"M","Francia","1897","1953","Sí","Caminos","Español","Francés","Prosa No Ficción",NA,NA,NA,1.5,"79-80"
"Caminos. Revista Quincenal de Letras","115","Dostoyevski","5","1 de abril de 1922","1922-04-01","Gide, André",NA,"M","Francia","1869","1951","Sí","Caminos","Español","Francés","Prosa No Ficción",NA,NA,NA,3.4,"127-130"
"Cántico","45","Leyenda del amor y de la muerte del abanderado Cristóbal Rilke","Año I, 4","1944","1944-01-01","Rilke, Rainer María",NA,"M","Alemania","1875","1926","Sí","González Fernández, Alberto","Español","Alemán","Poesía","Poema",NA,NA,21,"75-95"
"Cántico","59","El cementerio marino","Año I, 6","1945","1945-01-01","Valéry, Paul",NA,"M","Francia","1871","1945","Sí","Rojas, Jorge","Español","Francés","Poesía","Poema",NA,NA,5,"123-127"
"Cántico","60","Los pasos","Año I, 6","1945","1945-01-01","Valéry, Paul",NA,"M","Francia","1871","1945","Sí","Holguín, Andrés","Español","Francés","Poesía","Poema",NA,NA,1,"128"
"Cántico","61","Helena","Año I, 6","1945","1945-01-01","Valéry, Paul",NA,"M","Francia","1871","1945","Sí","López Narváez, Carlos","Español","Francés","Poesía","Poema",NA,NA,1,"129"
"Cántico","62","Encantamiento","Año I, 6","1945","1945-01-01","Valéry, Paul",NA,"M","Francia","1871","1945","Sí","López Narváez, Carlos","Español","Francés","Poesía","Poema",NA,NA,1,"130"
"Cántico","63","Alba","Año I, 6","1945","1945-01-01","Valéry, Paul",NA,"M","Francia","1871","1945","Sí","Anónimo","Español","Francés","Poesía","Poema",NA,NA,1,"131"
"Cántico","64","La durmiente","Año I, 6","1945","1945-01-01","Valéry, Paul",NA,"M","Francia","1871","1945","Sí","Holguín, Andrés","Español","Francés","Poesía","Poema",NA,NA,1,"132"
"Cántico","65","El bosque amistoso","Año I, 6","1945","1945-01-01","Valéry, Paul",NA,"M","Francia","1871","1945","Sí","Lozano, Rafael","Español","Francés","Poesía","Poema",NA,NA,1,"133"
"Cántico","66","Fragmento (único) del Primer Narciso","Año I, 6","1945","1945-01-01","Valéry, Paul",NA,"M","Francia","1871","1945","Sí","Lozano, Rafael","Español","Francés","Poesía","Poema",NA,NA,3,"134-136"
"Cántico","67","Tres fragmentos (únicos) del Segundo Narciso","Año I, 6","1945","1945-01-01","Valéry, Paul",NA,"M","Francia","1871","1945","Sí","Lozano, Rafael","Español","Francés","Poesía","Poema",NA,NA,5,"137-141"
"Cántico","68","El silfo","Año I, 6","1945","1945-01-01","Valéry, Paul",NA,"M","Francia","1871","1945","Sí","Anónimo","Español","Francés","Poesía","Poema",NA,NA,1,"142"
"Cántico","69","El vino perdido","Año I, 6","1945","1945-01-01","Valéry, Paul",NA,"M","Francia","1871","1945","Sí","Anónimo","Español","Francés","Poesía","Poema",NA,NA,1,"143"
"Claridad: revista semanal","9","""Viaje a pie"" y la crítica internacional","1","Marzo 8 de 1930","1930-03-08","Anónimo",NA,NA,NA,NA,NA,"Sí","Anónimo","Español","Francés, Inglés","Reseña","Crítica",NA,"Viaje a pie (1929) de Fernando González",3,"15-17"
"Claridad: revista semanal","17","Información financiera","1","Marzo 8 de 1930","1930-03-08","Mejía y Mejía, José","Jota","M","Colombia","1911",NA,"Sí","Mejía y Mejía, José","Español","Inglés","Prosa No Ficción","Información financiera",NA,NA,2,"29-30"
"Claridad: revista semanal","33","Sin novedad en el frente (Apartes)","2","Marzo 15 de 1930","1930-03-15","Remarque, Erich Maria",NA,"M","Alemania","1898","1970","Sí","Anónimo","Español","Alemán","Prosa No Ficción",NA,NA,NA,1,"59"
"Claridad: revista semanal","105","Simón El Cirineo","5","Abril 5 de 1930","1930-04-05","Wilde, Oscar",NA,"M","Irlanda","1854","1900","Sí","Anónimo","Español","Inglés","Prosa Ficción",NA,NA,NA,0.5,"188"
"Claridad: revista semanal","116","El orfebre antiguo","6","Abril 12 de 1930","1930-04-12","Heredia, José-Maria de",NA,"M","Cuba","1842","1905","Sí","Anónimo","Español","Francés","Poesía",NA,NA,NA,0.5,"220"
"Claridad: revista semanal","159","El Khan y su hijo","8","Abril 26 de 1930","1930-04-26","Gorki, Maksim",NA,"M","Rusia","1868","1936","Sí","Anónimo","Español","Ruso","Prosa Ficción","Cuento",NA,NA,5,"313-317"
"Claridad: revista semanal","192","El mercader","10","Mayo 10 de 1930","1930-05-10","Tagore, Rabindranath",NA,"M","India","1861","1941","Sí","Anónimo","Español","Bengalí","Poesía",NA,NA,NA,0.6,"389"
"Claridad: revista semanal","212","El verso","10","Mayo 10 de 1930","1930-05-10","D'Annunzio, Gabriele",NA,"M","Italia","1863","1938","Sí","Anónimo","Español","Italiano","Prosa No Ficción",NA,NA,NA,0.7,"412"
"Claridad: revista semanal","309","La fuga","14","Junio 7 de 1930","1930-06-07","Dwinger, Edwin Erich",NA,"M","Alemania","1898","1981","Sí","Anónimo","Español","Alemán","Prosa Ficción",NA,NA,NA,2,"597-600"
"Claridad: revista semanal","344","Entre las redes","15","Junio 14 de 1930","1930-06-14","Anónimo",NA,NA,NA,NA,NA,"Sí","Anónimo","Español","Inglés","Prosa No Ficción",NA,NA,NA,1,"643-644"
"Claridad: revista semanal","360","De “Manhatan Transfer”","16","Junio 21 de 1930","1930-06-21","Dos Passos, John",NA,"M","Estados Unidos","1896","1970","Sí","Anónimo","Español","Inglés","Prosa Ficción",NA,NA,NA,1,"681"
"Claridad: revista semanal","516","El coral","24","Agosto 16 de 1930","1930-08-16","Yingwu, Wei",NA,"M","China","ca. 737","ca. 792","Sí","Valencia, Guillermo","Español","Chino","Poesía",NA,NA,NA,0.5,"1128"
"Claridad: revista semanal","517","El cristal de roca","24","Agosto 16 de 1930","1930-08-16","Yingwu, Wei",NA,"M","China","ca. 737","ca. 792","Sí","Valencia, Guillermo","Español","Chino","Poesía",NA,NA,NA,0.5,"1128"
"Claridad: revista semanal","542","Día de elecciones","25","Agosto 23 de 1930","1930-08-23","Dunsany, Edward John Moreton Drax Plunkett","Lord Dunsany","M","Irlanda","1878","1959","Sí","Anónimo","Español","Inglés","Prosa Ficción",NA,NA,NA,2,"1196-1197"
"Claridad: revista semanal","548","El snobismo precolombino","25","Agosto 23 de 1930","1930-08-23","Fouan-Dabeaux, Robert",NA,NA,NA,NA,NA,"Sí","Hernández Mesa, Mauro","Español","Francés","Prosa No Ficción",NA,NA,NA,1.7,"1202-1203"
"Claridad: revista semanal","562","Blagdaross","27","Septiembre 6 de 1930","1930-09-06","Dunsany, Edward John Moreton Drax Plunkett","Lord Dunsany","M","Irlanda","1878","1959","Sí","Anónimo","Español","Inglés","Prosa Ficción","Cuento",NA,NA,3,"1288-1290"
"Claridad: revista semanal","617","De “Tierra baldía”","29","Septiembre 20 de 1930","1930-09-20","Eliot, Thomas Stearns","Eliot, T. S.","M","Estados Unidos","1888","1965","Sí","Flores, Ángel","Español","Inglés","Poesía",NA,NA,NA,1,"1391"
"Claridad: revista semanal","643","El ritusamhara de Kâlidasâ","30","Septiembre 30 de 1930","1930-09-30","Kālidāsa",NA,"M","India","ca. 400","ca. 500","Sí","Restrepo Moreno, Alonso","Español","Sánscrito","Prosa No Ficción",NA,NA,NA,1.2,"1439-1440"
"Claridad: revista semanal","644","De “El guante de crin”","30","Septiembre 30 de 1930","1930-09-30","Reverdy, Pierre",NA,"M","Francia","1889","1960","Sí","Gómez de Castro, Julio","Español","Francés","Prosa Ficción",NA,NA,NA,2,"1441-1442"
"Claridad: revista semanal","679","El ritusamhara de Kâlidasâ. El verano","31","Octubre 4 de 1930","1930-10-04","Kālidāsa",NA,"M","India","ca. 400","ca. 500","Sí","Restrepo Moreno, Alonso","Español","Sánscrito","Prosa No Ficción",NA,NA,NA,2,"1513-1514"
"Claridad: revista semanal","697","Oración de la tarde","32","Octubre 11 de 1930","1930-10-11","Rimbaud, Arthur",NA,"M","Francia","1854","1891","Sí","Bacarisse, Mauricio","Español","Francés","Poesía",NA,NA,NA,0.6,"1557"
"Claridad: revista semanal","699","El ritusamhara de Kâlidasâ","32","Octubre 11 de 1930","1930-10-11","Kālidāsa",NA,"M","India","ca. 400","ca. 500","Sí","Restrepo Moreno, Alonso","Español","Sánscrito","Prosa No Ficción",NA,NA,NA,1,"1558"
"Claridad: revista semanal","716","Bribón","33","Octubre 18 de 1930","1930-10-18","Andreev, Leonid Nikolaevich",NA,"M","Rusia","1871","1919","Sí","Anónimo","Español","Ruso","Prosa Ficción",NA,NA,NA,5.3,"1600-1605"
"Claridad: revista semanal","718","A las mujeres","33","Octubre 18 de 1930","1930-10-18","D'Annunzio, Gabriele",NA,"M","Italia","1863","1938","Sí","Valencia, Guillermo","Español","Italiano","Poesía",NA,NA,NA,1,"1606"
"Claridad: revista semanal","771","La corona de rosas","35","Octubre 31 de 1930","1930-10-31","Castro, Eugenio de",NA,"M","Portugal","1869","1944","Sí","Olmedilla","Español","Portugués","Poesía",NA,NA,NA,1,"1702"
"Claridad: revista semanal","807","Cette fille, elle est morte…","36","Noviembre 8 de 1930","1930-11-08","Fort, Paul",NA,"M","Francia","1872","1960","Sí","Anónimo","Español","Francés","Poesía",NA,NA,NA,0.5,"1758"
"Claridad: revista semanal","904","La traición","38","Noviembre 22 de 1930","1930-11-22","Ferragut, Jean",NA,"M","Francia","1909","1989","Sí","Morales M., Hernando","Español","Francés","Prosa Ficción",NA,NA,NA,1.8,"1893-1894"
"Revista Contemporánea. Publicación mensual","18","Inocencia","Vol. I. Número 1","octubre de 1904","1904-10-01","Gourmont, Remy de",NA,"M","Francia","1858","1915","Sí","Anónimo","Español","Francés","Reseña","Notas",NA,"Inocencia de Francisco de Paula Rendón",2.4,"89-91"
"Revista Contemporánea. Publicación mensual","26","Mujeres","2","noviembre de 1904","1904-11-01","D'Annunzio, Gabriele",NA,"M","Italia","1863","1938","Sí","Valencia, Guillermo","Español","Italiano","Poesía",NA,NA,NA,1.7,"120-121"
"Revista Contemporánea. Publicación mensual","38","Los japoneses juzgados por un americano","2","noviembre de 1904","1904-11-01","Bolce, William Harold","The Two Pacifics del Booklovers Magazine","M","Estados Unidos","1868","1940","Sí","Sanín Cano, Baldomero","Español","Inglés","Prosa No Ficción","Notas",NA,NA,1.4,"174-175"
"Revista Contemporánea. Publicación mensual","55","Ici-Bas","3","diciembre de 1904","1904-12-01","Prudhomme, Sully",NA,"M","Francia","1839","1907","Sí","Grillo, Maximiliano","Español","Francés","Poesía",NA,NA,NA,1,"199"
"Revista Contemporánea. Publicación mensual","58","El Nenufar Blanco","3","diciembre de 1904","1904-12-01","Mallarmé, Stéphane",NA,"M","Francia","1842","1898","Sí","Anónimo","Español","Francés","Prosa Ficción",NA,NA,NA,3.5,"203-206"
"Revista Contemporánea. Publicación mensual","72","La Cruzada de los niños. Relación del Goliard","3","diciembre de 1904","1904-12-01","Schwob, Marcel",NA,"M","Francia","1867","1905","Sí","Anónimo","Español","Francés","Prosa Ficción",NA,NA,NA,2.5,"242-244"
"Revista Contemporánea. Publicación mensual","73","la Cruzada de los niños. Relación del leproso","3","diciembre de 1904","1904-12-01","Schwob, Marcel",NA,"M","Francia","1867","1905","Sí","Anónimo","Español","Francés","Prosa Ficción",NA,NA,NA,2.7,"245-247"
"Revista Contemporánea. Publicación mensual","74","La Cruzada de los niños. Relación del papa inocencio III","3","diciembre de 1904","1904-12-01","Schwob, Marcel",NA,"M","Francia","1867","1905","Sí","Anónimo","Español","Francés","Prosa Ficción",NA,NA,NA,4.6,"247-252"
"Revista Contemporánea. Publicación mensual","75","La Cruzada de los niños. Relación de tres niñitos","3","diciembre de 1904","1904-12-01","Schwob, Marcel",NA,"M","Francia","1867","1905","Sí","Anónimo","Español","Francés","Prosa Ficción",NA,NA,NA,2.2,"252-254"
"Revista Contemporánea. Publicación mensual","76","La Cruzada de los niños. Relación de Francisco Longuejoue,","3","diciembre de 1904","1904-12-01","Schwob, Marcel",NA,"M","Francia","1867","1905","Sí","Anónimo","Español","Francés","Prosa Ficción",NA,NA,NA,1.7,"254-256"
"Revista Contemporánea. Publicación mensual","77","La Cruzada de los niños. Relación del Kalandar","3","diciembre de 1904","1904-12-01","Schwob, Marcel",NA,"M","Francia","1867","1905","Sí","Anónimo","Español","Francés","Prosa Ficción",NA,NA,NA,2.6,"256-259"
"Revista Contemporánea. Publicación mensual","78","La Cruzada de los niños. Relación de la pequeña Alicia","3","diciembre de 1904","1904-12-01","Schwob, Marcel",NA,"M","Francia","1867","1905","Sí","Anónimo","Español","Francés","Prosa Ficción",NA,NA,NA,1.4,"259-260"
"Revista Contemporánea. Publicación mensual","79","La Cruzada de los niños. Relación de papa Gregorio IX","3","diciembre de 1904","1904-12-01","Schwob, Marcel",NA,"M","Francia","1867","1905","Sí","Anónimo","Español","Francés","Prosa Ficción",NA,NA,NA,3.8,"260-264"
"Revista Contemporánea. Publicación mensual","90","Alfred Austin","3","diciembre de 1904","1904-12-01","The Critic",NA,NA,NA,NA,NA,"Sí","Anónimo","Español","Inglés","Prosa No Ficción","Notas",NA,NA,4.7,"280-285"
"Revista Contemporánea. Publicación mensual","97","Mirza Schaffy","3","diciembre de 1904","1904-12-01","Schafi, Mirza",NA,"M","Azerbaiyán","1792","1804","Sí","Anónimo","Español","Inglés (traducción de la traducción de Fitzgerald)","Prosa Ficción",NA,NA,NA,0.5,"288"
"Revista Contemporánea. Publicación mensual","102","Las manos","4","enero de 1905","1905-01-01","D'Annunzio, Gabriele",NA,"M","Italia","1863","1938","Sí","Valencia, Guillermo","Español","Italiano","Poesía",NA,NA,NA,1.6,"228-229"
"Revista Contemporánea. Publicación mensual","134","Foliana y Melivana","5","febrero de 1905","1905-02-01","Mockel, Albert",NA,"M","Bélgica","1866","1945","Sí","Anónimo","Español","Neerlandés/francés, alemán","Prosa Ficción",NA,NA,NA,12.4,"393-405"
"Revista Contemporánea. Publicación mensual","144","El llano y el llanero","5","febrero de 1905","1905-02-01","Taunay, Vizconde de",NA,"M","Brasil","1843","1899","Sí","Anónimo","Español","Portugués","Prosa Ficción",NA,NA,NA,14.5,"438-452"
"Revista Contemporánea. Publicación mensual","145","Un episodio del juicio final","5","febrero de 1905","1905-02-01","Gourmont, Remy de",NA,"M","Francia","1858","1915","Sí","Anónimo","Español","Francés","Prosa Ficción",NA,NA,NA,2.5,"453-455"
"Revista Contemporánea. Publicación mensual","170","Análisis espectral","6","marzo de 1905","1905-03-01","Guyau, Jean-Marie",NA,"M","Francia","1854","1888","Sí","Grillo, Maximiliano","Español","Francés","Poesía",NA,NA,NA,3.5,"493-496"
"Revista Contemporánea. Publicación mensual","180","Historia del príncipe Feragator y de Zoziana su amiga","6","marzo de 1905","1905-03-01","Mockel, Albert",NA,"M","Bélgica","1866","1945","Sí","Anónimo","Español","Neerlandés/francés, alemán","Prosa Ficción",NA,NA,NA,5.7,"541-546"
"Revista Contemporánea. Publicación mensual","205","Las tres rivales del mediterraneo occidental. (Marsella, Génova, Barcelona)","Vol.II. Número 1","abril de 1905","1905-04-01","Toudouze, Georges-Gustave",NA,"M","Francia","1877","1972","Sí","Anónimo","Español","Francés","Prosa Ficción",NA,NA,NA,13,"61-73"
"Revista Contemporánea. Publicación mensual","220","Psicología de la mariposa (I)","Vol.II. Número 2","mayo de 1905","1905-05-01","Grant, Allen",NA,"M","Canadá","1848","1899","Sí","R.H.D.","Español","Inglés","Prosa No Ficción",NA,NA,NA,6.5,"114-120"
"Revista Contemporánea. Publicación mensual","221","Estética de la mariposa (I)","Vol.II. Número 2","mayo de 1905","1905-05-01","Grant, Allen",NA,"M","Canadá","1848","1899","Sí","R.H.D.","Español","Inglés","Prosa No Ficción",NA,NA,NA,5,"120-125"
"Revista Contemporánea. Publicación mensual","228","Milagros","Vol.II. Número 2","mayo de 1905","1905-05-01","Mikhaël, Efraín",NA,"M","Francia","1866","1890","Sí","Anónimo","Español","Francés","Prosa Ficción",NA,NA,NA,3.5,"144-147"
"Revista Contemporánea. Publicación mensual","329","Paulina","Vol.II. Número 6","septiembre de 1905","1905-09-01","Altenberg, Peter",NA,"M","Austria","1859","1919","Sí","R.H.D y Sanín Cano, Baldomero","Español","Alemán","Prosa Ficción",NA,NA,NA,25.7,"481-506"
"Cvltura. Revista mensual","4","EL VELLOCINO DE ORO","1","FEBRERO, MCMXV","1915-02-01","Hawthorne, Nathaniel",NA,"M","Estados Unidos","1804","1864","Sí","Coradine, Alberto","Español","Inglés","Prosa Ficción",NA,NA,NA,4.5,"23-27"
"Cvltura. Revista mensual","6","LAS DOS LOGICAS","1","FEBRERO, MCMXV","1915-02-01","Anónimo",NA,NA,NA,NA,NA,"Sí","Coradine, Alberto","Español",NA,"Prosa No Ficción",NA,NA,NA,3.2,"43-46"
"Cvltura. Revista mensual","8","ANNA SOROR","1","FEBRERO, MCMXV","1915-02-01","Lemaître, Jules",NA,"M","Francia","1853","1914","Sí","Anónimo","Español","Francés","Prosa Ficción",NA,NA,NA,7,"65-71"
"Cvltura. Revista mensual","11","LA VOLUNTAD DE VIVIR","2","MARZO, MCMXV","1915-03-01","Anónimo",NA,NA,NA,NA,NA,"Sí","Coradine, Alberto","Español",NA,"Prosa No Ficción",NA,NA,NA,8,"75- 82"
"Cvltura. Revista mensual","13","A LA JUVENTUD","2","MARZO, MCMXV","1915-03-01","D'Annunzio, Gabriele",NA,"M","Italia","1863","1938","Sí","Castillo, Eduardo","Español","Italiano","Poesía",NA,"Restrepo Rivera, José",NA,0.5,"83"
"Cvltura. Revista mensual","18","LOS HOMBRES NECIOS Y LAS MALAS COMADRES","2","MARZO, MCMXV","1915-03-01","Asbjørnsen, Peter Christen",NA,"M","Noruega","1812","1885","Sí","Anónimo","Español","Noruego","Prosa Ficción",NA,NA,NA,2.6,"121-123"
"Cvltura. Revista mensual","25","LA VISION DE LAS RIQUEZAS","3","ABRIL, MCMXV","1915-04-01","Anónimo",NA,NA,NA,NA,NA,"Sí","Coradine, Alberto","Español",NA,"Prosa No Ficción","Ensayo",NA,NA,6.5,"163-169"
"Cvltura. Revista mensual","27","LAS SIRACUSANAS (UNA FIESTA DE ADONIS)","3","ABRIL, MCMXV","1915-04-01","Teócrito",NA,"M","Grecia","300","250","Sí","Anónimo","Español","Griego","Teatro","Teatro",NA,NA,4,"172-175"
"Cvltura. Revista mensual","28","El ''KRACH'' DE LA BELLEZA","3","ABRIL, MCMXV","1915-04-01","Prévost, Marcel",NA,"M","Francia","1862","1941","Sí","Anónimo","Español","Francés","Prosa No Ficción",NA,NA,NA,4.5,"176-180"
"Cvltura. Revista mensual","31","AL MARGEN. REVISTA POLÍTICA","3","ABRIL, MCMXV","1915-04-01","Anónimo",NA,NA,NA,NA,NA,"Sí","Coradine, Alberto","Español",NA,"Prosa No Ficción",NA,NA,NA,5,"203-207"
"Cvltura. Revista mensual","85","MUCHOS AÑOS DESPUÉS","8","OCTUBRE, MCMXV","1915-10-01","Castro, Eugenio de",NA,"M","Portugal","1869","1944","Sí","Carvajal, Manuel Antonio","Español","Portugués","Poesía",NA,NA,NA,0.6,"97"
"Cvltura. Revista mensual","92","LA JUSTICIA","8","OCTUBRE, MCMXV","1915-10-01","Maeterlinck, Maurice",NA,"M","Bélgica","1862","1949","Sí","Carvajal, Manuel Antonio","Español","Francés","Prosa No Ficción",NA,NA,NA,2.5,"158-160"
"Cvltura. Revista mensual","149","EL HOGAR","14","JUNIO, MCMXVI","1916-06-01","Tagore, Rabindranath",NA,"M","India","1861","1941","Sí","Anónimo","Español","Hindi","Poesía","Poema",NA,NA,0.5,"95"
"Cvltura. Revista mensual","150","CANCION SIN SENTIDO","14","JUNIO, MCMXVI","1916-06-01","Tagore, Rabindranath",NA,"M","India","1861","1941","Sí","Anónimo","Español","Hindi","Poesía","Poema",NA,NA,0.8,"95-96"
"Cvltura. Revista mensual","151","EL PRINCIPIO","14","JUNIO, MCMXVI","1916-06-01","Tagore, Rabindranath",NA,"M","India","1861","1941","Sí","Anónimo","Español","Hindi","Poesía","Poema",NA,NA,0.7,"96-97"
"Cvltura. Revista mensual","152","CUÁNDO Y POR QUÉ","14","JUNIO, MCMXVI","1916-06-01","Tagore, Rabindranath",NA,"M","India","1861","1941","Sí","Anónimo","Español","Hindi","Poesía","Poema",NA,NA,0.5,"97"
"Cvltura. Revista mensual","153","EL ASTRÓNOMO","14","JUNIO, MCMXVI","1916-06-01","Tagore, Rabindranath",NA,"M","India","1861","1941","Sí","Anónimo","Español","Hindi","Poesía","Poema",NA,NA,0.7,"97-98"
"Cvltura. Revista mensual","154","EL DÍA DE AGUA","14","JUNIO, MCMXVI","1916-06-01","Tagore, Rabindranath",NA,"M","India","1861","1941","Sí","Anónimo","Español","Hindi","Poesía","Poema",NA,NA,0.7,"98-99"
"Cvltura. Revista mensual","155","LOS PRIMEROS JASMINEZ","14","JUNIO, MCMXVI","1916-06-01","Tagore, Rabindranath",NA,"M","India","1861","1941","Sí","Anónimo","Español","Hindi","Poesía","Poema",NA,NA,0.5,"99"
"Cvltura. Revista mensual","156","EL JARDINERO","14","JUNIO, MCMXVI","1916-06-01","Tagore, Rabindranath",NA,"M","India","1861","1941","Sí","Anónimo","Español","Hindi","Poesía","Poema",NA,NA,3.7,"99-103"
"Cvltura. Revista mensual","172","ENSUEÑO","15","JULIO, MCMXVI","1916-07-01","Merrill, Stuart",NA,"M","Estados Unidos","1863","1915","Sí","Arciniegas, Ismael Enrique","Español","Francés","Poesía",NA,NA,NA,0.5,"182"
"Cvltura. Revista mensual","328","EL PRESIDENTE WILSON","33","DICIEMBRE, MCMXVIII","1918-12-01","Wilson, Woodrow",NA,"M","Estados Unidos","1856","1924","Sí","Boutroux, Emile","Español","Inglés","Prosa No Ficción",NA,NA,NA,2.4,"187-189"
"Cyrano","481","Robai","38","Febrero 24 de 1923","1923-02-24","Khayyam, Omar",NA,"M","Irán","1048","1131","Sí","Guirao, Pedro","Español","Persa","Poesía",NA,NA,NA,0.4,"453"
"La Escuela Literaria. Publicación mensual","11","Diez años después","1","mayo 5 de 1891","1891-05-05","Gervais, Paul",NA,NA,NA,NA,NA,"Sí","Suárez Murillo, Carlos","Español","Francés","Prosa Ficción","Folletín",NA,NA,5.8,"17-22"
"La Escuela Literaria. Publicación mensual","22","Diez años después","2","junio 10 de 1891","1891-06-10","Gervais, Paul",NA,NA,NA,NA,NA,"Sí","Suárez Murillo, Carlos","Español","Francés","Prosa Ficción","Folletín",NA,NA,6,"43-48"
"La Escuela Literaria. Publicación mensual","27","Diez años después","3","julio 16 de 1891","1891-07-16","Gervais, Paul",NA,NA,NA,NA,NA,"Sí","Suárez Murillo, Carlos","Español","Francés","Prosa Ficción","Folletín",NA,NA,4.3,"68-72"
"La Escuela Literaria. Publicación mensual","36","Diez años después","4","agosto 7 de 1891","1891-08-07","Gervais, Paul",NA,NA,NA,NA,NA,"Sí","Suárez Murillo, Carlos","Español","Francés","Prosa Ficción","Folletín",NA,NA,2.4,"94-96"
"La Escuela Literaria. Publicación mensual","43","Diez años después","5","septiembre 11 de 1891","1891-09-11","Gervais, Paul",NA,NA,NA,NA,NA,"Sí","Suárez Murillo, Carlos","Español","Francés","Prosa Ficción","Folletín",NA,NA,0.7,"112"
"La Escuela Literaria. Publicación mensual","44","La llavecita de oro","5","septiembre 11 de 1891","1891-09-11","Feuillet, Octave",NA,"M","Francia","1821","1890","Sí","Suárez Murillo, Carlos","Español","Francés","Teatro","Novela",NA,NA,8,"113-120"
"La Escuela Literaria. Publicación mensual","47","La llavecita de oro","6","noviembre 4 de 1891","1891-11-04","Feuillet, Octave",NA,"M","Francia","1821","1890","Sí","Suárez Murillo, Carlos","Español","Francés","Teatro","Novela",NA,NA,8.8,"135-144"
"Revista Femenina","17","María Curie -- Esbozo de su vida","1 (Año I)","Octubre de 1938","1938-10-01","Masur, Gerhard",NA,"M","Alemania","1901","1975","Sí","Anónimo","Español","Alemán","Prosa No Ficción",NA,"Especial para la ""Revista Femenina""",NA,10,"52-61"
"Revista Femenina","18","Sección de Variedades (Las buenas lecturas y la higiene del alma)","1 (Año I)","Octubre de 1938","1938-10-01","Lombardo Radice, Giuseppe","Lombardo Radice","M","Italia","1879","1938","Sí","Anónimo","Español","Italiano","Prosa No Ficción",NA,NA,NA,1.4,"62-63"
"Revista Femenina","19","Sección de Variedades (El gusto y los colores)","1 (Año I)","Octubre de 1938","1938-10-01","Line, Mary",NA,NA,NA,NA,NA,"Sí","Anónimo","Español","Francés","Prosa No Ficción",NA,NA,NA,1.6,"63-64"
"Revista Femenina","20","Sección de Variedades (De como la música ejerce una influencia favorable sobre las personas)","1 (Año I)","Octubre de 1938","1938-10-01","Anónimo",NA,NA,NA,NA,NA,"Sí","Anónimo","Español",NA,"Prosa No Ficción",NA,NA,NA,0.6,"65"
"Revista Femenina","32","El alma de la mujer","2 (Año I)","Noviembre de 1938","1938-11-01","Lombroso, Gina",NA,"F","Italia","1872","1944","Sí","Anónimo","Español","Italiano","Prosa No Ficción",NA,NA,NA,3,"109-111"
"Revista Femenina","41","Garbo, la misteriosa","2 (Año I)","Noviembre de 1938","1938-11-01","Chantal, Susana",NA,NA,NA,NA,NA,"Sí","Vélez de Mesa Nicholls, Amalia","Español","Inglés","Prosa No Ficción",NA,NA,NA,7,"134-140"
"Revista Femenina","50","América del Sur vista desde fuera","3 (Año I)","Junio de 1939","1939-06-01","Masur, Gerhard",NA,"M","Alemania","1901","1975","Sí","Anónimo","Español","Alemán","Prosa No Ficción","Charla",NA,NA,16,"151-166"
"Revista Femenina","58","Las cinco hermanas Dionne","3 (Año I)","Junio de 1939","1939-06-01","Blatz, William Emet","William E. Blatz","M","Canadá","1895","1964","Sí","Montoya, Ligia","Español","Inglés","Prosa No Ficción",NA,NA,NA,3,"192-194"
"Revista Femenina","64","El alma de la mujer","3 (Año I)","Junio de 1939","1939-06-01","Lombroso, Gina",NA,"F","Italia","1872","1944","Sí","Anónimo","Español","Italiano","Prosa No Ficción",NA,NA,NA,4,"217-220"
"Revista Femenina","68","Sección de variedades. El fastidio","3 (Año I)","Junio de 1939","1939-06-01","Sarcey, Yvonne",NA,"F","Francia","1869","1950","Sí","Anónimo","Español","Francés","Prosa No Ficción",NA,NA,NA,1.5,"229-230"
"Revista Femenina","70","Sección de cocina. La cocina para las mujeres elegantes","3 (Año I)","Junio de 1939","1939-06-01","Pomiane, Édouard de",NA,"M","Francia","1875","1964","Sí","Anónimo","Español","Francés","Prosa No Ficción","Conferencia",NA,NA,6,"231-236"
"Revista Femenina","108","Sócrates","5","Octubre de 1940","1940-10-01","Barrau, Théophile","Barrau",NA,NA,NA,NA,"Sí","Shulman, Elisa","Español","Francés","Prosa No Ficción",NA,NA,NA,1,"31"
"Revista Femenina","152","La conciencia del arte","7","Agosto de 1941","1941-08-01","Lewandowski, C.",NA,NA,NA,NA,NA,"Sí","Barrera, Margarita","Español",NA,"Prosa No Ficción",NA,NA,NA,3,"58-60"
"Revista Femenina","170","Detrás de un niño malo","8","Noviembre de 1941","1941-11-01","Stulken, Edward H.",NA,"M","Estados Unidos","1906",NA,"Sí","Corrales, Nora","Español","Inglés","Prosa No Ficción",NA,NA,NA,1,"17"
"Revista Femenina","173","Mary Montagu. Exploradora médica","8","Noviembre de 1941","1941-11-01","Berger, Eric",NA,NA,NA,NA,NA,"Sí","Corrales, Nora","Español","Inglés","Prosa No Ficción",NA,NA,NA,4,"25-28"
"La Golondrina. Hoja literaria y de variedades","3","REMINISCENCIA.","1","22 de mayo de 1881","1881-05-22","Schiller, Friedrich",NA,"M","Alemania","1759","1805","Sí","Restrepo, Antonio José","Español","Alemán","Poesía","Poema",NA,NA,1.2,"2-3"
"La Golondrina. Hoja literaria y de variedades","7","QUIERO MORIR.","1","22 de mayo de 1881","1881-05-22","Cognetti, Leonardo M.","Cognetti, L. M.","M","Italia",NA,NA,"Sí","Villa, Eduardo","Español","Italiano","Poesía","Poema",NA,NA,0.2,"4"
"La Golondrina. Hoja literaria y de variedades","32","LA GOLONDRINA. (DE LAMARTINE).","3","19 de Junio de 1881","1881-06-19","Lamartine, Alphonse de",NA,"M","Francia","1790","1869","Sí","Cano Gutiérrez, Fidel","Español","Francés","Poesía","Poema",NA,NA,0.5,"18-19"
"La Golondrina. Hoja literaria y de variedades","46","LA HOJA. (DE ARNAULT).","4","3 de julio de 1881","1881-07-03","Arnault, Antoine-Vincent","Arnault","M","Francia","1766","1834","Sí","Restrepo, Antonio José","Español","Francés","Poesía","Poema",NA,NA,0.2,"26"
"La Golondrina. Hoja literaria y de variedades","51","EN UN ÁLBUM (DE BYRON).","4","3 de julio de 1881","1881-07-03","Byron, George Gordon",NA,"M","Reino Unido","1788","1824","Sí","Cano Gutiérrez, Fidel","Español","Inglés","Poesía",NA,NA,NA,0.1,"31"
"La Golondrina. Hoja literaria y de variedades","71","""ACUERDATE DE MI."" (POESÍA DE ALFREDO DE MUSSET TRADUCIDA DEL FRANCÉS POR E.V.)","6","31 de julio de 1881","1881-07-31","Musset, Alfred de",NA,"M","Francia","1810","1857","Sí","E. V.","Español","Francés","Poesía","Poema",NA,NA,0.3,"42"
"La Gruta","68","El loco del plenilunio","6","29 de agosto de 1903","1903-08-29","Rémy, François",NA,NA,NA,NA,NA,"Sí","Anónimo","Español","Francés","Prosa Ficción",NA,NA,NA,2.1,"87-89"
"La Gruta","85","Fantasia","7","10 de septiembre de 1903","1903-09-10","D'Annunzio, Gabriele",NA,"M","Italia","1863","1938","Sí","Güell, Luis C.","Español","Francés","Prosa Ficción",NA,NA,NA,0.5,"110"
"La Gruta","92","Versos a la luna","8","26 de septiembre de 1903","1903-09-26","Rémy, François",NA,NA,NA,NA,NA,"Sí","Anónimo","Español","Francés","Prosa Ficción",NA,NA,NA,2,"115-117"
"La Gruta","115","El alma de las rosas","10","10 octubre de 1903","1903-10-10","Rémy, François",NA,NA,NA,NA,NA,"Sí","Anónimo","Español","Francés","Prosa Ficción",NA,NA,NA,1.6,"138-139"
"La Gruta","190","Paul Gauguin","16","21 de noviembre de 1903","1903-11-21","Morice, Charles",NA,"M","Francia","1860","1919","Sí","Grillo, Maximiliano","Español","Francés","Prosa No Ficción",NA,NA,NA,1.3,"212-213"
"La Gruta","213","De sociedad","19","14 de diciembre de 1903","1903-12-14","Parma, Juan de",NA,"M","Italia","1208","1289","Sí","Anónimo","Español","Latín","Prosa No Ficción",NA,NA,NA,3.1,"251-254"
"La Gruta","224","Castigo que recompensa","20","21 de diciembre de 1903","1903-12-21","Mendès, Catulle",NA,"M","Francia","1841","1909","Sí","Escobar, Pedro Ignacio","Español","Francés","Prosa Ficción",NA,NA,NA,0.8,"261-262"
"La Gruta","237","Un chelin por una vida (historia de navidad)","21","25 de diciembre de 1903","1903-12-25","Munroo, Alick",NA,NA,NA,NA,NA,"Sí","Anónimo","Español","Inglés","Prosa Ficción",NA,NA,NA,4.5,"271-275"
"La Gruta","245","Celajes","22","16 de enero de 1904","1904-01-16","Rémy, François",NA,NA,NA,NA,NA,"Sí","Anónimo","Español","Francés","Prosa Ficción",NA,NA,NA,1,"284-285"
"Hispania","30","Versos","Año I. Vol I. Número 2","febrero 1 de 1912","1912-02-01","Heine, Heinrich",NA,"M","Alemania","1797","1856","Sí","Sanz, Eulogio Florentino","Español","Alemán","Poesía","Retrospectivas",NA,NA,0.2,"37"
"Hispania","31","Jesús","Año I. Vol I. Número 2","febrero 1 de 1912","1912-02-01","Hugo, Victor",NA,"M","Francia","1802","1885","Sí","Arciniegas, Ismael Enrique","Español","Francés","Poesía","Retrospectivas",NA,NA,0.3,"37"
"Hispania","54","La adormidera gigantesca","Año I. Vol I. Número 3","marzo 1 de 1912","1912-03-01","Dunsany, Edward John Moreton Drax Plunkett","Dunsany, Lord","M","Irlanda","1878","1959","Sí","Hispania","Español","Inglés","Poesía","Versiones de ""Hispania""",NA,NA,0.2,"72"
"Hispania","55","Carón","Año I. Vol I. Número 3","marzo 1 de 1912","1912-03-01","Dunsany, Edward John Moreton Drax Plunkett","Dunsany, Lord","M","Irlanda","1878","1959","Sí","Hispania","Español","Inglés","Poesía","Versiones de ""Hispania""",NA,NA,0.2,"72"
"Hispania","56",NA,"Año I. Vol I. Número 3","marzo 1 de 1912","1912-03-01","Anónimo",NA,NA,NA,NA,NA,"Sí","Hispania","Español","Francés","Prosa No Ficción","Versiones de ""Hispania""",NA,NA,0.1,"72"
"Hispania","57","Rumor de ramas","Año I. Vol I. Número 3","marzo 1 de 1912","1912-03-01","Zéndegui, Gabriel de","G.Zendegui","M","Cuba","1851","1922","Sí","Hispania","Español","Inglés","Poesía","Versos",NA,NA,0.3,"72"
"Hispania","58","La fuente abandonada","Año I. Vol I. Número 3","marzo 1 de 1912","1912-03-01","Castro, Eugenio de",NA,"M","Portugal","1869","1944","Sí","Latorre, Gabriel","Español","Portugués","Poesía","Tres sonetos de Eugenio de Castro",NA,NA,0.1,"72"
"Hispania","59","La hora perdida","Año I. Vol I. Número 3","marzo 1 de 1912","1912-03-01","Castro, Eugenio de",NA,"M","Portugal","1869","1944","Sí","Latorre, Gabriel","Español","Portugués","Poesía","Tres sonetos de Eugenio de Castro",NA,NA,0.1,"72"
"Hispania","60","Al amor de la lumbre","Año I. Vol I. Número 3","marzo 1 de 1912","1912-03-01","Castro, Eugenio de",NA,"M","Portugal","1869","1944","Sí","Latorre, Gabriel","Español","Portugués","Poesía","Tres sonetos de Eugenio de Castro",NA,NA,0.1,"73"
"Hispania","97","La huelga carbonífera de Inglaterra","Año I. Vol I. Número 4","abril 1 de 1912","1912-04-01","Douglas, James",NA,"M","Polonia","1878",NA,"Sí","Anónimo","Español","Inglés","Prosa No Ficción","Artículos generales",NA,NA,1,"97-98"
"Hispania","103","La flauta y la fuente","Año I. Vol I. Número 4","abril 1 de 1912","1912-04-01","Régnier, Henri de",NA,"M","Francia","1864","1936","Sí","Arias Argaez, Isaac","Español","Francés","Poesía","Versos",NA,NA,0.5,"105"
"Hispania","113","Opinión del profesor H. Lammasch de la universidad de Viena","Año I. Vol I. Número 4","abril 1 de 1912","1912-04-01","Lammasch, Heinrich",NA,"M","Austria","1853","1920","Sí","Anónimo","Español","Alemán","Prosa No Ficción","Unión Pan Americana",NA,NA,0.9,"111-112"
"Hispania","174","""La barbarie en el Ecuador""","Año I. Vol I. Número 6","junio 1 de 1912","1912-06-01","Anónimo",NA,NA,NA,NA,NA,"Sí","Anónimo","Español","Inglés","Prosa No Ficción","Editoriales",NA,NA,0.7,"166-167"
"Hispania","183","Comediantes","Año I. Vol I. Número 6","junio 1 de 1912","1912-06-01","Walter, Robert",NA,"M","Alemania","1883","1967","Sí","Anónimo","Español","Alemán","Prosa Ficción","Artes y Letras. Dos fábulas modernas",NA,NA,0.1,"180"
"Hispania","184","Fundamentos de la sociabilidad","Año I. Vol I. Número 6","junio 1 de 1912","1912-06-01","Walter, Robert",NA,"M","Alemania","1883","1967","Sí","Anónimo","Español","Alemán","Prosa Ficción","Artes y Letras. Dos fábulas modernas",NA,NA,0.1,"180"
"Hispania","194","Notas internacionales","Año I. Vol I. Número 6","junio 1 de 1912","1912-06-01","Heaford, William",NA,NA,NA,NA,NA,"Sí","Anónimo","Español","Inglés","Prosa No Ficción","Notas internacionales",NA,NA,1.3,"186-187"
"Hispania","196","The George Washington University","Año I. Vol I. Número 6","junio 1 de 1912","1912-06-01","Noble Gregory, Charles",NA,"M","Estados Unidos","1851","1932","Sí","Anónimo","Español","Inglés","Prosa No Ficción","Unión Pan Americana",NA,NA,0.5,"188-189"
"Hispania","224","Don Marcelo Menendez y Pelayo","Año I. Vol I. Número 7","julio 1 de 1912","1912-07-01","Fitzmaurice-Kelly, James",NA,"M","Reino Unido","1858","1923","Sí","Anónimo","Español","Inglés","Prosa No Ficción","Artículos generales",NA,NA,0.3,"214"
"Hispania","225","Mr. John Barret y la América Latina","Año I. Vol I. Número 7","julio 1 de 1912","1912-07-01","Barrett, John",NA,NA,NA,NA,NA,"Sí","Anónimo","Español","Inglés","Prosa No Ficción","Artículos generales",NA,NA,0.2,"214"
"Hispania","252","Señor Don Santiago Pérez Triana","Año I. Vol I. Número 7","julio 1 de 1912","1912-07-01","Butler Loomis, Francis","Francis B. Loomis","M","Estados Unidos","1861","1948","Sí","Anónimo","Español","Inglés","Prosa No Ficción","Unión Pan Americana",NA,NA,0.2,"227"
"Hispania","265","Un libro de horrores. Lo del Putumayo","Año I. Vol I. Número 8","agosto 1 de 1912","1912-08-01","Anónimo",NA,NA,NA,NA,NA,"Sí","Anónimo","Español","Inglés","Prosa No Ficción","Artículos generales",NA,"El Libro azul del foreig office de Roger Casement",0.4,"246"
"Hispania","267","El hombre honrado y el diablo","Año I. Vol I. Número 8","agosto 1 de 1912","1912-08-01","Belloc, Hilaire","H. Belloc","M","Reino Unido","1870","1953","Sí","Anónimo","Español","Inglés","Prosa Ficción","Artes y letras",NA,NA,1.3,"248-249"
"Hispania","316","La cautiva","Año I. Vol I. Número 9","septiembre 1 de 1912","1912-09-01","Cunninghame Graham, Robert Bontie","R. B. Cunninghame Graham","M","Reino Unido","1852","1936","Sí","Anónimo","Español","Inglés","Prosa Ficción","Artes y letras",NA,NA,3.3,"284-287"
"Hispania","321","Un programa pan-americano","Año I. Vol I. Número 9","septiembre 1 de 1912","1912-09-01","Anónimo",NA,NA,NA,NA,NA,"Sí","Anónimo","Español","Inglés","Prosa No Ficción","Sección internacional",NA,NA,1,"293-294"
"Hispania","347","Paga y apela","Año I. Vol I. Número 10","octubre 1 de 1912","1912-10-01","Cunninghame Graham, Robert Bontie","R. B. Cunninghame Graham","M","Reino Unido","1852","1936","Sí","Anónimo","Español","Inglés","Prosa No Ficción","Artículos generales",NA,NA,0.3,"316"
"Hispania","348","Consejo del cardenal Merry del Val a los católicos franceses","Año I. Vol I. Número 10","octubre 1 de 1912","1912-10-01","Merry del Val",NA,NA,NA,NA,NA,"Sí","Anónimo","Español","Inglés","Prosa No Ficción","Artículos generales",NA,NA,0.1,"316"
"Hispania","355","Sus dos viudas","Año I. Vol I. Número 10","octubre 1 de 1912","1912-10-01","Hunt, Violet",NA,"F","Reino Unido","1862","1942","Sí","Anónimo","Español","Inglés","Prosa Ficción","Artes y letras",NA,NA,2.8,"323-326"
"Hispania","453","La posición inglesa ante el canal de Panamá","Año II. Vol. II. Número 13","enero 1 de 1913","1913-01-01","Pérez Triana, Santiago",NA,"M","Colombia","1858","1916","Sí","Anónimo","Español","Inglés","Prosa No Ficción","Editoriales",NA,NA,1,"120-421"
"Hispania","461","kropotkin","Año II. Vol. II. Número 13","enero 1 de 1913","1913-01-01","Gardiner, Alfred George","A.G. Gardiner","M","Reino Unido","1865","1946","Sí","Anónimo","Español","Inglés","Prosa Ficción","Artes y letras",NA,NA,1.8,"430-431"
"Hispania","503","Intervención en Méjico","Año II. Vol. II. Número 14","febrero 1 de 1913","1913-02-01","The Outlook",NA,NA,NA,NA,NA,"Sí","Anónimo","Español","Inglés","Prosa No Ficción","Editoriales",NA,NA,0.8,"459"
"Hispania","536","El porvenir de la América española","Año II. Vol. II. Número 15","marzo 1 de 1913","1913-03-01","The Nation",NA,NA,NA,NA,NA,"Sí","Anónimo","Español","Inglés","Prosa No Ficción","Artículos generales",NA,NA,1,"496-497"
"Hispania","545","La mosca azul","Año II. Vol. II. Número 15","marzo 1 de 1913","1913-03-01","Machado de Assis, Joaquim María","Machado de Assis","M","Brasil","1839","1908","Sí","Valencia, Guillermo","Español","Portugués","Prosa Ficción","Artes y letras",NA,NA,0.5,"508"
"Hispania","560","El Ombú","Año II. Vol. II. Número 15","marzo 1 de 1913","1913-03-01","Hudson, William Henry","W.H. Hudson","M","Argentina","1841","1922","Sí","Anónimo","Español","Inglés","Prosa Ficción","Cuento",NA,NA,3.3,"516,518,520,522"
"Hispania","572","Costo de los armamentos","Año II. Vol. II. Número 16","abril 1 de 1913","1913-04-01","Anónimo",NA,NA,NA,NA,NA,"Sí","Anónimo","Español","Inglés","Prosa No Ficción","Artículos generales",NA,NA,0.6,"541"
"Hispania","574","Los caballos de Herodes","Año II. Vol. II. Número 16","abril 1 de 1913","1913-04-01","Flaubert, Gustave",NA,"M","Francia","1821","1880","Sí","Valencia, Guillermo","Español","Francés","Poesía","Artes y letras",NA,NA,0.4,"546"
"Hispania","578","El Ombú","Año II. Vol. II. Número 16","abril 1 de 1913","1913-04-01","Hudson, William Henry","W.H. Hudson","M","Argentina","1841","1922","Sí","Anónimo","Español","Inglés","Prosa Ficción","Artes y letras",NA,NA,3,"550, 552, 554, 556"
"Hispania","618","El Ombú","Año II. Vol. II. Número 17","mayo 1 de 1913","1913-05-01","Hudson, William Henry","W.H. Hudson","M","Argentina","1841","1922","Sí","Anónimo","Español","Inglés","Prosa Ficción","Cuento",NA,NA,1.9,"596, 598, 600"
"Hispania","625","El problema del divorcio","Año II. Vol. II. Número 18","junio 1 de 1913","1913-06-01","Haynes, Edmund Sidney Pollock","E.S.P. Haynes","M","Reino Unido","1877","1949","Sí","Anónimo","Español","Inglés","Prosa No Ficción","Artículos generales",NA,NA,1.4,"612-613"
"Hispania","650","El robo de Panamá","Año II. Vol. II. Número 19","julio 1 de 1913","1913-07-01","Bunau-Varilla, Philippe",NA,"M","Francia","1859","1940","Sí","Anónimo","Español","Inglés","Prosa No Ficción","Artículos generales",NA,"The Creation. Destruction and Resurrection by Philipe Bunau",2,"647-649"
"Hispania","651","Putumayo. Rio arriba","Año II. Vol. II. Número 19","julio 1 de 1913","1913-07-01","Cunninghame Graham, Robert Bontie","Cunninghame Graham, R. B","M","Reino Unido","1852","1936","Sí","Anónimo","Español","Inglés","Prosa No Ficción","Artículos generales",NA,NA,2.2,"649-652"
"Hispania","678","Los dos triunfos de las obras de Panamá","Año II. Vol. II. Número 20","agosto 1 de 1913","1913-08-01","Ross, Ronald",NA,"M","Reino Unido","1857","1932","Sí","Anónimo","Español","Inglés","Prosa No Ficción","Artículos generales",NA,NA,1.4,"689-691"
"Hispania","681","Introducción a Don Quijote. 1837","Año II. Vol. II. Número 20","agosto 1 de 1913","1913-08-01","Heine, Heinrich",NA,"M","Alemania","1797","1856","Sí","Restrepo, Saturnino","Español","Alemán","Prosa No Ficción","Artes y letras",NA,NA,4.5,"693-698"
"Hispania","736","Ofrendas de canto","Año II. Vol. II. Número 22","octubre 1 de 1913","1913-10-01","Tagore, Rabindranath",NA,"M","India","1861","1941","Sí","Zéndegui, Gabriel de","Español","Inglés","Poesía","Artes y letras",NA,NA,0.8,"775-776"
"Hispania","758","Méjico y los Estados Unidos","Año II. Vol. II. Número 23","noviembre 1 de 1913","1913-11-01","Spectator",NA,NA,NA,NA,NA,"Sí","Anónimo","Español","Inglés","Prosa No Ficción","Artículos generales",NA,NA,1.1,"806-807"
"Hispania","762","Colombia y su derecho","Año II. Vol. II. Número 23","noviembre 1 de 1913","1913-11-01","Harding, Earl",NA,"M","Estados Unidos","1880","1965","Sí","Anónimo","Español","Inglés","Prosa No Ficción","Crítica Histórica",NA,NA,0.7,"811"
"Hispania","763","Medio de arreglar la disputa que se suscitó cuando ""tomamos"" Panamá. -Importancia magna del problema de Sud América-. Ampliación de la zona del canal","Año II. Vol. II. Número 23","noviembre 1 de 1913","1913-11-01","Harding, Earl",NA,"M","Estados Unidos","1880","1965","Sí","Anónimo","Español","Inglés","Prosa No Ficción","Crítica Histórica",NA,NA,3,"811-814"
"Hispania","818","El problema de México","Año III. Vol. III. Número 25","enero 1 de 1914","1914-01-01","The Nation",NA,NA,NA,NA,NA,"Sí","Anónimo","Español","Inglés","Prosa No Ficción","Artículos generales",NA,NA,1.1,"884-885"
"Hispania","851","El Pan-Americanismo. Su forma y su fórmula.","Año III. Vol. III. Número 26","febrero 1 de 1914","1914-02-01","Lugones, Leopoldo",NA,"M","Argentina","1874","1938","Sí","Anónimo","Español","Francés","Prosa No Ficción","Unión Panamericana",NA,NA,2.3,"926-928"
"Hispania","857","General don Victoriano Huerta...","Año III. Vol. III. Número 26","febrero 1 de 1914","1914-02-01","La Fontaine, Henri-Marie",NA,"M","Bélgica","1854","1943","Sí","Anónimo","Español","Francés","Prosa No Ficción","Sección internacional",NA,NA,0.2,"933"
"Hispania","882","Laurita o el sello rojo","Año III. Vol. III. Número 26","febrero 1 de 1914","1914-02-01","Vigny, Alfred de",NA,"M","Francia","1797","1863","Sí","Anónimo","Español","Francés","Prosa Ficción","Cuento",NA,NA,2.2,"946, 948, 950, 952"
"Hispania","884","Cultivo de los terrenos por medio de los explosivos","Año III. Vol. III. Número 26","febrero 1 de 1914","1914-02-01","Putnam Serviss, Garrett",NA,NA,NA,NA,NA,"Sí","J. Gutierrez Y.","Español","Inglés","Prosa No Ficción","Industria y comercio",NA,NA,0.5,"952"
"Hispania","890","La situación de méjico","Año III. Vol. III. Número 27","marzo 1 de 1914","1914-03-01","Spectator",NA,NA,NA,NA,NA,"Sí","Hispania","Español","Inglés","Prosa No Ficción","Editoriales",NA,NA,2.5,"963-965"
"Hispania","903","Laurita o el sello rojo. Historia del sello rojo","Año III. Vol. III. Número 27","marzo 1 de 1914","1914-03-01","Vigny, Alfred de",NA,"M","Francia","1797","1863","Sí","Anónimo","Español","Francés","Prosa Ficción","Cuento",NA,NA,4,"984, 986, 988, 990, 992"
"Hispania","931","Laurita o el sello rojo. De cómo yo continué mi camino","Año III. Vol. III. Número 28","abril 1 de 1914","1914-04-01","Vigny, Alfred de",NA,"M","Francia","1797","1863","Sí","Anónimo","Español","Francés","Prosa Ficción","Cuento",NA,NA,0.7,"1024,1026"
"Hispania","933","Saidja y Adinda","Año III. Vol. III. Número 28","abril 1 de 1914","1914-04-01","Dekker, Eduard Douwes","Multatuli","M","Holanda","1820","1887","Sí","Anónimo","Español","Holandés","Prosa Ficción","Cuento",NA,NA,3.5,"1026, 1028,1030, 1032"
"Hispania","936","Señor director del Daily News & Leader","Año III. Vol. III. Número 29","mayo 1 de 1914","1914-05-01","Cunninghame Graham, Robert Bontie","R. B. Cunninghame Graham","M","Reino Unido","1852","1936","Sí","Pérez Triana, Santiago","Español","Inglés","Prosa No Ficción","Notas editoriales",NA,NA,0.4,"1039"
"Hispania","937",NA,"Año III. Vol. III. Número 29","mayo 1 de 1914","1914-05-01","Leroy-Beaulieu, Paul",NA,NA,NA,NA,NA,"Sí","Pérez Triana, Santiago","Español","Francés","Prosa No Ficción","Notas editoriales",NA,NA,0.7,"1039-1040"
"Hispania","938","El Observer, de Londres","Año III. Vol. III. Número 29","mayo 1 de 1914","1914-05-01","Observer",NA,NA,NA,NA,NA,"Sí","Pérez Triana, Santiago","Español","Inglés","Prosa No Ficción","Notas editoriales",NA,NA,0.2,"1039-1040"
"Hispania","939",NA,"Año III. Vol. III. Número 29","mayo 1 de 1914","1914-05-01","Heaford, William",NA,NA,NA,NA,NA,"Sí","Pérez Triana, Santiago","Español","Inglés","Prosa No Ficción","Notas editoriales",NA,NA,0.2,"1039-1040"
"Hispania","950","¡Ayudémonos! (Anónimo inglés)","Año III. Vol. III. Número 29","mayo 1 de 1914","1914-05-01","Anónimo",NA,NA,NA,NA,NA,"Sí","Delgado, Alfonso","Español","Inglés","Poesía","Artes y letras",NA,NA,0.4,"1054,1056"
"Hispania","964","Saidja y Adinda","Año III. Vol. III. Número 29","mayo 1 de 1914","1914-05-01","Dekker, Eduard Douwes","Multatuli","M","Holanda","1820","1887","Sí","Anónimo","Español","Holandés","Prosa Ficción","Cuento",NA,NA,1.5,"1070,1072"
"Hispania","975","Los arquitectos primordiales de la vida","Año III. Vol. III. Número 30","junio 1 de 1914","1914-06-01","Hume, Ethel Douglas","Ethel Douglas Hume","F","Reino Unido","1874","1950","Sí","Anónimo","Español","Inglés","Prosa No Ficción","Política francesa",NA,NA,2.8,"1089, 1090, 1092, 1094"
"Hispania","1016","La redención del Putumayo. Labor de los padres misioneros. Cómo se está cambiando el Aspecto del territorio. Entrevista con el ministro colombiano.","Año III. Vol. III. Número 31","julio 1 de 1914","1914-07-01","The Catholic Herald",NA,NA,NA,NA,NA,"Sí","Anónimo","Español","Inglés","Prosa No Ficción","Gobernantes de América",NA,NA,0.8,"1134,1136"
"Hispania","1019","El tango argentino","Año III. Vol. III. Número 31","julio 1 de 1914","1914-07-01","Cunninghame Graham, Robert Bontie","R. B. Cunninghame Graham","M","Reino Unido","1852","1936","Sí","Anónimo","Español","Inglés","Prosa Ficción","Artes y letras",NA,NA,2.3,"1136, 1138, 1140"
"Hispania","1070","La guerra santa","Año III. Vol. III. Número 33","septiembre 1 de 1914","1914-09-01","Dickinson, Goldsworthy Lowes","G. Lowes Dickinson","M","Reino Unido","1862","1932","Sí","Sanín Cano, Baldomero","Español","Inglés","Prosa No Ficción","Artículos generales",NA,NA,0.7,"1203"
"Hispania","1086","Hablando de un general alemán","Año III. Vol. III. Número 34","octubre 1 de 1914","1914-10-01","Powell, Alexander",NA,NA,NA,NA,NA,"Sí","Anónimo","Español","Inglés","Prosa No Ficción","Artículos generales",NA,NA,1.1,"1223-1224"
"Hispania","1087","Gobernar es prever","Año III. Vol. III. Número 34","octubre 1 de 1914","1914-10-01","Sanín Cano, Baldomero","B. Sanín Cano","M","Colombia","1861","1957","Sí","Anónimo","Español",NA,"Prosa No Ficción","Artículos generales",NA,NA,0.4,"1224"
"Hispania","1090","La guerra y el derecho internacional","Año III. Vol. III. Número 34","octubre 1 de 1914","1914-10-01","Pérez Triana, Santiago","S. Pérez Triana","M","Colombia","1858","1916","Sí","Anónimo","Español","Inglés","Prosa No Ficción","Artículos generales",NA,NA,0.5,"1228"
"Hispania","1091","Carta del Sr. R. B. Cunninghame","Año III. Vol. III. Número 34","octubre 1 de 1914","1914-10-01","Cunninghame Graham, Robert Bontie","R. B. Cunninghame Graham","M","Reino Unido","1852","1936","Sí","Anónimo","Español","Inglés","Prosa No Ficción","Artículos generales",NA,NA,0.3,"1228"
"Hispania","1103","Después de la guerra","Año III. Vol. III. Número 35","noviembre 1 de 1914","1914-11-01","Fry, Edward",NA,"M","Reino Unido","1827","1918","Sí","Directores de Hispania","Español","Inglés","Prosa No Ficción","Artículos generales",NA,NA,1.1,"1245-1246"
"Hispania","1106","La inhumanidad de la guerra.","Año III. Vol. III. Número 35","noviembre 1 de 1914","1914-11-01","Anónimo",NA,NA,NA,NA,NA,"Sí","Pérez Triana, Santiago","Español","Inglés","Prosa No Ficción","Artículos generales","Al editor del Daily News and Leader",NA,0.5,"1248,125"
"Hispania","1129","El Kaiser y el asalto a las costas británicas. La guerra y el criminal","Año IV. Vol. IV. Número 37","enero 1 de 1915","1915-01-01","Gardiner, Alfred George","A.G. Gárdiner","M","Reino Unido","1865","1946","Sí","Anónimo","Español","Inglés","Prosa No Ficción","Artículos generales",NA,NA,1.7,"1281-1283"
"Hispania","1140","El emperador Francisco José","Año IV. Vol. IV. Número 38","febrero 1 de 1915","1915-02-01","Gardiner, Alfred George","A.G. Gárdiner","M","Reino Unido","1865","1946","Sí","Anónimo","Español","Inglés","Prosa No Ficción","Artículos generales",NA,NA,1.9,"1303-1305"
"Hispania","1141","La liquidación después de la guerra","Año IV. Vol. IV. Número 38","febrero 1 de 1915","1915-02-01","Wells, Herbert George","H.G. Wells","M","Reino Unido","1866","1946","Sí","Anónimo","Español","Inglés","Prosa No Ficción","Artículos generales",NA,NA,0.6,"1305"
"Hispania","1165","1815-1915, y una digresión sobre uniformes","Año IV. Vol. IV. Número 39","marzo 1 de 1915","1915-03-01","Gardiner, Alfred George","A.G. Gárdiner","M","Reino Unido","1865","1946","Sí","Pérez Lleras, Enrique","Español","Inglés","Prosa No Ficción","Artículos generales",NA,NA,1.6,"1328-1330"
"Hispania","1179","Los dos reyes de Postdam","Año IV. Vol. IV. Número 40","abril 1 de 1915","1915-04-01","Gardiner, Alfred George","A.G. Gárdiner","M","Reino Unido","1865","1946","Sí","Pérez Lleras, Enrique","Español","Inglés","Prosa No Ficción","Artículos generales",NA,NA,1.8,"1350-1352"
"Hispania","1245","La Doctrina de Monroe en un aspecto nuevo","Año IV. Vol. IV. Número 44","agosto 1 de 1915","1915-08-01","Pérez Triana, Santiago","S. Pérez Triana","M","Colombia","1858","1916","Sí","Bonafoux, Luis Tulio","Español","Inglés","Prosa No Ficción","Editoriales",NA,NA,2.2,"1421-1423"
"Hispania","1249","Eca de Queiroz sobre Guillermo II","Año IV. Vol. IV. Número 44","agosto 1 de 1915","1915-08-01","Eça de Queirós, José Maria",NA,"M","Portugal","1845","1900","Sí","González Blanco, Andrés","Español","Portugués","Prosa No Ficción","Artículos generales",NA,NA,2.5,"1428-1430"
"Hispania","1264","El poderío británico","Año IV. Vol. IV. Número 45-46","noviembre 1 de 1915","1915-11-01","De Kay, John Wesley","John W., De Kay",NA,NA,NA,NA,"Sí","Pérez Lleras, Enrique","Español","Inglés","Prosa No Ficción","Actualidad (capítulo de libro)",NA,NA,2.4,"1451-1454"
"Hispania","1270","La imposibilidad de que triunfe Alemania","Año IV. Vol. IV. Número 45-46","noviembre 1 de 1915","1915-11-01","New York Times",NA,NA,NA,NA,NA,"Sí","Anónimo","Español","Inglés","Prosa No Ficción","Artículos generales",NA,NA,0.9,"1461-1462"
"Hispania","1271","La envidia comercial","Año IV. Vol. IV. Número 45-46","noviembre 1 de 1915","1915-11-01","Hume, David",NA,"M","Reino Unido","1711","1776","Sí","Anónimo","Español","Inglés","Prosa No Ficción","Del acervo internacional",NA,NA,0.9,"1462-1463"
"Hispania","1273","Dos maneras de hacer la guerra","Año IV. Vol. IV. Número 45-46","noviembre 1 de 1915","1915-11-01","Reinach, Joseph",NA,"M","Francia","1856","1921","Sí","Alí-Ben Aliatar","Español","Francés","Prosa No Ficción","Apostillas de la guerra",NA,NA,0.3,"1463"
"Hispania","1276","La ruta de Constantinopla","Año IV. Vol. IV. Número 45-46","noviembre 1 de 1915","1915-11-01","Anónimo",NA,NA,NA,NA,NA,"Sí","Alí-Ben Aliatar","Español","Alemán","Prosa No Ficción","Apostillas de la guerra",NA,NA,0.4,"1465"
"Hispania","1297","La historia se repite","Año IV. Vol. IV. Número 47-48","diciembre 1 de 1915","1915-12-01","Archer, William",NA,"M","Reino Unido","1856","1916","Sí","Anónimo","Español","Inglés","Prosa No Ficción","Artículos generales",NA,NA,1,"1483-1484"
"Hispania","1300","Hacia la paz perpetua","Año IV. Vol. IV. Número 47-48","diciembre 1 de 1915","1915-12-01","Kant, Immanuel","Manuel Kant","M","Alemania","1724","1804","Sí","Anónimo","Español","Alemán","Prosa No Ficción","Del acervo internacional",NA,NA,1.4,"1485-1486"
"Hispania","1301","Alemania y las anexiones","Año IV. Vol. IV. Número 47-48","diciembre 1 de 1915","1915-12-01","Kohler, Joseph",NA,NA,NA,NA,NA,"Sí","Alí-Ben Aliatar","Español","Alemán","Prosa No Ficción","Apostillas de la guerra",NA,NA,0.2,"1486"
"Hispania","1302","El significado de la guerra","Año IV. Vol. IV. Número 47-48","diciembre 1 de 1915","1915-12-01","Gardiner, Alfred George",NA,"M","Reino Unido","1865","1946","Sí","Alí-Ben Aliatar","Español","Inglés","Prosa No Ficción","Apostillas de la guerra",NA,NA,0.2,"1486"
"Hispania","1303","Un manifiesto de los israelitas","Año IV. Vol. IV. Número 47-48","diciembre 1 de 1915","1915-12-01","Anónimo",NA,NA,NA,NA,NA,"Sí","Alí-Ben Aliatar","Español","Francés","Prosa No Ficción","Apostillas de la guerra",NA,NA,0.7,"1486-1487"
"Hispania","1304","La invención de las granadas","Año IV. Vol. IV. Número 47-48","diciembre 1 de 1915","1915-12-01","Tyrrel, F. H.",NA,NA,NA,NA,NA,"Sí","Alí-Ben Aliatar","Español","Inglés","Prosa No Ficción","Apostillas de la guerra",NA,NA,0.2,"1487"
"Hispania","1305","La ciencia y la guerra","Año IV. Vol. IV. Número 47-48","diciembre 1 de 1915","1915-12-01","Osler, Williams",NA,NA,NA,NA,NA,"Sí","Alí-Ben Aliatar","Español","Inglés","Prosa No Ficción","Apostillas de la guerra",NA,NA,0.2,"1487"
"Hispania","1307","Carta abierta al Zar de Bulgaria","Año IV. Vol. IV. Número 47-48","diciembre 1 de 1915","1915-12-01","Orleans, Fernando","Duque de Montpensier",NA,NA,NA,NA,"Sí","Alí-Ben Aliatar","Español","Francés","Prosa No Ficción","Apostillas de la guerra",NA,NA,0.2,"1488"
"Hispania","1308","Las fortalezas del porvenir","Año IV. Vol. IV. Número 47-48","diciembre 1 de 1915","1915-12-01","Gautier","General Gautier",NA,NA,NA,NA,"Sí","Alí-Ben Aliatar","Español","Francés","Prosa No Ficción","Apostillas de la guerra",NA,NA,0.2,"1488"
"Hispania","1331","La segunda campaña de invierno","Año V. Vol. V. Número 49","enero 1 de 1916","1916-01-01","Douglas, James",NA,"M","Polonia","1878",NA,"Sí","Anónimo","Español","Inglés","Prosa No Ficción","Artículos generales",NA,NA,2,"1510-1512"
"Hispania","1338","Los neutrales y la guerra","Año V. Vol. V. Número 50","febrero 1 de 1916","1916-02-01","Cromer, Lord",NA,NA,NA,NA,NA,"Sí","Hispania","Español","Inglés","Prosa No Ficción","Palabras inglesas",NA,NA,0.9,"1521-1522"
"Hispania","1339","La verdad respecto de la posición británica","Año V. Vol. V. Número 50","febrero 1 de 1916","1916-02-01","Pollock, Frederick",NA,"M","Reino Unido","1845","1937","Sí","Hispania","Español","Inglés","Prosa No Ficción","Palabras inglesas",NA,NA,1.9,"1522-1524"
"Hispania","1340a","Carta del espiscopado belga al episcopado alemán u autro-húngaro","Año V. Vol. V. Número 50","febrero 1 de 1916","1916-02-01","Mercier, Card",NA,NA,NA,NA,NA,"Sí","Anónimo","Español","Alemán","Prosa No Ficción","Carta pastoral",NA,NA,4.5,"1524-1528"
"Hispania","1340b","Carta del espiscopado belga al episcopado alemán u autro-húngaro","Año V. Vol. V. Número 50","febrero 1 de 1916","1916-02-01","Antoine",NA,NA,NA,NA,NA,"Sí","Anónimo","Español","Alemán","Prosa No Ficción","Carta pastoral",NA,NA,4.5,"1524-1528"
"Hispania","1340c","Carta del espiscopado belga al episcopado alemán u autro-húngaro","Año V. Vol. V. Número 50","febrero 1 de 1916","1916-02-01","J. Gustave",NA,NA,NA,NA,NA,"Sí","Anónimo","Español","Alemán","Prosa No Ficción","Carta pastoral",NA,NA,4.5,"1524-1528"
"Hispania","1340d","Carta del espiscopado belga al episcopado alemán u autro-húngaro","Año V. Vol. V. Número 50","febrero 1 de 1916","1916-02-01","Louis, Thomas",NA,NA,NA,NA,NA,"Sí","Anónimo","Español","Alemán","Prosa No Ficción","Carta pastoral",NA,NA,4.5,"1524-1528"
"Hispania","1340e","Carta del espiscopado belga al episcopado alemán y austro-húngaro","Año V. Vol. V. Número 50","febrero 1 de 1916","1916-02-01","Crooy, Amédée",NA,NA,NA,NA,NA,"Sí","Anónimo","Español","Alemán","Prosa No Ficción","Carta pastoral",NA,NA,4.5,"1524-1528"
"Hispania","1341a","Infracciones de la convención de la Haya","Año V. Vol. V. Número 50","febrero 1 de 1916","1916-02-01","Mercier, Card",NA,NA,NA,NA,NA,"Sí","Anónimo","Español","Alemán","Prosa No Ficción","Carta pastoral",NA,NA,1.8,"1528-1530"
"Hispania","1341b","Infracciones de la convención de la Haya","Año V. Vol. V. Número 50","febrero 1 de 1916","1916-02-01","Antoine",NA,NA,NA,NA,NA,"Sí","Anónimo","Español","Alemán","Prosa No Ficción","Carta pastoral",NA,NA,1.8,"1528-1530"
"Hispania","1341c","Infracciones de la convención de la Haya","Año V. Vol. V. Número 50","febrero 1 de 1916","1916-02-01","J. Gustave",NA,NA,NA,NA,NA,"Sí","Anónimo","Español","Alemán","Prosa No Ficción","Carta pastoral",NA,NA,1.8,"1528-1530"
"Hispania","1341d","Infracciones de la convención de la Haya","Año V. Vol. V. Número 50","febrero 1 de 1916","1916-02-01","Louis, Thomas",NA,NA,NA,NA,NA,"Sí","Anónimo","Español","Alemán","Prosa No Ficción","Carta pastoral",NA,NA,1.8,"1528-1530"
"Hispania","1341e","Infracciones de la convención de la Haya","Año V. Vol. V. Número 50","febrero 1 de 1916","1916-02-01","Crooy, Amédée",NA,NA,NA,NA,NA,"Sí","Anónimo","Español","Alemán","Prosa No Ficción","Carta pastoral",NA,NA,1.8,"1528-1530"
"Hispania","1349","La capacidad de resistencia de los beligerantes","Año V. Vol. V. Número 50","febrero 1 de 1916","1916-02-01","Capitán Feyler",NA,NA,NA,NA,NA,"Sí","Alí-Ben Aliatar","Español","Francés","Prosa No Ficción","Apostillas de la guerra",NA,NA,0.3,"1537-1538"
"Hispania","1358","La neutralidad de la América Latina. La América Latina","Año V. Vol. V. Número 51","marzo 1 de 1916","1916-03-01","Pérez Triana, Santiago","S. Pérez Triana","M","Colombia","1858","1916","Sí","Anónimo","Español","Inglés","Prosa No Ficción","Actualidad",NA,NA,5,"1546-1551"
"Hispania","1360","La política de Willson y el pacto de la paz","Año V. Vol. V. Número 51","marzo 1 de 1916","1916-03-01","Gardiner, Alfred George","A.G. Gárdiner","M","Reino Unido","1865","1946","Sí","Anónimo","Español","Inglés","Prosa No Ficción","Actualidad",NA,NA,1.8,"1552-1554"
"Hispania","1365","Igualdad","Año V. Vol. V. Número 51","marzo 1 de 1916","1916-03-01","Voltaire","Voltaire","M","Francia","1694","1778","Sí","Anónimo","Español","Francés","Prosa No Ficción","Del acervo internacional",NA,NA,0.9,"1560-1561"
"Hispania","1368","Una opinión inglesa sobre el rey de España","Año V. Vol. V. Número 51","marzo 1 de 1916","1916-03-01","Lach, Henry",NA,NA,NA,NA,NA,"Sí","Alí-Ben Aliatar","Español","Inglés","Prosa No Ficción","Apostillas de la guerra",NA,NA,0.3,"1562"
"Hispania","1379","El super Dios","Año V. Vol. V. Número 52","abril 1 de 1916","1916-04-01","Dearmer, Geofrey",NA,NA,NA,NA,NA,"Sí","Anónimo","Español e inglés","Inglés","Poesía","Notas editoriales",NA,NA,0.2,"1568"
"Hispania","1381","El clero de los católicos franceses durante la guerra","Año V. Vol. V. Número 52","abril 1 de 1916","1916-04-01","Langlois, Gabriel","M. Gabriel Langlois","M","Francia","1888","1969","Sí","Anónimo","Español","Francés","Prosa No Ficción","Actualidad",NA,NA,2,"1570-1572"
"Hispania","1382","Serbia","Año V. Vol. V. Número 52","abril 1 de 1916","1916-04-01","Vel-Mirovich, Nicholas",NA,NA,NA,NA,NA,"Sí","Anónimo","Español","Inglés","Prosa No Ficción","Actualidad",NA,NA,1.7,"1572-1574"
"Hispania","1383","Bélgica y los tratados internacionales","Año V. Vol. V. Número 52","abril 1 de 1916","1916-04-01","Maeterlinck, A.","A. Maeterlinck",NA,NA,NA,NA,"Sí","Anónimo","Español","Francés","Prosa No Ficción","Actualidad",NA,NA,0.8,"1574-1575"
"Hispania","1384","El sur de Panamá","Año V. Vol. V. Número 52","abril 1 de 1916","1916-04-01","Cromer, Lord",NA,NA,NA,NA,NA,"Sí","Hispania","Español","Inglés","Prosa No Ficción","Artes y letras",NA,NA,1.8,"1575-1576"
"Hispania","1391","Ataques del almirante Vernon al continente americano","Año V. Vol. V. Número 52","abril 1 de 1916","1916-04-01","Russel Hart, Francis",NA,NA,NA,NA,NA,"Sí","Anónimo","Español","Inglés","Prosa No Ficción","Sección Histórica",NA,NA,3.1,"1581-1584"
"Hispania","1393","Opiniones","Año V. Vol. V. Número 52","abril 1 de 1916","1916-04-01","Anónimo",NA,NA,NA,NA,NA,"Sí","Anónimo","Español","Inglés","Prosa No Ficción","Voces de Norte-América",NA,NA,0.5,"1584-1585"
"Hispania","1395","Los socialistas austriacos","Año V. Vol. V. Número 52","abril 1 de 1916","1916-04-01","Volkrecht",NA,NA,NA,NA,NA,"Sí","Alí-Ben Aliatar","Español","Alemán","Prosa No Ficción","Apostillas de la guerra",NA,NA,0.1,"1585"
"Hispania","1402","La política Latino Americana de los Estados Unidos","Año V. Vol. V. Número 53","mayo 1 de 1916","1916-05-01","Olney, Richard",NA,"M","Estados Unidos","1835","1917","Sí","Anónimo","Español","Inglés","Prosa No Ficción","Actualidad",NA,NA,3.7,"1591-1594"
"Hispania","1408","La muerte de Eugenio Jacquet","Año V. Vol. V. Número 53","mayo 1 de 1916","1916-05-01","The Nation",NA,NA,NA,NA,NA,"Sí","Anónimo","Español","Inglés","Prosa No Ficción","Actualidad",NA,NA,1.3,"1600-1601"
"Hispania","1410","La nación de las madres","Año V. Vol. V. Número 53","mayo 1 de 1916","1916-05-01","Douglas, James",NA,"M","Polonia","1878",NA,"Sí","Anónimo","Español","Inglés","Prosa No Ficción","Artes y letras",NA,NA,1,"1603-1604"
"Hispania","1415","A los falsificadores de cigarros Habanos","Año V. Vol. V. Número 53","mayo 1 de 1916","1916-05-01","El Lissauer","El Lissauer",NA,NA,NA,NA,"Sí","Alí-Ben Aliatar","Español","Alemán","Prosa No Ficción","Apostillas de la guerra",NA,NA,0.1,"1606"
"Hispania","1428","Homenaje de sus amigos. De James Douglas","Año V. Vol. V. Número 54","junio 1 de 1916","1916-06-01","Douglas, James",NA,"M","Polonia","1878",NA,"Sí","Anónimo","Español","Inglés","Prosa No Ficción",NA,NA,NA,0.7,"1620-1621"
"Hispania","1430","Homenaje de sus amigos. De A. G. Gardiner","Año V. Vol. V. Número 54","junio 1 de 1916","1916-06-01","Gardiner, Alfred George","A.G. Gárdiner","M","Reino Unido","1865","1946","Sí","Anónimo","Español","Inglés","Prosa No Ficción",NA,NA,NA,0.3,"1621-1622"
"Hispania","1431",NA,"Año V. Vol. V. Número 54","junio 1 de 1916","1916-06-01","The Times",NA,NA,NA,NA,NA,"Sí","Anónimo","Español","Inglés","Prosa No Ficción",NA,NA,NA,0.3,"1622"
"Hispania","1432",NA,"Año V. Vol. V. Número 54","junio 1 de 1916","1916-06-01","The Wayfarer","The Wayfarer",NA,NA,NA,NA,"Sí","Anónimo","Español","Inglés","Prosa No Ficción",NA,NA,NA,0.3,"1622"
"Hispania","1437","Un sitio en...la luna","Año V. Vol. V. Número 54","junio 1 de 1916","1916-06-01","Hughes, Spencer Leight",NA,"M","Reino Unido","1858","1920","Sí","Anónimo","Español","Inglés","Prosa No Ficción","Actualidad",NA,NA,0.9,"1628"
"Hispania","1440","La dormilona","Año V. Vol. V. Número 54","junio 1 de 1916","1916-06-01","Chejov, Anton Pavlovich",NA,"M","Rusia","1860","1904","Sí","Anónimo","Español","Ruso","Prosa Ficción","Artes y letras",NA,NA,2,"1632-1634"
"La Revista","23","EL CEREBRO DE ANATOLE FRANCE","N° 1","Jueves 5 de febrero de 1925","1925-02-05","Villois, André",NA,NA,NA,NA,NA,"Sí","Anónimo","Español","Francés","Prosa No Ficción",NA,NA,NA,0.5,"10"
"La Revista","47","REDUCIENDO EL TRAJE A SU MAS SIMPLE EXPRESION","N° 1","Jueves 5 de febrero de 1925","1925-02-05","Vionnet, Marthe",NA,NA,NA,NA,NA,"Sí","Anónimo","Español","Francés","Prosa No Ficción",NA,NA,NA,0.4,"18"
"La Revista","109","FABULAS DE ESOPO.-EL PERRO ENVIDIOSO","N° 5","Jueves 5 de marzo de 1925","1925-03-05","Esopo",NA,"M","Grecia","600","501","Sí","Anónimo","Español","Griego","Prosa Ficción","Fábula",NA,NA,0.1,"9"
"La Revista","111","LO ULTIMO DE GUILLERMO VALENCIA","N° 5","Jueves 5 de marzo de 1925","1925-03-05","Castoldi, María",NA,NA,NA,NA,NA,"Sí","Valencia, Guillermo","Español","Italiano","Prosa No Ficción",NA,NA,NA,0.2,"9"
"La Revista","131","INVIERNO","N° 5","Jueves 5 de marzo de 1925","1925-03-05","Towne, Charles Hansen",NA,"M","Estados Unidos","1877","1949","Sí","Londoño, Víctor Manuel","Español","Inglés","Poesía",NA,NA,NA,0.1,"17"
"La Revista","137","CANTO A LA NOCHE","N° 5","Jueves 5 de marzo de 1925","1925-03-05","Longfellow, Henry Wadsworth","Longfellow","M","Estados Unidos","1807","1822","Sí","Anónimo","Español","Inglés","Poesía",NA,NA,NA,0.2,"19"
"La Revista","170","EL LABRADOR Y SUS HIJOS","N° 7","Jueves 19 de marzo de 1925","1925-03-19","Esopo",NA,"M","Grecia","600","501","Sí","Anónimo","Español","Griego","Prosa Ficción","Fábula",NA,NA,0.3,"13"
"La Revista","208","EL GIGANTE EGOISTA","N° 9","Jueves 2 de abril de 1925","1925-04-02","Wilde, Oscar",NA,"M","Irlanda","1854","1900","Sí","Anónimo","Español","Inglés","Prosa Ficción",NA,NA,NA,1,"14-15"
"La Revista","225","JERUSALEN.-EL SANTO SEPULCRO","N° 10","Jueves 9 de abril de 1925","1925-04-09","Bordeaux, Henry",NA,"M","Francia","1879","1963","Sí","Anónimo","Español","Francés","Prosa No Ficción",NA,NA,NA,1.4,"6-7"
"La Revista","234","UN INTERROGANTE NECESARIO: ¿QUE QUEREMOS?","N° 10","Jueves 9 de abril de 1925","1925-04-09","Ferrero, Guglielmo","Ferrero, Guillermo","M","Italia","1871","1942","Sí","Anónimo","Español","Italiano","Prosa No Ficción",NA,NA,NA,1.4,"10-11"
"La Revista","244","EL PADRE NUESTRO DE PAPINI","N° 10","Jueves 9 de abril de 1925","1925-04-09","Papini, Giovanni",NA,"M","Italia","1881","1956","Sí","Revollo del Castillo, Enrique","Español","Italiano","Prosa Ficción",NA,NA,NA,0.7,"15"
"La Revista","247","EL ASTRONOMO","N° 10","Jueves 9 de abril de 1925","1925-04-09","Tagore, Rabindranath",NA,"M","India","1861","1941","Sí","Anónimo","Español","Inglés","Prosa Ficción",NA,NA,NA,0.3,"16"
"La Revista","307","LA CELEBRE RANA SALTADORA","N° 13","Jueves 30 de abril de 1925","1925-04-30","Twain, Mark",NA,"M","Estados Unidos","1835","1910","Sí","Anónimo","Español","Inglés","Prosa Ficción",NA,NA,NA,1.6,"6-7"
"La Revista","360","Loutré","N° 14","Jueves 07 de mayo de 1925","1925-05-07","Tarleau, Lisa Ysaye",NA,"F","Estados Unidos","1878","1952","Sí","Anónimo","Español","Inglés","Prosa Ficción","Cuento",NA,NA,1.7,"10-11"
"La Revista","419","Loutré","N° 15","Jueves 14 de mayo de 1925","1925-05-14","Tarleau, Lisa Ysaye",NA,"F","Estados Unidos","1878","1952","Sí","Anónimo","Español","Inglés","Prosa Ficción",NA,NA,NA,1.6,"14-15"
"La Revista","451","Loutré","N° 16","Jueves 22 de mayo de 1925","1925-05-22","Tarleau, Lisa Ysaye",NA,"F","Estados Unidos","1878","1952","Sí","Anónimo","Español","Inglés","Prosa Ficción",NA,NA,NA,1.6,"10-11"
"La Revista","455","¡CHIST! MAMA ESTA DURMIENDO","N° 16","Jueves 22 de mayo de 1925","1925-05-22","Comert, Marguerite",NA,"F","Francia","1873","1964","Sí","Anónimo","Español","Francés","Prosa Ficción","Cuento",NA,NA,0.7,"14"
"La Revista","460","EL MILAGRO DE LOS LOBOS","N° 16","Jueves 22 de mayo de 1925","1925-05-22","Anónimo","Linder, Max",NA,NA,NA,NA,"Sí","Anónimo","Español",NA,"Prosa No Ficción",NA,NA,NA,2.9,"16-18"
"La Revista","501","Loutré","N° 17","Jueves 28 de mayo de 1925","1925-05-28","Tarleau, Lisa Ysaye",NA,"F","Estados Unidos","1878","1952","Sí","Anónimo","Español","Inglés","Prosa Ficción",NA,NA,NA,1.6,"14-15"
"La Revista","550","Loutré","N° 18","Jueves 04 de junio de 1925","1925-06-04","Tarleau, Lisa Ysaye",NA,"F","Estados Unidos","1878","1952","Sí","Anónimo","Español","Inglés","Prosa Ficción",NA,NA,NA,1.5,"14-15"
"La Revista","586","Loutré","N° 19","Jueves 12 de junio de 1925","1925-06-12","Tarleau, Lisa Ysaye",NA,"F","Estados Unidos","1878","1952","Sí","Anónimo","Español","Inglés","Prosa Ficción",NA,NA,NA,2.1,"14-15, 18"
"La Revista","616","VITA NUOVA","N° 20","Jueves 18 de junio de 1925","1925-06-18","Bilac, Olavo",NA,"M","Brasil","1865","1918","Sí","Solís Moncada, José","Español","Portugués","Poesía",NA,NA,NA,0.2,"12"
"La Revista","617","EL SEMBRADOR","N° 20","Jueves 18 de junio de 1925","1925-06-18","D'Annunzio, Gabriele",NA,"M","Italia","1863","1938","Sí","Solís Moncada, José","Español","Italiano","Poesía",NA,NA,NA,0.3,"12"
"La Revista","620","Loutré","N° 20","Jueves 18 de junio de 1925","1925-06-18","Tarleau, Lisa Ysaye",NA,"F","Estados Unidos","1878","1952","Sí","Anónimo","Español","Inglés","Prosa Ficción",NA,NA,NA,1.6,"14-15, 18"
"La Revista","666","EL GRAN PROBLEMA FRANCO-ARGENTINO (VENDER, PERO TAMBIEN COMPRAR)","N° 21","Jueves 25 de junio de 1925","1925-06-25","Forest, Louis",NA,"M","Francia","1872","1933","Sí","Anónimo","Español","Francés","Prosa No Ficción",NA,NA,NA,0.8,"18"
"La Revista","694","ASESINATOS Y CALORIAS","N° 22","Jueves 02 de julio de 1925","1925-07-02","Hopper, James",NA,"M","Estados Unidos","1876","1956","Sí","Anónimo","Español","Inglés","Prosa Ficción",NA,NA,NA,0.8,"14-15"
"La Revista","725","ASESINATOS Y CALORIAS","N° 23","Jueves 08 de julio de 1925","1925-07-08","Hopper, James",NA,"M","Estados Unidos","1876","1956","Sí","Anónimo","Español","Inglés","Prosa Ficción",NA,NA,NA,1.8,"16-17"
"La Revista","743","ASESINATOS Y CALORIAS","N° 24","Jueves 16 de julio de 1925","1925-07-16","Hopper, James",NA,"M","Estados Unidos","1876","1956","Sí","Anónimo","Español","Inglés","Prosa Ficción",NA,NA,NA,3.5,"10-11, 15"
"La Revista","794","EL ARCA DE NOE INSPECCIONADA EN ALEMANIA","N° 26","Jueves 30 de julio de 1925","1925-07-30","Twain, Mark",NA,"M","Estados Unidos","1835","1910","Sí","Anónimo","Español","Inglés","Prosa Ficción",NA,NA,NA,1.6,"6-7"
"Lectura Amena","5","La ""Gioconda"" de Leonardo da Vinci","1","15 de septiembre de 1904","1904-09-15","Gautier, Théophile",NA,"M","Francia","1811","1872","Sí","Anónimo","Español","Francés","Prosa No Ficción",NA,NA,NA,1,"5-6"
"Lectura Amena","9","Traducción","1","15 de septiembre de 1904","1904-09-15","Rochefort, Henri",NA,"M","Francia","1830","1913","Sí","Anónimo","Español","Francés","Poesía",NA,NA,NA,0.4,"8"
"Lectura Amena","10","La invitación del doctor","1","15 de septiembre de 1904","1904-09-15","Gerin, Gabriel",NA,"M","Francia","1848","1934","Sí","Martínez Rivas, Federico","Español","Francés","Poesía",NA,NA,NA,3,"8-11"
"Lectura Amena","13","El paraguas","2","15 de octubre de 1904","1904-10-15","Maupassant, Guy de",NA,"M","Francia","1850","1893","Sí","Anónimo","Español","Francés","Prosa Ficción",NA,"Oudinot, Camilo",NA,6,"21-26"
"Lectura Amena","22","*El escollo eterno (De Rigoletto)","2","15 de octubre de 1904","1904-10-15","Mendès, Catulle",NA,"M","Francia","1841","1909","Sí","Anónimo","Español","Francés","Prosa Ficción",NA,NA,NA,0.8,"36"
"Lectura Amena","39","...? (De Stechetti)","4","15 de noviembre de 1904","1904-11-15","Guerrini, Olindo",NA,"M","Italia","1845","1916","Sí","Anónimo","Español","Italiano","Poesía",NA,NA,NA,0.5,"65"
"Lectura Amena","42","La leyenda del monte San Miguel","4","15 de noviembre de 1904","1904-11-15","Maupassant, Guy de",NA,"M","Francia","1850","1893","Sí","Anónimo","Español","Francés","Prosa Ficción",NA,NA,NA,3.3,"71-74"
"Lectura Amena","80","El rayo de luna","7","24 de diciembre de 1904","1904-12-24","Breen, M.",NA,NA,NA,NA,NA,"Sí","Anónimo","Español",NA,"Prosa Ficción",NA,NA,NA,2.3,"132-134"
"Lectura Amena","168","En vano","13","1 de abril de 1905","1905-04-01","D'Annunzio, Gabriele",NA,"M","Italia","1863","1938","Sí","Cano Gutiérrez, Fidel","Español","Italiano","Poesía",NA,"Cano, Antonio J",NA,0.5,"266"
"Lectura Amena","180","El derviche (De Víctor Hugo)","14 y 15","1 de mayo de 1905","1905-05-01","Hugo, Victor",NA,"M","Francia","1802","1885","Sí","Llorente, Teodoro","Español","Francés","Poesía",NA,NA,NA,1.2,"282-283"
"Lectura Amena","185","La última clase. Narraciones de un muchacho alsaciano","14 y 15","1 de mayo de 1905","1905-05-01","Daudet, Alphonse",NA,"M","Francia","1840","1897","Sí","Greiff, Luis de","Español","Francés","Prosa Ficción",NA,NA,NA,3.5,"289-293"
"Lectura Amena","194","¿... Y Daudet? ","14 y 15","1 de mayo de 1905","1905-05-01","Allais, Alphonse",NA,"M","Francia","1854","1905","Sí","Anónimo","Español","Francés","Prosa Ficción",NA,NA,NA,2,"301-303"
"Lectura Amena","197","El jaguar","14 y 15","1 de mayo de 1905","1905-05-01","Leconte de Lisle, Charles-Marie","Leconte de Lisle","M","Francia","1818","1894","Sí","Canal, Laurentino","Español","Francés","Poesía",NA,NA,NA,1.5,"307-309"
"Lectura Amena","208","La vida de los muertos","16","15 de mayo de 1905","1905-05-15","Heredia, José-Maria de",NA,"M","Cuba","1842","1905","Sí","Caro, Antonio José","Español","Francés","Poesía",NA,"Silvestre, Armand",NA,0.5,"328-329"
"Lectura Amena","209","El héroe","16","15 de mayo de 1905","1905-05-15","D'Annunzio, Gabriele",NA,"M","Italia","1863","1938","Sí","Anónimo","Español","Italiano","Prosa Ficción",NA,NA,NA,2.8,"329-332"
"Lectura Amena","213","Malachka y Akulina","16","15 de mayo de 1905","1905-05-15","Tolstói, Lev Nikoláievich",NA,"M","Rusia","1828","1910","Sí","Anónimo","Español","Ruso","Prosa Ficción",NA,NA,NA,1.8,"337-339"
"Lectura Amena","262","Nocturno","19 y 20","15 de julio de 1905","1905-07-15","Moréas, Jean",NA,"M","Grecia","1856","1910","Sí","Villegas, Aquilino","Español","Griego","Poesía",NA,NA,NA,0.6,"414-415"
"Lectura Amena","263","Coloquio con la vida","19 y 20","15 de julio de 1905","1905-07-15","Gorki, Maksim",NA,"M","Rusia","1868","1936","Sí","Anónimo","Español","Ruso","Prosa Ficción",NA,NA,NA,1.4,"415-416"
"Lectura Amena","265","El lazarino","19 y 20","15 de julio de 1905","1905-07-15","Taunay, Vizconde de",NA,"M","Brasil","1843","1899","Sí","Anónimo","Español","Portugués","Prosa Ficción",NA,NA,NA,3,"417-419"
"Lectura Amena","270","El fin del hombre","19 y 20","15 de julio de 1905","1905-07-15","Leconte de Lisle, Charles-Marie","Leconte de Lisle","M","Francia","1818","1894","Sí","Anónimo","Español","Francés","Prosa Ficción",NA,NA,NA,1.6,"424-425"
"Lectura Amena","286","Las dos rosas","21","15 de agosto de 1905","1905-08-15","Stecchetti, Lorenzo",NA,"M","Italia","1845","1916","Sí","G.","Español","Italiano","Poesía",NA,NA,NA,0.5,"449"
"Lectura Amena","287","El conductor de omnibus","21","15 de agosto de 1905","1905-08-15","Huysmans, Joris-Karl",NA,"M","Francia","1848","1907","Sí","Anónimo","Español","Francés","Prosa Ficción",NA,NA,NA,1.9,"450-452"
"Lectura Amena","","La caperucita azul","22","1 de septiembre de 1905","1905-09-01","Michaud d'Humiac, Léon","Michaud-D'Hamiac, L.","M","Francia","1865","1913","Sí","Velásquez, Leticia","Español","Francés","Prosa Ficción",NA,NA,NA,2,"461-463"
"Lectura Amena","","En un cementerio","22","1 de septiembre de 1905","1905-09-01","Zola, Émile",NA,"M","Francia","1840","1902","Sí","Anónimo","Español","Francés","Prosa Ficción",NA,NA,NA,2.2,"465-467"
"Lectura Amena","","La respuesta de la tierra","22","1 de septiembre de 1905","1905-09-01","Coppée, François",NA,"M","Francia","1842","1908","Sí","Restrepo, Antonio José","Español","Francés","Poesía",NA,"Lotero, Leocadio",NA,2,"475-477"
"Lectura Amena","","Nosotros","23","15 de septiembre de 1905","1905-09-15","Hugo, Victor",NA,"M","Francia","1802","1885","Sí","Robledo, Eusebio","Español","Francés","Poesía",NA,NA,NA,1.5,"482-483"
"Lectura Amena","","El martirio intelectual de Gustavo Flaubert","23","15 de septiembre de 1905","1905-09-15","Bourget, Paul",NA,"M","Francia","1852","1935","Sí","Anónimo","Español","Francés","Prosa Ficción",NA,NA,NA,3,"499-501"
"Lectura Amena","","La criadita","24","1 de octubre de 1905","1905-10-01","Mendès, Catulle",NA,"M","Francia","1841","1909","Sí","Anónimo","Español","Francés","Prosa Ficción",NA,NA,NA,4.5,"505-509"
"Lectura Amena","","Los dos prados","24","1 de octubre de 1905","1905-10-01","Sienkiewicz, Henryk",NA,"M","Polonia","1846","1916","Sí","Anónimo","Español","Polaco","Prosa Ficción",NA,NA,NA,4,"516-219"
"Lectura Amena","","A. Mézieres","25","15 de octubre de 1905","1905-10-15","Poe, Edgar Allan",NA,"M","Estados Unidos","1809","1849","Sí","Anónimo","Español","Inglés","Prosa Ficción",NA,NA,NA,5.5,"537-542"
"Lectura Amena","","A la juventud","25","15 de octubre de 1905","1905-10-15","D'Annunzio, Gabriele",NA,"M","Italia","1863","1938","Sí","Ospina Vásquez, Mariano","Español","Italiano","Poesía",NA,NA,NA,0.5,"542"
"Lectura Amena","","Flor de Mayo (Cuento Chino)","26 y 27","15 de noviembre de 1905","1905-11-15","D'Enjoÿ, Paul",NA,"M","Francia","1866",NA,"Sí","Anónimo","Español","Francés","Prosa Ficción",NA,"Lectura Amena",NA,4.8,"559-564"
"Lectura Amena","","Un matrimonio de cantantes","26 y 27","15 de noviembre de 1905","1905-11-15","Daudet, Alphonse",NA,"M","Francia","1840","1897","Sí","Anónimo","Español","Francés","Prosa Ficción",NA,NA,NA,3.8,"581-584"
"Lectura Amena","","Henri Ibsen","30","15 de enero de 1906","1906-01-15","Wyzewa, Teodor de",NA,"M","Polonia","1862","1917","Sí","Anónimo","Español","Polaco","Prosa Ficción",NA,NA,NA,3.5,"642-647"
"Lectura y Arte","33","El hermano Parfeno.","Nº 2","agosto de 1903","1903-08-01","Merezhkovski, Dmitri",NA,"M","Rusia","1865","1941","Sí","Anónimo","Español","Ruso","Prosa Ficción",NA,NA,NA,1.6,"28-29"
"Lectura y Arte","64","La manzana","Nº 3","octubre de 1903","1903-10-01","D'Annunzio, Gabriele",NA,"M","Italia","1863","1938","Sí","Latorre, Gabriel","Español","Italiano","Poesía",NA,NA,NA,1,"47"
"Lectura y Arte","70","Cancion breve","Nº 3","octubre de 1903","1903-10-01","Anónimo",NA,NA,NA,NA,NA,"Sí","Solano Patiño, José","Español","Francés","Poesía",NA,NA,NA,0.2,"49"
"Lectura y Arte","106","Animal triste","N°s 4 y 5","diciembre de 1903","1903-12-01","D'Annunzio, Gabriele",NA,"M","Italia","1863","1938","Sí","Valencia, Guillermo","Español","Italiano","Poesía",NA,NA,NA,0.2,"80"
"Lectura y Arte","107","La primera nieve.","N°s 4 y 5","diciembre de 1903","1903-12-01","Maupassant, Guy de",NA,"M","Francia","1850","1893","Sí","Restrepo, Saturnino","Español","Francés","Prosa Ficción",NA,NA,NA,2.5,"79-81"
"Lectura y Arte","124","Carácter de diferentes pueblos.","N°s 4 y 5","diciembre de 1903","1903-12-01","Schopenhauer, Arthur",NA,"M","Polonia","1788","1860","Sí","Anónimo","Español","Alemán","Prosa No Ficción",NA,NA,NA,0.4,"94"
"Lectura y Arte","137","Los ramilletes de los pobres","Nº 6","diciembre de 1903","1903-12-01","Bourget, Paul",NA,"M","Francia","1852","1935","Sí","Cano Gutiérrez, Fidel","Español","Francés","Poesía",NA,NA,NA,0.4,"103"
"Lectura y Arte","147","Llanto, ocioso llanto….","Nº 6","diciembre de 1903","1903-12-01","Tennyson, Alfred",NA,"M","Reino Unido","1809","1892","Sí","Vásquez Ospina, Mariano","Español","Inglés","Poesía",NA,NA,NA,0.3,"116"
"Lectura y Arte","169","Cancion de otoño","Nºs 7 y 8","noviembre de 1904","1904-11-01","Silvestre, Armand",NA,"M","Francia","1837","1901","Sí","Cano, Antonio José","Español","Francés","Poesía",NA,"Vidal, Enrique",NA,0.5,"142"
"Lectura y Arte","250","La estetica contemporanea (I)","Nº 11","julio de 2005","1905-07-01","Chaumeix, André",NA,"M","Francia","1874","1955","Sí","Anónimo","Español","Francés","Prosa No Ficción",NA,NA,NA,3.2,"208-211"
"Lectura y Arte","275","El diario de Adán","Nº 12","febrero de 2006","1906-02-01","Twain, Mark","Clemens, Samuel Langhorne ","M","Estados Unidos","1835","1910","Sí","Anónimo","Español","Inglés","Prosa Ficción",NA,NA,NA,4.3,"226-230"
"El Montañés","22","De un Párrafo de Stendhal","Vol. 1. Núm. 2","Octubre de 1897","1897-10-01","Beyle, Henri","Stendhal","M","Francia","1783","1842","Sí","Gómez Escobar, Francisco","Español","Francés","Poesía",NA,"Johnson, Arturo",NA,1,"91"
"El Montañés","146","Lucía (de A. de Musset)","Vol. 2. Núm. 13","Diciembre de 1898","1898-12-01","Musset, Alfred de",NA,"M","Francia","1810","1857","Sí","Restrepo, José María","Español","Francés","Poesía",NA,NA,NA,3,"12-15"
"El Montañés","197","La Peregrinación á Kevlaar (de Heine)","Vol. 2. Núm. 17","Abril de 1899","1899-04-01","Heine, Heinrich",NA,"M","Alemania","1797","1856","Sí","Latorre, Gabriel","Español","Alemán","Poesía",NA,NA,NA,2.8,"188-190"
"El Montañés","279","El Rey Moro (de Heine)","Vol. 2. Núm. 22-23-24","Septiembre, Octubre y Noviembre de 1899","1899-11-01","Heine, Heinrich",NA,"M","Alemania","1797","1856","Sí","Romero, Blasina","Español","Alemán","Poesía","Leyenda",NA,NA,1.5,"457-458"
"Panida","6","Nil Noir","1","15 de febrero de 1915","1915-02-15","Remouchamps, Victor",NA,"M","Bélgica","1862","1907","Sí","Restrepo Olarte, Jesús","Español","Francés","Poesía",NA,NA,NA,0.7,"4"
"Panida","8","Cuento de Hadas","1","15 de febrero de 1915","1915-02-15","France, Anatole",NA,"M","Francia","1844","1924","Sí","Anónimo","Español","Francés","Prosa No Ficción",NA,NA,NA,2,"5-7"
"Panida","10","De diez y siete a treinta","1","15 de febrero de 1915","1915-02-15","Altenberg, Peter",NA,"M","Austria","1859","1919","Sí","Anónimo","Español","Alemán","Prosa Ficción",NA,NA,NA,1.4,"9-10"
"Panida","13","Morte Regina","1","15 de febrero de 1915","1915-02-15","Graf, Arturo",NA,"M","Grecia","1848","1913","Sí","Díez Canedo, Enrique","Español","Italiano","Poesía",NA,NA,NA,0.5,"13"
"Panida","17",NA,"1","15 de febrero de 1915","1915-02-15","Turgenev, Ivan",NA,"M","Rusia","1818","1883","Sí","Anónimo","Español","Ruso","Prosa No Ficción",NA,NA,NA,0.1,"15"
"Panida","31","Elegía por lo que no fue","2","28 de febrero de 1915","1915-02-28","Papini, Giovanni",NA,"M","Italia","1881","1956","Sí","Anónimo","Español","Italiano","Poesía","Elegía",NA,NA,1.5,"27-28"
"Panida","32","Cette Persone…","2","28 de febrero de 1915","1915-02-28","Jammes, Francis",NA,"M","Francia","1868","1938","Sí","Díez Canedo, Enrique","Español","Francés","Poesía",NA,NA,NA,1,"28-29"
"Panida","39",NA,"2","28 de febrero de 1915","1915-02-28","Poe, Edgar Allan",NA,"M","Estados Unidos","1809","1849","Sí","Anónimo","Español","Inglés","Prosa Ficción",NA,NA,NA,0.1,"31"
"Panida","41",NA,"2","28 de febrero de 1915","1915-02-28","Mallarmé, Stéphane",NA,"M","Francia","1842","1898","Sí","Anónimo","Español","Francés","Prosa No Ficción",NA,NA,NA,0.2,"32"
"Panida","43",NA,"2","28 de febrero de 1915","1915-02-28","Wilde, Oscar",NA,"M","Irlanda","1854","1900","Sí","Anónimo","Español","Inglés","Prosa No Ficción",NA,NA,NA,0.1,"32"
"Panida","47","Autobiografía","3","15 de marzo de 1915","1915-03-15","Altenberg, Peter",NA,"M","Austria","1859","1919","Sí","Anónimo","Español","Alemán","Prosa No Ficción","Autobiografía",NA,NA,1.7,"33-34"
"Panida","51","El discípulo","3","15 de marzo de 1915","1915-03-15","Wilde, Oscar",NA,"M","Irlanda","1854","1900","Sí","Anónimo","Español","Inglés","Prosa Ficción",NA,NA,NA,0.8,"36-37"
"Panida","54","Le Ressucité","3","15 de marzo de 1915","1915-03-15","Suarès, André",NA,"M","Francia","1868","1948","Sí","Restrepo Olarte, Jesús","Español","Francés","Poesía",NA,NA,NA,1.2,"39-40"
"Panida","64",NA,"3","15 de marzo de 1915","1915-03-15","Fort, Paul",NA,"M","Francia","1872","1960","Sí","Anónimo","Español","Francés","Prosa No Ficción",NA,NA,NA,0.1,"48"
"Panida","66",NA,"3","15 de marzo de 1915","1915-03-15","Schopenhauer, Arthur",NA,"M","Polonia","1788","1860","Sí","Anónimo","Español","Alemán","Prosa No Ficción",NA,NA,NA,0.2,"48"
"Panida","78","El botón de Rosa","4","28 de marzo de 1915","1915-03-28","Silvestre, Armand",NA,"M","Francia","1837","1901","Sí","Anónimo","Español","Francés","Poesía",NA,NA,NA,0.6,"55"
"Panida","79","A une morte","4","28 de marzo de 1915","1915-03-28","Claussen, Sophus",NA,"M","Dinamarca","1865","1931","Sí","Restrepo Olarte, Jesús","Español","Danés","Poesía",NA,"Stuckenberg, Ingeborg",NA,2,"56-57"
"Panida","82","Los Rubayata","4","28 de marzo de 1915","1915-03-28","Khayyam, Omar",NA,"M","Irán","1048","1131","Sí","Anónimo","Español","Persa","Poesía",NA,NA,NA,2.2,"59-61"
"Panida","118","La inteligencia","6","25 de abril de 1915","1915-04-25","Jammes, Francis",NA,"M","Francia","1868","1938","Sí","Anónimo","Español","Francés","Prosa Ficción",NA,NA,NA,0.5,"84"
"Panida","145","Tiene ella un cuerpo…","7","10 de mayo de 1915","1915-05-10","Gourmont, Remy de",NA,"M","Francia","1858","1915","Sí","Anónimo","Español","Francés","Poesía",NA,NA,NA,1.3,"103-104"
"Panida","166","Baladas","8","23 de mayo de 1915","1915-05-23","Fort, Paul",NA,"M","Francia","1872","1960","Sí","González Martinez, Enrique","Español","Francés","Poesía","Balada",NA,NA,0.3,"121"
"Panida","167","El buen tiempo","8","23 de mayo de 1915","1915-05-23","Fort, Paul",NA,"M","Francia","1872","1960","Sí","González Martinez, Enrique","Español","Francés","Poesía",NA,NA,NA,0.7,"121"
"Panida","175","Paul Fort","8","23 de mayo de 1915","1915-05-23","Visan, Tancrède de",NA,"M","Francia","1878","1945","Sí","Anónimo","Español","Francés","Prosa No Ficción",NA,NA,NA,1.1,"127-128"
"El Repertorio. Revista Mensual Ilustrada","7","Canción del peral","1"," junio de 1896","1896-06-01","Féval, Paul","Feval, P.","M","Francia","1816","1887","Sí","Anónimo","Español","Francés","Prosa Ficción",NA,NA,NA,2.5,"18-20"
"El Repertorio. Revista Mensual Ilustrada","19",NA,"1"," junio de 1896","1896-06-01","Goethe, Johann Wolfgang von","Goethe","M","Alemania","1749","1832","Sí","Anónimo","Español","Alemán","Poesía","Minucias",NA,NA,0.1,"33"
"El Repertorio. Revista Mensual Ilustrada","31","La Venus de Milo","2"," julio de 1896","1896-07-01","Saint-Victor, Paul de",NA,"M","Francia","1827","1881","Sí","Anónimo","Español","Francés","Prosa No Ficción",NA,NA,NA,3.3,"43-47"
"El Repertorio. Revista Mensual Ilustrada","62","La naturaleza y el arte","3"," agosto de 1896","1896-08-01","Blanc, Charles",NA,"M","Francia","1813","1882","Sí","Anónimo","Español","Francés","Prosa No Ficción",NA,NA,NA,3.3,"77-80"
"El Repertorio. Revista Mensual Ilustrada","63",NA,"3"," agosto de 1896","1896-08-01","Jouy, Victor Joseph Étienne de","Jouy","M","Francia","1764","1846","Sí","Anónimo","Español","Francés","Prosa No Ficción",NA,NA,NA,0.1,"80"
"El Repertorio. Revista Mensual Ilustrada","65",NA,"3"," agosto de 1896","1896-08-01","Bacon, Francis","Bacon","M","Reino Unido","1561","1626","Sí","Anónimo","Español","Inglés","Prosa No Ficción",NA,NA,NA,0.2,"84"
"El Repertorio. Revista Mensual Ilustrada","66","La bella incógnita","3"," agosto de 1896","1896-08-01","Allais, Alphonse",NA,"M","Francia","1854","1905","Sí","Anónimo","Español","Francés","Prosa Ficción",NA,NA,NA,1,"85"
"El Repertorio. Revista Mensual Ilustrada","74","El convidado","3"," agosto de 1896","1896-08-01","Wolff, Pierre",NA,"M","Francia","1865","1944","Sí","Anónimo","Español","Francés","Teatro",NA,NA,NA,1,"93"
"El Repertorio. Revista Mensual Ilustrada","92",NA,"4"," septiembre de 1896","1896-09-01","Platón",NA,"M","Grecia","427","347","Sí","Anónimo","Español","Griego antiguo","Prosa No Ficción",NA,NA,NA,0.2,"125"
"El Repertorio. Revista Mensual Ilustrada","93",NA,"4"," septiembre de 1896","1896-09-01","Shakespeare, William","Shakespeare","M","Reino Unido","1564","1616","Sí","Anónimo","Español","Inglés","Prosa No Ficción",NA,NA,NA,0.2,"125"
"El Repertorio. Revista Mensual Ilustrada","118","Habla una niña","5"," octubre de 1896","1896-10-01","Prutz, Robert",NA,"M","Alemania","1816","1872","Sí","Anónimo","Español","Alemán","Poesía",NA,NA,NA,0.3,"154"
"El Repertorio. Revista Mensual Ilustrada","137","Las dos margaritas","6"," octubre de 1896","1896-10-01","Mendès, Catulle",NA,"M","Francia","1841","1909","Sí","Anónimo","Español","Francés","Prosa Ficción",NA,NA,NA,3.2,"172-175"
"El Repertorio. Revista Mensual Ilustrada","142",NA,"6"," octubre de 1896","1896-10-01","Meteyard, Sidney","Sidney","M","Reino Unido","1868","1947","Sí","Anónimo","Español","Inglés","Prosa No Ficción",NA,NA,NA,0.2,"194"
"El Repertorio. Revista Mensual Ilustrada","148",NA,"6"," octubre de 1896","1896-10-01","Pascal, Blaise","Pascal","M","Francia","1623","1662","Sí","Anónimo","Español","Francés","Prosa No Ficción","Minucias",NA,NA,0.1,"198"
"El Repertorio. Revista Mensual Ilustrada","149",NA,"6"," octubre de 1896","1896-10-01","Bourget, Paul",NA,"M","Francia","1852","1935","Sí","Anónimo","Español","Francés","Prosa No Ficción","Minucias",NA,NA,0.1,"198"
"El Repertorio. Revista Mensual Ilustrada","169","Las dos palomas","7,8"," febrero de 1897","1897-02-01","Turgenev, Ivan",NA,"M","Rusia","1818","1883","Sí","Anónimo","Español","Ruso","Prosa Ficción",NA,NA,NA,1,"249"
"El Repertorio. Revista Mensual Ilustrada","176","¡Descansa, guerrero!","7,8"," febrero de 1897","1897-02-01","Dymón","Dymón",NA,NA,NA,NA,"Sí","Isaacs, Jorge","Español",NA,"Poesía",NA,NA,NA,0.7,"258"
"El Repertorio. Revista Mensual Ilustrada","191","Rosas y violetas","7,8"," febrero de 1897","1897-02-01","Heine, Heinrich","Heine","M","Alemania","1797","1856","Sí","Anónimo","Español","Alemán","Poesía","Minucias",NA,NA,0.2,"262"
"El Repertorio. Revista Mensual Ilustrada","200",NA,"9"," marzo de 1897","1897-03-01","Ségur, Eugène de","de Ségur","M","Francia","1798","1863","Sí","Anónimo","Español","Francés","Prosa No Ficción",NA,NA,NA,0.1,"282"
"El Repertorio. Revista Mensual Ilustrada","228",NA,"10, 11, 12"," mayo de 1897","1897-05-01","Goethe, Johann Wolfgang von","Goethe","M","Alemania","1749","1832","Sí","Anónimo","Español","Alemán","Prosa No Ficción",NA,NA,NA,0.1,"342"
"Revista Gris","43","El éxtasis humano","3 Año I","diciembre de 1892","1892-12-01","Mantegazza, Paolo",NA,"M","Italia","1831","1910","Sí","Obregón, Manuel F.","Español","Italiano","Prosa No Ficción",NA,NA,NA,6,"96-102"
"Revista Gris","78","El éxtasis humano","6 Año I","marzo de 1893","1893-03-01","Mantegazza, Paolo",NA,"M","Italia","1831","1910","Sí","Obregón, Manuel F.","Español","Italiano","Prosa No Ficción",NA,NA,NA,5,"193-198"
"Revista Gris","87","El éxtasis humano","7 Año I","abril de 1893","1893-04-01","Mantegazza, Paolo",NA,"M","Italia","1831","1910","Sí","Obregón, Manuel F.","Español","Italiano","Prosa No Ficción",NA,NA,NA,10,"221-231"
"Revista Gris","104","Oda XIII","9 Año I","junio de 1893","1893-06-01","Horacio Flaco, Quinto","Horacio","M","Italia","65 a.c","27 a.c","Sí","Vergara Barros, Francisco","Español","Latín","Poesía",NA,NA,NA,1,"273"
"Revista Gris","110","Celos","9 Año I","junio de 1893","1893-06-01","Anónimo",NA,NA,NA,NA,NA,"Sí","Arciniegas, Ismael Enrique","Español",NA,"Prosa Ficción",NA,NA,NA,3.6,"293-296"
"Revista Gris","113","Oda XVIII","10 Año I","julio de 1893","1893-07-01","Horacio Flaco, Quinto","Horacio","M","Italia","65 a.c","27 a.c","Sí","Vergara Barros, Francisco","Español","Latín","Poesía",NA,NA,NA,1,"308"
"Revista Gris","139","Oda XI. (Libro IV)","12 Año I","septiembre de 1893","1893-09-01","Horacio Flaco, Quinto","Horacio","M","Italia","65 a.c","27 a.c","Sí","Vergara Barros, Francisco","Español","Latín","Poesía",NA,"Filis",NA,1.4,"394-395"
"Revista Gris","166","En el peñasco","2 Año II","febrero de 1894","1894-02-01","Bourget, Paul",NA,"M","Francia","1852","1935","Sí","Arciniegas, Ismael Enrique","Español","Francés","Poesía",NA,NA,NA,0.6,"36-37"
"Revista Gris","169","Oda XXIII. (Libro I)","2 Año II","febrero de 1894","1894-02-01","Horacio Flaco, Quinto","Horacio","M","Italia","65 a.c","27 a.c","Sí","Vergara Barros, Francisco","Español","Latín","Poesía",NA,"Cloe",NA,0.6,"43"
"Revista Gris","173","El hermano Angelan","2 Año II","febrero de 1894","1894-02-01","Frederic, Harold",NA,"M","Estados Unidos","1856","1898","Sí","Coradine, Carlos Eduardo","Español","Inglés","Prosa No Ficción",NA,NA,NA,20,"50-69"
"Revista Gris","178","Última rosa de estío","3 Año II","marzo de 1894","1894-03-01","Moore, Thomas",NA,"M","Reino Unido","1779","1852","Sí","Rivas Frade, Federico","Español","Inglés","Prosa Ficción",NA,NA,NA,1,"91-92"
"Revista Gris","180","Oda XXVIII. (Libro III)","3 Año II","marzo de 1894","1894-03-01","Horacio Flaco, Quinto","Horacio","M","Italia","65 a.c","27 a.c","Sí","Vergara Barros, Francisco","Español","Latín","Poesía",NA,"Lide",NA,0.8,"97-98"
"Revista Gris","202","Los ojos de la mujer","4 Año II","abril de 1894","1894-04-01","Coppée, François",NA,"M","Francia","1842","1908","Sí","Restrepo, Antonio José","Español","Francés","Poesía",NA,"Suri Salcedo, Tomás",NA,1.4,"118-119"
"Revista Gris","204","El primer numero de la ""Revue Générale de Droit International Public""","4 Año II","abril de 1894","1894-04-01","Champeau, Edmond",NA,"M","Francia",NA,"1918","Sí","Anónimo","Español","Francés","Prosa No Ficción",NA,NA,NA,12,"128-139"
"Revista Gris","222","Epílogo","5 Año II","mayo de 1894","1894-05-01","Heine, Heinrich",NA,"M","Alemania","1797","1856","Sí","Vega, Alejandro","Español","Alemán","Poesía",NA,NA,NA,0.8,"161-162"
"Revista Gris","242","Oda III. (Libro II)","6 Año II","junio de 1894","1894-06-01","Horacio Flaco, Quinto","Horacio","M","Italia","65 a.c","27 a.c","Sí","Vergara Barros, Francisco","Español","Latín","Poesía",NA,NA,NA,1,"194"
"Revista Gris","243","Conferencia","6 Año II","junio de 1894","1894-06-01","Brettes, Joseph de",NA,"M","Francia","1861","1934","Sí","Anónimo","Español","Francés","Prosa No Ficción",NA,NA,NA,6.2,"195-201"
"Revista Gris","260","Conferencia","7 Año II","julio de 1894","1894-07-01","Brettes, Joseph de",NA,"M","Francia","1861","1934","Sí","Anónimo","Español","Francés","Prosa No Ficción",NA,NA,NA,8.1,"225-233"
"Revista Gris","274","El molino de viento","8 Año II","agosto de 1894","1894-08-01","Longfellow, Henry Wadsworth",NA,"M","Estados Unidos","1807","1822","Sí","Fallón, Diego","Español","Inglés","Poesía",NA,"Torres Mariño, Rafael",NA,1,"255-256"
"Revista Gris","279","El olvido","8 Año II","agosto de 1894","1894-08-01","Heredia, José-Maria de",NA,"M","Cuba","1842","1905","Sí","Anónimo","Español","Francés","Poesía",NA,NA,NA,0.5,"275"
"Revista Gris","280","Conferencia","8 Año II","agosto de 1894","1894-08-01","Brettes, Joseph de",NA,"M","Francia","1861","1934","Sí","Anónimo","Español","Francés","Prosa No Ficción",NA,NA,NA,2.4,"276-278"
"Revista Gris","299","Conferencia","9 Año II","septiembre de 1894","1894-09-01","Brettes, Joseph de",NA,"M","Francia","1861","1934","Sí","Anónimo","Español","Francés","Prosa No Ficción","Conferencia",NA,NA,6,"309-315"
"Revista Gris","304","Tisbe","10 Año II","octubre de 1894","1894-10-01","Scott","Scott",NA,NA,NA,NA,"Sí","Núñez, Rafael","Español",NA,"Poesía",NA,NA,NA,1.8,"326-327"
"Revista Gris","306","Oda I. (Libro I)","10 Año II","octubre de 1894","1894-10-01","Horacio Flaco, Quinto","Horacio","M","Italia","65 a.c","27 a.c","Sí","Vergara Barros, Francisco","Español","Latín","Poesía",NA,NA,NA,1.4,"338-339"
"Revista Gris","327","El día lluvioso","11 Año II","noviembre de 1894","1894-11-01","Longfellow, Henry Wadsworth",NA,"M","Estados Unidos","1807","1822","Sí","Gaviria, Luis M.","Español","Inglés","Poesía",NA,NA,NA,0.6,"368-369"
"Revista Gris","330","Hoffmann","11 Año II","noviembre de 1894","1894-11-01","Sainte-Beuve, Charles-Augustin",NA,"M","Francia","1804","1869","Sí","Cuervo Márquez, Emilio","Español","Francés","Prosa No Ficción",NA,NA,NA,3,"379-382"
"Revista Gris","355","Convaleciente","1 Año III","enero de 1895","1895-01-01","Coppée, François",NA,"M","Francia","1842","1908","Sí","A. Z.","Español","Francés","Prosa Ficción",NA,NA,NA,11,"3-13"
"Revista Gris","359","Oda XVII. (Libro I)","1 Año III","enero de 1895","1895-01-01","Horacio Flaco, Quinto","Horacio","M","Italia","65 a.c","27 a.c","Sí","Vergara Barros, Francisco","Español","Latín","Poesía",NA,"Tindaris",NA,0.8,"23-24"
"Revista Gris","376","Ecce homo","2 Año III","julio de 1895","1895-07-01","Bourget, Paul",NA,"M","Francia","1852","1935","Sí","Bryaut","Español","Francés","Poesía","Poesía",NA,NA,1,"61"
"Revista Gris","425","Los economistas clásicos y sus adversidades","8 y 9 Año III","febrero de 1896","1896-02-01","Schuler, Ricardo",NA,NA,NA,NA,NA,"Sí","Montaña, H.","Español",NA,"Prosa No Ficción",NA,NA,NA,5.8,"227-232"
"Revista Literaria. Publicación Mensual","35","El niño fantasma","4","agosto 15 de 1890","1890-08-15","MacLaren Cobban, James","J. Maclaren Cobban","M","Reino Unido","1849","1903","Sí","Martínez Silva, Carlos","Español","Inglés","Prosa Ficción","Cuento",NA,NA,9.8,"193-202"
"Revista Literaria. Publicación Mensual","43","El bosquecillo del rey [continúa]","4","agosto 15 de 1890","1890-08-15","Hephel",NA,NA,NA,NA,NA,"Sí","Anónimo","Español","Francés","Prosa Ficción","Novela",NA,NA,7.3,"242-245"
"Revista Literaria. Publicación Mensual","52","El bosquecillo del rey [finaliza]","5","septiembre 15 de 1890","1890-09-15","Hephel",NA,NA,NA,NA,NA,"Sí","Anónimo","Español","Francés","Prosa Ficción","Novela",NA,NA,28,"265-293"
"Revista Literaria. Publicación Mensual","59","Historia de ayer","6","octubre 15 de 1890","1890-10-15","Biart, Lucien",NA,"M","Francia","1829","1897","Sí","Cortés de Merchán, Lucila","Español","Francés","Prosa Ficción",NA,NA,NA,15,"317-331"
"Revista Literaria. Publicación Mensual","75","Las aves","7","noviembre 15 de 1890","1890-11-15","Prudhomme, Sully","Sully Prudhomme","M","Francia","1839","1907","Sí","Caro, Miguel Antonio","Español","Francés","Poesía",NA,NA,NA,1.5,"33-34"
"Revista Literaria. Publicación Mensual","83","Elena Darcy","8","diciembre 15 de 1890","1890-12-15","Varigny, Charles Victor Crosnier",NA,"M","Francia","1829","1899","Sí","Cortés, Rosa María","Español","Francés","Prosa Ficción",NA,NA,NA,30.3,"65-95"
"Revista Literaria. Publicación Mensual","85","A un beso","8","diciembre 15 de 1890","1890-12-15","Burns, Robert",NA,"M","Reino Unido","1759","1796","Sí","Restrepo Restrepo, Carlos Eugenio","Español","Inglés","Poesía",NA,NA,NA,0.5,"102"
"Revista Literaria. Publicación Mensual","91","Una corrida de toros en la gloria","9","enero 15 de 1891","1891-01-15","Daudet, Alphonse",NA,"M","Francia","1840","1897","Sí","Anónimo","Español","Francés","Prosa Ficción",NA,NA,NA,4,"129-132"
"Revista Literaria. Publicación Mensual","99","Extractos curiosos del libro Viajes y permanencia en la América del Sur [continúa]","9","enero 15 de 1891","1891-01-15","Le Moyne, Arnaud Auguste Hilaire",NA,"M","Francia","1800","1891","Sí","Anónimo","Español","Francés","Prosa No Ficción",NA,NA,NA,6,"185-191"
"Revista Literaria. Publicación Mensual","102","El luis de oro","10","febrero 15 de 1891","1891-02-15","Coppée, François",NA,"M","Francia","1842","1908","Sí","Anónimo","Español","Francés","Prosa Ficción",NA,NA,NA,5,"193-197"
"Revista Literaria. Publicación Mensual","106","Sonetos italianos: El aislamiento","10","febrero 15 de 1891","1891-02-15","Petrarca, Francesco",NA,"M","Italia","1304","1374","Sí","Caro, Miguel Antonio","Español","Italiano","Poesía","Soneto",NA,NA,0.5,"235"
"Revista Literaria. Publicación Mensual","107","Sonetos italianos: La mejor belleza","10","febrero 15 de 1891","1891-02-15","Tasso, Torquato",NA,"M","Italia","1544","1595","Sí","Caro, Miguel Antonio","Español","Italiano","Poesía","Soneto",NA,NA,0.5,"235-236"
"Revista Literaria. Publicación Mensual","108","Sonetos italianos: El juicio de la belleza","10","febrero 15 de 1891","1891-02-15","Zappi, Giambattista Felice",NA,"M","Italia","1667","1710","Sí","Caro, Miguel Antonio","Español","Italiano","Poesía","Soneto",NA,NA,0.5,"236"
"Revista Literaria. Publicación Mensual","109","Sonetos italianos: A Virgilio","10","febrero 15 de 1891","1891-02-15","Carducci, Giosuè",NA,"M","Italia","1835","1907","Sí","Caro, Miguel Antonio","Español","Italiano","Poesía","Soneto",NA,NA,0.5,"236-237"
"Revista Literaria. Publicación Mensual","110","Sonetos italianos: El buey","10","febrero 15 de 1891","1891-02-15","Carducci, Giosuè",NA,"M","Italia","1835","1907","Sí","Caro, Miguel Antonio","Español","Italiano","Poesía","Soneto",NA,NA,0.5,"237"
"Revista Literaria. Publicación Mensual","113","Extractos curiosos del libro Viajes y permanencia en la América del Sur [continuación]","10","febrero 15 de 1891","1891-02-15","Le Moyne, Arnaud Auguste Hilaire",NA,"M","Francia","1800","1891","Sí","Anónimo","Español","Francés","Prosa No Ficción",NA,NA,NA,5,"242-246"
"Revista Literaria. Publicación Mensual","114","El soneto (Versión libre del inglés, de Gilder)","10","febrero 15 de 1891","1891-02-15","Gilder, Richard Watson",NA,"M","Estados Unidos","1844","1909","Sí","Mayorga Rivas, Román","Español","Inglés","Poesía","Soneto",NA,NA,0.5,"247"
"Revista Literaria. Publicación Mensual","118","El amor de un simple (puesto en castellano para la Revista Literaria)","11","marzo 15 de 1891","1891-03-15","Toché, Raoul","Frimousse","M","Francia","1850","1895","Sí","Anónimo","Español","SD","Prosa Ficción",NA,NA,NA,4.5,"257-261"
"Revista Literaria. Publicación Mensual","130","El aislamiento","12","abril 15 de 1891","1891-04-15","Lamartine, Alphonse de",NA,"M","Francia","1790","1869","Sí","Caicedo Rojas, José","Español","Francés","Poesía",NA,NA,NA,1.5,"343-345"
"Revista Literaria. Publicación Mensual","134","La tierra del ""mambi"". Habana.","12","abril 15 de 1891","1891-04-15","O'Kelly, James J.",NA,"M","Irlanda","1845","1916","Sí","Anónimo","Español",NA,"Prosa No Ficción",NA,NA,NA,5.6,"361-366"
"Revista Literaria. Publicación Mensual","138","Bogotá antigua","12","abril 15 de 1891","1891-04-15","Le Moyne, Arnaud Auguste Hilaire",NA,"M","Francia","1800","1891","Sí","Anónimo","Español","Inglés","Prosa No Ficción",NA,NA,NA,2.3,"375-377"
"Revista Literaria. Publicación Mensual","142","Toinette","13","mayo 15 de 1891","1891-05-15","Cooke, John Esten",NA,"M","Estados Unidos","1830","1886","Sí","Acosta de Samper, Soledad","Español","Inglés","Prosa Ficción","Novela",NA,NA,8,"1-8"
"Revista Literaria. Publicación Mensual","165","La fuente de las lágrimas","15","junio 20 de 1891","1891-06-20","Sacher-Masoch, Leopold von",NA,"M","Austria","1836","1895","Sí","Guzmán, Federico de","Español","Alemán","Prosa No Ficción","Novela",NA,NA,20.3,"145-166"
"Revista Literaria. Publicación Mensual","178","El aderezo del baile","16","agosto de 1891","1891-08-01","Maupassant, Guy de",NA,"M","Francia","1850","1893","Sí","Arias Argaez, Isaac","Español","Francés","Prosa Ficción",NA,NA,NA,8.6,"245-253"
"Revista Literaria. Publicación Mensual","205a","Valparaíso y Santiago","18","octubre de 1892","1892-10-01","Verbrugghe, Louis Émile",NA,"M","Francia","1851",NA,"Sí","Laverde Amaya, Isidoro","Español","Francés","Prosa No Ficción",NA,NA,NA,5.5,"397-402"
"Revista Literaria. Publicación Mensual","205b","Valparaíso y Santiago","18","octubre de 1892","1892-10-01","Verbrugghe, Georges",NA,"M","Francia","1849","1882","Sí","Laverde Amaya, Isidoro","Español","Francés","Prosa No Ficción",NA,NA,NA,5.5,"397-402"
"Revista Literaria. Publicación Mensual","208","Las memorias de Talleyrand","18","octubre de 1892","1892-10-01","Talleyrand, Charles Maurice de",NA,"M","Francia","1754","1838","Sí","Anónimo","Español","Francés","Prosa No Ficción","Memorias",NA,NA,1.5,"407-408"
"Revista Literaria. Publicación Mensual","211","De la Buenaventura a Bogotá","19","noviembre de 1891","1891-11-01","Verbrugghe, Louis Émile",NA,"M","Francia","1851",NA,"Sí","Laverde Amaya, Isidoro","Español","Francés","Prosa No Ficción",NA,NA,NA,29.5,"411-440"
"Revista Literaria. Publicación Mensual","212","De la Buenaventura a Bogotá","19","noviembre de 1891","1891-11-01","Verbrugghe, Georges",NA,"M","Francia","1849","1882","Sí","Laverde Amaya, Isidoro","Español","Francés","Prosa No Ficción",NA,NA,NA,29.5,"411-440"
"Revista Literaria. Publicación Mensual","217","Al ruiseñor","19","noviembre de 1891","1891-11-01","Lamartine, Alphonse de",NA,"M","Francia","1790","1869","Sí","Caicedo Rojas, José","Español","Francés","Poesía",NA,NA,NA,1.5,"467-468"
"Revista Literaria. Publicación Mensual","225","La vida sin amor o el doctor cimbalus","20","diciembre de 1891","1891-12-01","Capuana, Luigi",NA,"M","Italia","1839","1915","Sí","Uribe, Diego","Español","Italiano","Prosa Ficción",NA,NA,NA,16,"515-531"
"Revista Literaria. Publicación Mensual","228","Vingt Ans Apres","20","diciembre de 1891","1891-12-01","Caro, José Eusebio",NA,"M","Colombia","1817","1853","Sí","Dusson, Octave","Francés","Español","Poesía",NA,"Caro, Miguel Antonio",NA,2.5,"533-537"
"Revista Literaria. Publicación Mensual","234","Bogotá en 1841","21","enero de 1892","1892-01-01","Orbigny, Alcide Charles Victor Marie Dessalines de",NA,"M","Francia","1802","1857","Sí","González B., José María","Español","Francés","Prosa No Ficción",NA,NA,NA,6,"555-560"
"Revista Literaria. Publicación Mensual","240","L´Aparition","21","enero de 1892","1892-01-01","Caro, José Eusebio",NA,"M","Colombia","1817","1853","Sí","Dusson, Octave","Francés","Español","Poesía",NA,"Caro, Miguel Antonio",NA,2,"589-591"
"Revista Literaria. Publicación Mensual","249","La copa","22","febrero de 1892","1892-02-01","Prudhomme, Sully",NA,"M","Francia","1839","1907","Sí","Caro, Miguel Antonio","Español","Francés","Poesía",NA,NA,NA,0.5,"642"
"Revista Literaria. Publicación Mensual","250","Al llanto","22","febrero de 1892","1892-02-01","Rubió y Ors, Joaquín",NA,"M","España","1818","1899","Sí","Caro, Miguel Antonio","Español","Catalán","Poesía",NA,NA,NA,0.5,"642"
"Revista Literaria. Publicación Mensual","258","Dionisia","23","marzo de 1892","1892-03-01","Deslys, Charles",NA,"M","Francia","1821","1885","Sí","Anónimo","Español","Francés","Prosa Ficción",NA,NA,NA,37.5,"667-704"
"Revista Literaria. Publicación Mensual","260","La alborada","23","marzo de 1892","1892-03-01","Carducci, Giosuè",NA,"M","Italia","1835","1907","Sí","Narváez, Roberto de","Español","Italiano","Poesía",NA,NA,NA,1,"713"
"Revista Literaria. Publicación Mensual","262","Douleur et vertu","23","marzo de 1892","1892-03-01","Caro, José Eusebio",NA,"M","Colombia","1817","1853","Sí","Dusson, Octave","Español","Francés","Poesía",NA,NA,NA,3.3,"715,717,719, 721"
"Revista Literaria. Publicación Mensual","270","La señora Acosta de Samper","23","marzo de 1892","1892-03-01","Lambert, Suzanne","Levinck, Anne","F","Francia","1851","1898","Sí","Anónimo","Español","Francés","Prosa No Ficción",NA,NA,NA,2.7,"735-738"
"Revista Literaria. Publicación Mensual","279","Adieu a la patrie","24","abril de 1892","1892-04-01","Caro, José Eusebio",NA,"M","Colombia","1817","1853","Sí","Dusson, Octave","Francés","Español","Poesía",NA,NA,NA,1.5,"781,783"
"Revista Literaria. Publicación Mensual","286","El Doctor Capirote, o los curanderos de antaño","25","mayo de 1892","1892-05-01","Scribe, Eugène",NA,"M","Francia","1791","1861","Sí","Hartzembusch, Juan Eugenio","Español","Francés","Teatro","Teatro",NA,NA,22.5,"1-23"
"Revista Literaria. Publicación Mensual","290","En Haute mer","25","mayo de 1892","1892-05-01","Caro, José Eusebio",NA,"M","Colombia","1817","1853","Sí","Dusson, Octave","Español","Francés","Poesía","Poesía",NA,NA,1.4,"71,73"
"Revista Literaria. Publicación Mensual","292","Bogotá en 1786. Memoria leída en la Academia de Ciencias de París","25","mayo de 1892","1892-05-01","Le Blond, M.",NA,"M","Francia","1877","1944","Sí","Carrasquilla, Rafael María","Español","Francés","Prosa No Ficción","Monografía científica",NA,NA,7,"74-81"
"Revista Literaria. Publicación Mensual","305","El caballero de Ménars","26","junio de 1892","1892-06-01","Hoffmann, Ernst Theodor Amadeus","Hoffmann, E. T. A.","M","Alemania","1776","1822","Sí","Argáez, Enrique de","Español","Alemán","Prosa Ficción","Cuento",NA,NA,14.2,"114-128"
"Revista Literaria. Publicación Mensual","309","Une larme de félicité","26","junio de 1892","1892-06-01","Caro, José Eusebio",NA,"M","Colombia","1817","1853","Sí","Dusson, Octave","Francés","Español","Poesía","Poesía",NA,NA,3.4,"137-143"
"Revista Literaria. Publicación Mensual","336","Lo que cuesta una mentira. Cuento chino por el general Tcheng-Ki-Tong","28","agosto de 1892","1892-08-01","Chen, Jitong",NA,"M","China","1851","1907","Sí","Restrepo H., María Josefa","Español","Francés","Prosa Ficción","Cuento",NA,NA,7,"224-230"
"Revista Literaria. Publicación Mensual","338","Bogotá y los bogotanos","28","agosto de 1892","1892-08-01","Millican, Albert",NA,NA,NA,NA,NA,"Sí","Martín, Guillermo E.","Español","Inglés","Prosa No Ficción",NA,NA,NA,9,"239-247"
"Revista Literaria. Publicación Mensual","342","Société et Solitude","28","agosto de 1892","1892-08-01","Caro, José Eusebio",NA,"M","Colombia","1817","1853","Sí","Dusson, Octave","Francés","Español","Poesía",NA,NA,NA,1.5,"249,251"
"Revista Literaria. Publicación Mensual","360","Le bapteme","29","septiembre de 1892","1892-09-01","Caro, José Eusebio",NA,"M","Colombia","1817","1853","Sí","Dusson, Octave","Francés","Español","Poesía",NA,NA,NA,4,"303, 305, 307, 309"
"Revista Literaria. Publicación Mensual","363","El viático","29","septiembre de 1892","1892-09-01","Bouet, Carlos",NA,NA,NA,NA,NA,"Sí","Borda, Ignacio","Español","Francés","Prosa Ficción",NA,NA,NA,9.5,"314-323"
"Revista Literaria. Publicación Mensual","387","El tío Antonio","31/32","noviembre de 1892","1892-11-01","Deslys, Charles",NA,"M","Francia","1821","1885","Sí","Suárez Murillo, Carlos","Español","Francés","Prosa Ficción","Novela",NA,NA,34,"361-395"
"Revista Literaria. Publicación Mensual","393","Quito, capital de la República del Ecuador","31/32","noviembre de 1892","1892-11-01","Charton, Ernest",NA,"M","Francia","1816","1877","Sí","Laverde Amaya, Isidoro","Español","Francés","Prosa No Ficción","Viajes",NA,NA,20.3,"439-459"
"Revista Literaria. Publicación Mensual","413","La mentira de un amigo","34","febrero de 1893","1893-02-01","Deslys, Charles",NA,"M","Francia","1821","1885","Sí","Restrepo H., María Josefa","Español","Francés","Prosa Ficción","Novela",NA,NA,32,"505-537"
"Revista Literaria. Publicación Mensual","414","Amor conyugal, ó aventuras y desdchas de la señora Agustina Libarona, en el Gran Chaco, referenciadas por ella misma","34","febrero de 1893","1893-02-01","Moussy, Martín de",NA,NA,NA,NA,NA,"Sí","Laverde Amaya, Isidoro","Español","Francés","Prosa No Ficción",NA,NA,NA,22,"538-561"
"Revista Literaria. Publicación Mensual","424","La hermana mayor","35","marzo de 1893","1893-03-01","Collas, Louis-Charles",NA,"M","Francia","1825","1904","Sí","Cortés, Dorila","Español","Francés","Prosa Ficción","Novela",NA,NA,14.5,"569-583"
"Revista Literaria. Publicación Mensual","427","El tacto","35","marzo de 1893","1893-03-01","Anónimo",NA,NA,NA,NA,NA,"Sí","Guzmán, César Coronado","Español","Inglés","Prosa No Ficción",NA,NA,NA,3.2,"606-609"
"Revista Literaria. Publicación Mensual","443","Páginas sueltas","36","abril de 1893","1893-04-01","Anónimo",NA,NA,NA,NA,NA,"Sí","Anónimo","Español","Francés","Prosa No Ficción",NA,NA,NA,1.3,"658-660"
"Revista Literaria. Publicación Mensual","446","Los dos ancianos","37","mayo de 1893","1893-05-01","Tolstói, Lev Nikoláievich",NA,"M","Rusia","1828","1910","Sí","Anónimo","Español","Ruso","Prosa Ficción","Cuento",NA,NA,25.4,"1-26"
"Revista Literaria. Publicación Mensual","448","Dos ángeles","37","mayo de 1893","1893-05-01","Longfellow, Henry Wadsworth","Longfellow","M","Estados Unidos","1807","1822","Sí","Gómez, Ruperto S.","Español","Inglés","Poesía",NA,NA,NA,1.4,"31-32"
"Revista Literaria. Publicación Mensual","459","El reloj","38","junio de 1893","1893-06-01","Longfellow, Henry Wadsworth","Longfellow","M","Estados Unidos","1807","1822","Sí","Manrique, Venancio G.","Español","Inglés","Poesía",NA,NA,NA,2.5,"69-71"
"Revista Literaria. Publicación Mensual","461","Un sueño","38","junio de 1893","1893-06-01","Heine, Heinrich",NA,"M","Alemania","1797","1856","Sí","Vásquez Guarda, Efraím","Español","Alemán","Poesía",NA,NA,NA,4,"73-77"
"Revista Literaria. Publicación Mensual","464","En el jardín","38","junio de 1893","1893-06-01","D'Hervilly, Ernest",NA,"M","Francia","1839","1911","Sí","Llorente, Teodoro","Español","Francés","Poesía",NA,NA,NA,1,"94-95"
"Revista Literaria. Publicación Mensual","469","El doctor Francia","39","julio de 1893","1893-07-01","Carlyle, Thomas",NA,"M","Reino Unido","1795","1881","Sí","Drago, Luis María","Español","Inglés","Prosa No Ficción",NA,NA,NA,19.7,"114-133"
"Revista Literaria. Publicación Mensual","479","Ce que je veux","40","agosto de 1893","1893-08-01","Zola, Émile",NA,"M","Francia","1840","1902","Sí","Díaz, Leopoldo","Español","Francés","Poesía",NA,NA,NA,1.6,"162-164"
"Revista Literaria. Publicación Mensual","482","Bucaramanga","40","agosto de 1893","1893-08-01","Millican, Albert",NA,NA,NA,NA,NA,"Sí","Martín, Guillermo E.","Español","Inglés","Prosa No Ficción",NA,NA,NA,5.7,"165-170"
"Revista Literaria. Publicación Mensual","490","El árbol del silencio","41","septiembre de 1893","1893-09-01","Sacher-Masoch, Leopold von",NA,"M","Austria","1836","1895","Sí","Guzmán, Federico de","Español","Alemán","Prosa Ficción","Novela",NA,NA,58,"193-250"
"Revista Literaria. Publicación Mensual","498","Beranguer","42","octubre de 1893","1893-10-01","Legouvé, Ernest",NA,"M","Francia","1807","1903","Sí","Laverde Amaya, Isidoro","Español","Francés","Prosa No Ficción",NA,NA,NA,10.5,"265-275"
"Revista Literaria. Publicación Mensual","501","En busca de novio","42","octubre de 1893","1893-10-01","Tinseau, Léon de",NA,"M","Francia","1844","1921","Sí","Suárez Murillo, Carlos","Español","Francés","Prosa Ficción",NA,NA,NA,8,"285-293"
"Revista Literaria. Publicación Mensual","512","Traducción de Longfellow","43/44","noviembre de 1893","1893-11-01","Longfellow, Henry Wadsworth","Longfellow","M","Estados Unidos","1807","1822","Sí","Caro, Miguel Antonio","Español","Inglés","Poesía",NA,NA,NA,0.5,"356"
"Revista Literaria. Publicación Mensual","531","Juegos infantiles","45/46","febrero de 1894","1894-02-01","Heine, Heinrich",NA,"M","Alemania","1797","1856","Sí","Sanz, Eulogio Florentino","Español","Alemán","Poesía",NA,NA,NA,0.3,"458"
"Revista Literaria. Publicación Mensual","541","De Víctor Hugo [Oh ! n'insultez jamais une femme qui tombe !]","47","marzo de 1894","1894-03-01","Hugo, Victor",NA,"M","Francia","1802","1885","Sí","Calcaño, Eduardo","Español","Francés","Poesía",NA,NA,NA,0.6,"505"
"Revista Literaria. Publicación Mensual","552","Lima","48","abril de 1894","1894-04-01","Gabriac, Alexis de",NA,"M","Francia","1811","1890","Sí","Anónimo","Español","Francés","Prosa No Ficción",NA,NA,NA,4,"538-542"
"Revista Literaria. Publicación Mensual","557","Las tres hermanas del poeta. Imitación de Berthoud","48","abril de 1894","1894-04-01","Berthoud, Eugène",NA,"M","Francia","1828","1872","Sí","Calcaño, Eduardo","Español","Francés","Poesía",NA,NA,NA,0.7,"550-551"
"Revista Literaria. Publicación Mensual","558","De un álbum","48","abril de 1894","1894-04-01","Calcaño, José Antonio",NA,"M","Colombia","1827","1897","Sí","Calcaño, José Antonio","Español","Inglés","Poesía",NA,NA,NA,0.5,"551"
"Revista Literaria. Publicación Mensual","559","De Stecchetti","48","abril de 1894","1894-04-01","Guerrini, Olindo","Lorenzo Stecchetti","M","Italia","1845","1916","Sí","Cuenca, Agustín F.","Español","Italiano","Poesía",NA,NA,NA,0.5,"551"
"Revista Literaria. Publicación Mensual","562","El armero de Axbridge","49","mayo de 1894","1894-05-01","Fleuriot-Kerinou, Francis",NA,"M","Francia","1858","1925","Sí","Suárez Murillo, Carlos","Español","Francés","Prosa Ficción",NA,NA,NA,16,"1-16"
"Revista Literaria. Publicación Mensual","568","A una ciudad muerta","49","mayo de 1894","1894-05-01","Heredia, José-Maria de",NA,"M","Cuba","1842","1905","Sí","Fernández Avendaño, Enrique Wenceslao","Español","Francés","Poesía",NA,NA,NA,0.5,"29-30"
"Revista Literaria. Publicación Mensual","592","De Victor Hugo [Alborada]","51","julio de 1894","1894-07-01","Hugo, Victor",NA,"M","Francia","1802","1885","Sí","Gutiérrez, Antonio G.","Español","Francés","Poesía",NA,NA,NA,0.7,"127"
"Revista Literaria. Publicación Mensual","596","Una historia de amor","52","agosto de 1894","1894-08-01","Anónimo",NA,NA,NA,NA,NA,"Sí","Anónimo","Español","Francés","Prosa Ficción","Cuento",NA,NA,4.5,"129-133"
"Revista Literaria. Publicación Mensual","612","Muerte de amor","53","septiembre de 1894","1894-09-01","Anónimo",NA,NA,NA,NA,NA,"Sí","Calcaño, José Antonio","Español","Portugués","Poesía",NA,NA,NA,0.5,"176"
"Revista Literaria. Publicación Mensual","630","Romeo y Julieta","55/56","octubre de 1894","1894-10-01","Shakespeare, William",NA,"M","Reino Unido","1564","1616","Sí","Roa Bárcena, José María","Español","Inglés","Teatro",NA,NA,NA,1.2,"242-243"
"Revista Moderna. (Enciclopedia colombiana)","4","Un nuevo pontificado","1","Tomo I Enero de 1915","1915-01-01","Goyau, Georges",NA,"M","Francia","1869","1939","Sí","Anónimo","Español","Francés","Prosa No Ficción",NA,NA,NA,14.5,"4-18"
"Revista Moderna. (Enciclopedia colombiana)","6","Poema de una noche de amor","1","Tomo I Enero de 1915","1915-01-01","Serao, Matilde",NA,"F","Grecia","1856","1927","Sí","Revista Moderna","Español","Italiano","Prosa Ficción","Novela",NA,NA,18,"25-42"
"Revista Moderna. (Enciclopedia colombiana)","25a","The private Life of Imperor William II and Consort","1","Tomo I Enero de 1915","1915-01-01","Cuervo Márquez, Emilio","La Dirección","M","Colombia","1873","1937","Sí","Anónimo","Español","Inglés","Reseña","Bibliografía",NA,"The private Life of Emperor William II and Consort, by Henry W. Fisher",0.5,"82"
"Revista Moderna. (Enciclopedia colombiana)","25b","The private Life of Imperor William II and Consort","1","Tomo I Enero de 1915","1915-01-01","Ramos Urdaneta, Alfredo","La Dirección","M","Colombia",NA,"1949","Sí","Anónimo","Español","Inglés","Reseña","Bibliografía",NA,"The private Life of Emperor William II and Consort, by Henry W. Fisher",0.5,"82"
"Revista Moderna. (Enciclopedia colombiana)","31","Cómo se venía de España a Cartagena hace doscientos años","2","Tomo I Febrero de 1915","1915-02-01","Dahlgren, E. N.",NA,NA,NA,NA,NA,"Sí","Anónimo","Español",NA,"Prosa No Ficción",NA,NA,NA,14.5,"89-103"
"Revista Moderna. (Enciclopedia colombiana)","32","Poema de una noche de amor","2","Tomo I Febrero de 1915","1915-02-01","Serao, Matilde",NA,"F","Grecia","1856","1927","Sí","Revista Moderna","Español","Italiano","Prosa Ficción","Novela",NA,NA,19,"104-121"
"Revista Moderna. (Enciclopedia colombiana)","39","Una explicación","2","Tomo I Febrero de 1915","1915-02-01","May, Dick",NA,"M","Argelia","1859","1925","Sí","Anónimo","Español","Francés","Prosa Ficción","Cuento",NA,NA,13.8,"144-163"
"Revista Moderna. (Enciclopedia colombiana)","58","Finanzas de la guerra","3","Tomo I Marzo de 1915","1915-03-01","Moireau, Auguste",NA,"M","Francia","1842","1917","Sí","Anónimo","Español","Francés","Prosa No Ficción",NA,NA,NA,10,"183-193"
"Revista Moderna. (Enciclopedia colombiana)","59","La desconocida","3","Tomo I Marzo de 1915","1915-03-01","Savage, Richard Henry","Savage, R. H. ","M","Estados Unidos","1846","1903","Sí","Anónimo","Español","Inglés","Prosa Ficción","Novela",NA,NA,25.5,"193-218"
"Revista Moderna. (Enciclopedia colombiana)","64","Decadencia del amor. (Inédito)","3","Tomo I Marzo de 1915","1915-03-01","Prudhomme, Sully",NA,"M","Francia","1839","1907","Sí","Caro, Miguel Antonio","Español","Francés","Poesía","Poesía",NA,NA,1,"244"
"Revista Moderna. (Enciclopedia colombiana)","91","La latinidad","4","Tomo I Abril de 1915","1915-04-01","Ferrero, Guglielmo","Ferrero, Guillermo","M","Italia","1871","1942","Sí","López, Ismael","Español","Italiano","Prosa No Ficción",NA,NA,NA,10.5,"306-316"
"Revista Moderna. (Enciclopedia colombiana)","94","La desconocida","4","Tomo I Abril de 1915","1915-04-01","Savage, Richard Henry","Savage, R. H. ","M","Estados Unidos","1846","1903","Sí","Anónimo","Español","Inglés","Prosa Ficción","Novela",NA,NA,8.7,"327-335"
"Revista Moderna. (Enciclopedia colombiana)","111","La ciudad eterna","5","Tomo I Mayo de 1915","1915-05-01","Bellaigue, Camile",NA,"M","Francia","1858","1930","Sí","Anónimo","Español","Francés","Prosa Ficción",NA,NA,NA,6,"363-369"
"Revista Moderna. (Enciclopedia colombiana)","119","La desconocida","5","Tomo I Mayo de 1915","1915-05-01","Savage, Richard Henry","Savage, R. H. ","M","Estados Unidos","1846","1903","Sí","Anónimo","Español","Inglés","Prosa Ficción","Novela",NA,NA,13.5,"403-416"
"Revista Moderna. (Enciclopedia colombiana)","134","La nueva Iliada","6","Tomo I Junio de 1915","1915-06-01","Bissière, Roger",NA,"M","Francia","1886","1964","Sí","Anónimo","Español","Francés","Prosa Ficción",NA,NA,NA,3,"453-455"
"Revista Moderna. (Enciclopedia colombiana)","141","La desconocida","6","Tomo I Junio de 1915","1915-06-01","Savage, Richard Henry","Savage, R. H. ","M","Estados Unidos","1846","1903","Sí","Anónimo","Español","Inglés","Prosa Ficción","Novela",NA,NA,9.2,"485-494"
"Revista Moderna. (Enciclopedia colombiana)","157","Paraísos terrenales","7","Tomo II Julio de 1915","1915-07-01","Maizeroy, René",NA,"M","Francia","1856","1918","Sí","Revista Moderna","Español","Francés","Prosa Ficción",NA,NA,NA,9.7,"25-34"
"Revista Moderna. (Enciclopedia colombiana)","163","La Madona de Nuremberg","7","Tomo II Julio de 1915","1915-07-01","Schwob, L.",NA,NA,NA,NA,NA,"Sí","Anónimo","Español",NA,"Prosa Ficción",NA,NA,NA,4.5,"64-68"
"Revista Moderna. (Enciclopedia colombiana)","164","La desconocida","7","Tomo II Julio de 1915","1915-07-01","Savage, Richard Henry","Savage, R. H. ","M","Estados Unidos","1846","1903","Sí","Anónimo","Español","Inglés","Prosa Ficción","Novela",NA,NA,7,"72-78"
"Revista Moderna. (Enciclopedia colombiana)","184","La lucha por la vida","8","Tomo II Agosto de 1915","1915-08-01","D'Avenel, Vizconde",NA,"M","Francia","1855",NA,"Sí","Revista Moderna","Español","Francés","Prosa No Ficción",NA,NA,NA,4.2,"130-134"
"Revista Moderna. (Enciclopedia colombiana)","186","La desconocida","8","Tomo II Agosto de 1915","1915-08-01","Savage, Richard Henry","Savage, R. H. ","M","Estados Unidos","1846","1903","Sí","Anónimo","Español","Inglés","Prosa Ficción","Novela",NA,NA,14,"143-156"
"Revista Moderna. (Enciclopedia colombiana)","193","En China. El barbero","8","Tomo II Agosto de 1915","1915-08-01","Gautier, Judith",NA,"F","Francia","1845","1917","Sí","Revista Moderna","Español","Francés","Prosa Ficción","Prosas cortas",NA,NA,1.5,"161-162"
"Revista Moderna. (Enciclopedia colombiana)","194","En China. El mandarín","8","Tomo II Agosto de 1915","1915-08-01","Gautier, Judith",NA,"F","Francia","1845","1917","Sí","Revista Moderna","Español","Francés","Prosa Ficción","Prosas cortas",NA,NA,0.8,"162-163"
"Revista Moderna. (Enciclopedia colombiana)","213","El nido","9","Tomo II Septiembre de 1915","1915-09-01","Coppée, François",NA,"M","Francia","1842","1908","Sí","Narváez, Roberto de ","Español","Francés","Poesía",NA,NA,NA,0.6,"219"
"Revista Moderna. (Enciclopedia colombiana)","214","La tumba y la rosa","9","Tomo II Septiembre de 1915","1915-09-01","Hugo, Victor",NA,"M","Francia","1802","1885","Sí","Narváez, Roberto de ","Español","Francés","Poesía",NA,NA,NA,0.8,"219-220"
"Revista Moderna. (Enciclopedia colombiana)","215","Clasicismo y romanticismo","9","Tomo II Septiembre de 1915","1915-09-01","Carducci, Giosuè",NA,"M","Italia","1835","1907","Sí","Narváez, Roberto de ","Español","Italiano","Poesía",NA,NA,NA,1.2,"220-221"
"Revista Moderna. (Enciclopedia colombiana)","216","La sabiduría","9","Tomo II Septiembre de 1915","1915-09-01","Bonnard, Abel",NA,"M","Francia","1883","1968","Sí","Revista Moderna","Español","Francés","Prosa Ficción",NA,NA,NA,5,"221-226"
"Revista Moderna. (Enciclopedia colombiana)","218","El corsario del Goa","9","Tomo II Septiembre de 1915","1915-09-01","Brisay, Henry de",NA,"M","Francia","1862","1919","Sí","Revista Moderna","Español","Francés","Prosa Ficción","Novela",NA,NA,7.5,"233-240"
"Revista Moderna. (Enciclopedia colombiana)","239","El corsario del Goa","10","Tomo II Octubre de 1915","1915-10-01","Brisay, Henry de",NA,"M","Francia","1862","1919","Sí","Revista Moderna","Español","Francés","Prosa Ficción","Novela",NA,NA,15.5,"302-317"
"Revista Moderna. (Enciclopedia colombiana)","260","Goethe","11","Tomo II Noviembre de 1915","1915-11-01","Heine, Heinrich",NA,"M","Alemania","1797","1856","Sí","López, Ismael","Español","Alemán","Prosa No Ficción",NA,NA,NA,10.4,"386-396"
"Revista Moderna. (Enciclopedia colombiana)","276","Navidad","12","Tomo II Diciembre de 1915","1915-12-01","Maizeroy, René",NA,"M","Francia","1856","1918","Sí","Revista Moderna","Español","Francés","Prosa Ficción",NA,NA,NA,2,"411-413"
"Revista Moderna. (Enciclopedia colombiana)","277","Navidad en Bretaña","12","Tomo II Diciembre de 1915","1915-12-01","Claretie, Jules",NA,"M","Francia","1840","1913","Sí","Revista Moderna","Español","Francés","Prosa Ficción",NA,NA,NA,1,"413-414"
"Revista Moderna. (Enciclopedia colombiana)","278","Navidad en Italia","12","Tomo II Diciembre de 1915","1915-12-01","Lapauze, Jeanne","Lesueur, Daniel","M","Francia","1854","1821","Sí","Revista Moderna","Español","Francés","Prosa Ficción",NA,NA,NA,1.4,"414-415"
"Revista Moderna. (Enciclopedia colombiana)","279","Navidad Etíope","12","Tomo II Diciembre de 1915","1915-12-01","Roux, Hugo Le",NA,"M","Sudáfrica","1883","1970","Sí","Revista Moderna","Español","Francés (posiblemente)","Prosa Ficción",NA,NA,NA,1.3,"415-416"
"Revista Moderna. (Enciclopedia colombiana)","280","Navidad en los Estados Unidos","12","Tomo II Diciembre de 1915","1915-12-01","Hermant, Abel",NA,"M","Francia","1862","1950","Sí","Revista Moderna","Español","Francés","Prosa Ficción",NA,NA,NA,1.5,"417-418"
"Revista Moderna. (Enciclopedia colombiana)","281","Navidad en Rusia","12","Tomo II Diciembre de 1915","1915-12-01","Kaminsky-Halpérine, Ilya",NA,"M","Rusia","1858","1936","Sí","Revista Moderna","Español","Ruso","Prosa Ficción",NA,NA,NA,1,"418-419"
"Revista Moderna. (Enciclopedia colombiana)","282","Navidad en Inglaterra","12","Tomo II Diciembre de 1915","1915-12-01","L'Heureux, Marcel",NA,"M","Francia","1865",NA,"Sí","Revista Moderna","Español","Francés","Prosa Ficción",NA,NA,NA,1.5,"419-420"
"Revista Moderna. (Enciclopedia colombiana)","288","Las ruinas de Lovaina","12","Tomo II Diciembre de 1915","1915-12-01","Verhaeren, Émile",NA,"M","Bélgica","1855","1916","Sí","Revista Moderna","Español","Neerlandés o Francés","Prosa Ficción",NA,NA,NA,11,"453-464"
"Revista Moderna. (Enciclopedia colombiana)","310","La reina del Adriático","13","Tomo III Enero de 1916","1916-01-01","Anónimo",NA,NA,NA,NA,NA,"Sí","Revista Moderna","Español",NA,"Prosa Ficción",NA,NA,NA,8.6,"10-18"
"Revista Moderna. (Enciclopedia colombiana)","323","Las indias","14","Tomo II Enero 15 de 1916","1916-01-15","Bilac, Olavo",NA,"M","Brasil","1865","1918","Sí","Arciniegas, Ismael Enrique","Español","Portugués","Poesía",NA,NA,NA,1,"70"
"Revista Moderna. (Enciclopedia colombiana)","327","Las invasiones occidentales en Rusia","14","Tomo II Enero 15 de 1916","1916-01-15","Larréguy de Civrieux, Louis Marie Sylvain Pierre","Comandante de Civrieux","M","Francia","1796","1874","Sí","Anónimo","Español","Francés","Prosa No Ficción",NA,NA,NA,4,"90-94"
"Revista Moderna. (Enciclopedia colombiana)","352","La filosofía del ejército alemán","16","Tomo II Febrero 15 de 1916","1916-02-15","Perrier, Joseph-Luis","J.L. Perrier","M","Francia","1874","19..","Sí","Anónimo","Español","Francés","Prosa No Ficción",NA,"Revista Moderna",NA,6.3,"167-173"
"Revista Moderna. (Enciclopedia colombiana)","366","Aventuras de un artista. Campaña de Rusia de 1812","17","Tomo II Febrero 29 de 1916","1916-02-29","Anónimo",NA,NA,NA,NA,NA,"Sí","Revista Moderna","Español",NA,"Prosa No Ficción",NA,NA,NA,13,"198-210"
"Revista Moderna. (Enciclopedia colombiana)","385","Un héroe. Murat y sus cuarenta ladrone","18","Tomo II Marzo 18 de 1916","1916-03-18","Anónimo",NA,NA,NA,NA,NA,"Sí","Revista Moderna","Español",NA,"Prosa No Ficción","Traducción","Revista Moderna",NA,8.8,"270-278"
"Revista Moderna. (Enciclopedia colombiana)","412","Don Quijote","20","Tomo III. Abril 18 de 1916","1916-04-18","Saint-Victor, Paul de",NA,"M","Francia","1827","1881","Sí","Bulla, Roberto","Español","Francés","Prosa No Ficción",NA,NA,NA,12,"364-376"
"Revista Moderna. (Enciclopedia colombiana)","493","El misterio de la expedición Shackleton","26","Tomo IV. Julio 26 de 1916","1916-07-26","Rabot, Charles",NA,"M","Francia","1856","1944","Sí","Revista Moderna","Español","Francés","Prosa Ficción",NA,NA,NA,8.4,"56-64"
"Revista Moderna. (Enciclopedia colombiana)","496","El balance de la guerra","26","Tomo IV. Julio 26 de 1916","1916-07-26","Anónimo",NA,NA,NA,NA,NA,"Sí","La Dirección (Revista Moderna)","Español",NA,"Prosa No Ficción",NA,NA,NA,5.5,"83-88"
"Revista Moderna. (Enciclopedia colombiana)","508","El desgaste alemán","27","Tomo IV. Agosto 10 de 1916","1916-08-10","Anónimo",NA,NA,NA,NA,NA,"Sí","La Dirección (Revista Moderna)","Español","Alemán","Prosa No Ficción",NA,NA,NA,4.5,"134-138"
"Revista Moderna. (Enciclopedia colombiana)","545","Una visita a las trincheras del Ser","30","Tomo IV. Octubre 1 de 1916","1916-10-01","Yver, Colette",NA,"F","Francia","1874","1953","Sí","Sarmiento, Luis Alberto","Español","Francés","Prosa Ficción",NA,NA,NA,18,"252-269"
"Revista Moderna. (Enciclopedia colombiana)","585","Santo Tomás de Aquino como poeta","33/34","Tomo IV. Noviembre 30 de 1916","1916-11-30","Gourmont, Remy de",NA,"M","Francia","1858","1915","Sí","R.M.C. (Carrasquilla, Monseñor Rafael M.)","Español","Francés","Prosa Ficción",NA,NA,NA,6,"401-407"
"Revista Moderna. (Enciclopedia colombiana)","587","¡En avant! ¡A la Baïonnette!","33/34","Tomo IV. Noviembre 30 de 1916","1916-11-30","Lt. P... P...","Lt. P... P...",NA,NA,NA,NA,"Sí","Sarmiento, Luis Alberto","Español","Francés","Prosa No Ficción",NA,NA,NA,13.5,"413-426"
"Revista Moderna. (Enciclopedia colombiana)","603","Los tres reyes. (Cuento de navidad)","35/36","Tomo IV. Diciembre de 1916","1916-12-01","Gebhart, Émile",NA,"M","Francia","1839","1908","Sí","Montoya Bonitto, Enrique","Español","Francés","Prosa Ficción","Cuento","Revista Moderna",NA,11,"488-498"
"Revista Moderna. (Enciclopedia colombiana)","605","San Pablo en Atenas","35/36","Tomo IV. Diciembre de 1916","1916-12-01","Renan, Ernest",NA,"M","Francia","1823","1892","Sí","López, Ismael","Español","Francés","Prosa No Ficción",NA,NA,NA,13.6,"514-527"
"Revista Moderna. (Enciclopedia colombiana)","606","Palomas mensajeras","35/36","Tomo IV. Diciembre de 1916","1916-12-01","Sarcier, Luis",NA,NA,NA,NA,NA,"Sí","Sarmiento, Luis Alberto","Español","Francés","Prosa No Ficción",NA,NA,NA,11.4,"527-538"
"Sábado Revista Semanal","22","Mi obra en Colombia","2","14 de mayo de 1921","1921-05-14","Verlet, Raoul Charles","R. Verlet","M","Francia","1857","1963","Sí","Verlet, Raoul Charles","Español","Francés","Prosa No Ficción",NA,"(Traducción para Sábado)",NA,0.7,"16"
"Sábado Revista Semanal","24","Mediodía silencioso","2","14 de mayo de 1921","1921-05-14","Rossetti, Dante Gabriel",NA,"M","Reino Unido","1828","1882","Sí","Anónimo","Español","Inglés","Poesía",NA,NA,NA,0.2,"16"
"Sábado Revista Semanal","27","De los libros","2","14 de mayo de 1921","1921-05-14","Anónimo",NA,NA,NA,NA,NA,"Sí","Anónimo","Español",NA,"Poesía",NA,NA,NA,0.5,NA
"Sábado Revista Semanal","22","La maledicencia","3","21 de mayo de 1921","1921-05-21","Maeterlinck, Maurice",NA,"M","Bélgica","1862","1949","Sí","Anónimo","Español","Francés","Prosa No Ficción",NA,NA,NA,0.5,"24"
"Sábado Revista Semanal","22","De los libros","4","28 de mayo de 1921","1921-05-28","Anónimo",NA,NA,NA,NA,NA,"Sí","Anónimo","Español",NA,"Prosa Ficción",NA,NA,NA,0.5,"35-36"
"Sábado Revista Semanal","17","Lirica antigua. Madrigal","6","11 de junio de 1921","1921-06-11","Lyly, Jhon","Juan Lyly","M","Reino Unido","1553 o 1554","1606","Sí","Anónimo","Español","Inglés","Poesía",NA,NA,NA,0.2,"58"
"Sábado Revista Semanal","20","De los libros","6","11 de junio de 1921","1921-06-11","Anónimo",NA,NA,NA,NA,NA,"Sí","Anónimo","Español",NA,"Prosa Ficción",NA,NA,NA,0.5,"60"
"Sábado Revista Semanal","5","El tesoro de los pobres","7","18 de junio de 1921","1921-06-18","Richepin, Jean","Juan Richepin","M","Argelia","1849","1926","Sí","Anónimo","Español","Francés","Prosa Ficción",NA,NA,NA,0.5,"63"
"Sábado Revista Semanal","8","De Jules Renard. Una familia de arboles","7","18 de junio de 1921","1921-06-18","Renard, Jules","J. Renard","M","Francia","1864","1910","Sí","Anónimo","Español","Francés","Poesía",NA,NA,NA,0.2,"65"
"Sábado Revista Semanal","9","De Jules Renard. El ratón","7","18 de junio de 1921","1921-06-18","Renard, Jules","J. Renard","M","Francia","1864","1910","Sí","Anónimo","Español","Francés","Poesía",NA,NA,NA,0.2,"65"
"Sábado Revista Semanal","10","De Jules Renard. El botón","7","18 de junio de 1921","1921-06-18","Renard, Jules","J. Renard","M","Francia","1864","1910","Sí","Anónimo","Español","Francés","Poesía",NA,NA,NA,0.2,"65"
"Sábado Revista Semanal","11","Lirica antigua. Soneto","7","18 de junio de 1921","1921-06-18","Sassi, Panfilo","Sasso, Panfilo","M","Italia","1455","1527","Sí","Díez Canedo, Enrique","Español","Italiano","Poesía",NA,NA,NA,0.2,"65"
"Sábado Revista Semanal","16","Los nenufares","7","18 de junio de 1921","1921-06-18","Alexis Rostand, Edmond Eugène","Rostand","M","Francia","1868","1918","Sí","Jaramillo, Eusebio","Español","Francés","Poesía",NA,"(Traducción para Sábado)",NA,0.5,"67"
"Sábado Revista Semanal","19","La felicidad","7","18 de junio de 1921","1921-06-18","Merrill, Stuart",NA,"M","Estados Unidos","1863","1915","Sí","Anónimo","Español","Inglés","Prosa No Ficción",NA,NA,NA,0.5,"72"
"Sábado Revista Semanal","6","Los enjambres incendiados","8","25 de junio de 1921","1921-06-25","Alexis Rostand, Edmond Eugène","Edmon Rostand","M","Francia","1868","1918","Sí","Robledo, Jorge Samuel","Español","Francés","Poesía",NA,"(Traducción para Sábado)",NA,1,"77"
"Sábado Revista Semanal","14","La lumbre","8","25 de junio de 1921","1921-06-25","Eça de Queirós, José Maria","Eça de Queiroz","M","Portugal","1845","1900","Sí","Anónimo","Español","Portugués","Poesía",NA,NA,NA,1.7,"80-81"
"Sábado Revista Semanal","18","Atenas","8","25 de junio de 1921","1921-06-25","Graf, Arturo",NA,"M","Grecia","1848","1913","Sí","Valencia, Guillermo","Español","Italiano","Poesía",NA,NA,NA,0.2,"83"
"Sábado Revista Semanal","9","El amor a lo blanco","9","2 de julio de 1921","1921-07-02","Rodenbach, Georges","Rodenbach, Jorge",NA,NA,NA,NA,"Sí","Anónimo","Español",NA,"Prosa No Ficción",NA,NA,NA,2,"87-88-89"
"Sábado Revista Semanal","16","De Oscar Wilde","9","2 de julio de 1921","1921-07-02","Wilde, Oscar",NA,"M","Irlanda","1854","1900","Sí","Anónimo","Español","Inglés","Poesía",NA,NA,NA,0.5,"92"
"Sábado Revista Semanal","20","Lirica antigua. Su nombre","9","2 de julio de 1921","1921-07-02","Spencer, Edmund","Edmundo Spencer","M","Reino Unido","1552/1553","1599","Sí","Anónimo","Español","Inglés","Poesía",NA,NA,NA,0.2,"95"
"Sábado Revista Semanal","6","La encina","10","9 de julio de 1921","1921-07-09","Eça de Queirós, José Maria","Eça de Queiroz","M","Portugal","1845","1900","Sí","Anónimo","Español","Portugués","Prosa Ficción",NA,NA,NA,0.2,"100"
"Sábado Revista Semanal","21","Lirica antigua. Rondel","10","9 de julio de 1921","1921-07-09","Orleans, Carlos de",NA,"M","Francia","1394","1465","Sí","Anónimo","Español","Francés","Poesía",NA,NA,NA,0.2,"107"
"Sábado Revista Semanal","8","Giovanni Papini. El espejo encantado de la vida","11","16 de julio de 1921","1921-07-16","Papini, Giovanni",NA,"M","Italia","1881","1956","Sí","Anónimo","Español","Italiano","Prosa Ficción",NA,NA,NA,1.5,"111-112"
"Sábado Revista Semanal","11","De Baudelaire","11","16 de julio de 1921","1921-07-16","Baudelaire, Charles","Carlos Baudelaire","M","Francia","1821","1867","Sí","Anónimo","Español","Francés","Poesía",NA,NA,NA,0.5,"113"
"Sábado Revista Semanal","15","Lirica antigua. Balada de las damas del tiempo que fue","11","16 de julio de 1921","1921-07-16","Villon, François","Francisco Villon","M","Francia","1431","1463","Sí","Anónimo","Español","Francés","Poesía",NA,NA,NA,0.2,"115"
"Sábado Revista Semanal","10","El dolor","14","6 de agosto de 1921","1921-08-06","D'Ors, Eugenio","Xenius","M","España","1881","1954","Sí","Anónimo","Español","Catalán","Prosa No Ficción",NA,NA,NA,0.2,"149"
"Sábado Revista Semanal","17","Lirica antigua. Aspiración","14","6 de agosto de 1921","1921-08-06","Byron, George Gordon","Lord Byron","M","Reino Unido","1788","1824","Sí","Gutiérrez González, Gregorio","Español","Inglés","Poesía",NA,NA,NA,0.5,"153"
"Sábado Revista Semanal","11","Caruso","15","13 de agosto de 1921","1921-08-13","Caruso, Enrico",NA,"M","Italia","1873","1921","Sí","Anónimo","Español","Italiano","Prosa No Ficción",NA,NA,NA,1.5,"161-162"
"Sábado Revista Semanal","14","De Alfredo de Vigny","15","13 de agosto de 1921","1921-08-13","Vigny, Alfred de","Alfredo de Vigny","M","Francia","1797","1863","Sí","Anónimo","Español","Francés","Prosa No Ficción",NA,"(Traducción para Sábado)",NA,0.2,"162"
"Sábado Revista Semanal","5","Ruben Darío","16","20 de agosto de 1921","1921-08-20","D'Ors, Eugenio","Xenius","M","España","1881","1954","Sí","Anónimo","Español","Catalán","Prosa No Ficción",NA,NA,NA,0.5,"169-170"
"Sábado Revista Semanal","6","Praga","16","20 de agosto de 1921","1921-08-20","Vinyes, Ramón",NA,"M","España","1882","1952","Sí","Anónimo","Español","Catalán","Prosa No Ficción",NA,NA,NA,0.5,"170"
"Sábado Revista Semanal","9","Los rubayata","16","20 de agosto de 1921","1921-08-20","Khayyam, Omar",NA,"M","Irán","1048","1131","Sí","Anónimo","Español",NA,"Poesía",NA,NA,NA,1,"172"
"Sábado Revista Semanal","20","Apologo","16","20 de agosto de 1921","1921-08-20","Wilde, Oscar",NA,"M","Irlanda","1854","1900","Sí","Anónimo","Español","Inglés","Prosa Ficción",NA,NA,NA,0.2,"178"
"Sábado Revista Semanal","1","Las condiciones de la crítica literaria","17","27 de agosto de 1921","1921-08-27","Albalat, Antoine",NA,"M","Francia","1856","1935","Sí","Anónimo","Español","Francés","Prosa No Ficción",NA,"(Traducido para Sábado)",NA,1.2,"181-182"
"Sábado Revista Semanal","5","Lirica antigua. Vier haben viel eimander gefuhlt","17","27 de agosto de 1921","1921-08-27","Heine, Heinrich","Enrique Heine","M","Alemania","1797","1856","Sí","Díez Canedo, Enrique","Español","Alemán","Poesía",NA,NA,NA,0.2,"183"
"Sábado Revista Semanal","20","La muñeca","17","27 de agosto de 1921","1921-08-27","Hugo, Victor",NA,"M","Francia","1802","1885","Sí","Anónimo","Español","Francés","Prosa No Ficción",NA,NA,NA,0.2,"191"
"Sábado Revista Semanal","5","Las condiciones de la crítica literaria","18","3 de septiembre de 1921","1921-09-03","Albalat, Antoine",NA,"M","Francia","1856","1935","Sí","Anónimo","Español","Francés","Prosa No Ficción",NA,"(Traducido para Sábado)",NA,1,"194-195"
"Sábado Revista Semanal","8","Odas","18","3 de septiembre de 1921","1921-09-03","Hafis","Hafiz","M","Irán","1325","1389","Sí","Anónimo","Español",NA,"Poesía",NA,NA,NA,1,"196"
"Sábado Revista Semanal","20","Canción de la mañana","18","3 de septiembre de 1921","1921-09-03","Carducci, Giosuè","Josué Carducci","M","Italia","1835","1907","Sí","Anónimo","Español","Italiano","Poesía",NA,NA,NA,0.2,"200"
"Sábado Revista Semanal","6","Parabola de los enamorados","19","10 de septiembre de 1921","1921-09-10","Maseras, Alfonso",NA,"M","España","1884","1939","Sí","Anónimo","Español","Catalán","Prosa Ficción",NA,NA,NA,2.2,"207-208-209"
"Sábado Revista Semanal","8","El origen","19","10 de septiembre de 1921","1921-09-10","Tagore, Rabindranath",NA,"M","India","1861","1941","Sí","Anónimo","Español","Bengalí","Poesía",NA,NA,NA,0.2,"209"
"Sábado Revista Semanal","16","Lirica antigua. A la luna","21","24 de septiembre de 1921","1921-09-24","Leopardi, Giacomo","Leopardi","M","Italia","1798","1837","Sí","Baráibar, Federico","Español","Italiano","Poesía",NA,NA,NA,0.2,"236"
"Sábado Revista Semanal","4","El loto del Gangés","25","22 de octubre de 1921","1921-10-22","Castanier, Prosper",NA,"M","Francia","1865",NA,"Sí","Anónimo","Español","Francés","Prosa Ficción",NA,NA,NA,0.2,"281"
"Sábado Revista Semanal","12","Retrato de una mujer bella","27","5 de noviembre de 1921","1921-11-05","D'Annunzio, Gabriele",NA,"M","Italia","1863","1938","Sí","Anónimo","Español","Italiano","Prosa Ficción",NA,NA,NA,0.2,"316"
"Sábado Revista Semanal","9","Poetica","28","12 de noviembre de 1921","1921-11-12","Louÿs, Pierre",NA,"M","Francia","1870","1925","Sí","Cano, Antonio José","Español","Francés","Poesía",NA,"(De Pierre Louys) (Versión para Sábado)",NA,0.7,"327"
"Sábado Revista Semanal","23","Selección. Fiel","28","12 de noviembre de 1921","1921-11-12","Hugo, Victor",NA,"M","Francia","1802","1885","Sí","Anónimo","Español","Francés","Prosa Ficción",NA,NA,NA,0.5,"333"
"Sábado Revista Semanal","24","Fuente","28","12 de noviembre de 1921","1921-11-12","Vinyes, Ramón",NA,"M","España","1882","1952","Sí","Anónimo","Español","Catalán","Poesía",NA,NA,NA,0.1,"333"
"Sábado Revista Semanal","6","Endimion","29","19 de noviembre de 1921","1921-11-19","Wilde, Oscar",NA,"M","Irlanda","1854","1900","Sí","Anónimo","Español","Inglés","Poesía",NA,NA,NA,0.5,"336"
"Sábado Revista Semanal","25","Notas. Surtidor de claustro. Cementerio aldeano. Lampara votiva.","29","19 de noviembre de 1921","1921-11-19","Vinyes, Ramón",NA,"M","España","1882","1952","Sí","Anónimo","Español","Catalán","Poesía",NA,"(Original para Sábado)",NA,0.2,"345"
"Sábado Revista Semanal","4","La mentira","30","26 de noviembre de 1921","1921-11-26","Andreev, Leonid Nikolaevich","Leonidas Andreief","M","Rusia","1871","1919","Sí","Anónimo","Español","Ruso","Prosa Ficción",NA,"(Traducción para Sábado)",NA,3.7,"348-349-350-351"
"Sábado Revista Semanal","21","Los niños","31","3 de diciembre de 1921","1921-12-03","Amicis, Edmondo de","Edmundo de Amicis",NA,NA,NA,NA,"Sí","Anónimo","Español","Italiano","Poesía",NA,NA,NA,0.2,"370"
"Sábado Revista Semanal","18","Lagrimas","32","10 de diciembre de 1921","1921-12-10","D'Annunzio, Gabriele",NA,"M","Italia","1863","1938","Sí","Anónimo","Español","Italiano","Poesía",NA,NA,NA,0.2,"379"
"Sábado Revista Semanal","21","Maria Bashkirtseff","32","10 de diciembre de 1921","1921-12-10","Coppée, François","Francois Copee","M","Francia","1842","1908","Sí","Anónimo","Español","Francés","Prosa No Ficción",NA,NA,NA,1.5,"380-381-382"
"Sábado Revista Semanal","23","De los libros","32","10 de diciembre de 1921","1921-12-10","Anónimo",NA,NA,NA,NA,NA,"Sí","Anónimo","Español",NA,"Prosa No Ficción",NA,NA,NA,0.7,"382"
"Sábado Revista Semanal","14","El ramo de margaritas","36","4 de marzo de 1922","1922-03-04","Amaru","Amarou","M","India","ca. VII","ca. VII","Sí","Anónimo","Español",NA,"Poesía",NA,NA,NA,0.2,"425"
"Sábado Revista Semanal","6","Balada","37","11 de marzo de 1922","1922-03-11","Fort, Paul",NA,"M","Francia","1872","1960","Sí","Anónimo","Español","Francés","Poesía",NA,NA,NA,0.2,"432"
"Sábado Revista Semanal","17","Serenata","37","11 de marzo de 1922","1922-03-11","Wilde, Oscar",NA,"M","Irlanda","1854","1900","Sí","Anónimo","Español","Inglés","Poesía",NA,NA,NA,0.2,"437"
"Sábado Revista Semanal","25","Poemas antiguos. Las doncellas de Dacapour. Indiferencia","37","11 de marzo de 1922","1922-03-11","Amaru","Amarou","M","India","ca. VII","ca. VII","Sí","Anónimo","Español",NA,"Poesía",NA,NA,NA,0.2,"439"
"Sábado Revista Semanal","6","Poemas antiguos. El ruiseñor. Injusticia. Misiva. La última vez.","38","18 de marzo de 1922","1922-03-18","Amaru","Amarou","M","India","ca. VII","ca. VII","Sí","Anónimo","Español",NA,"Poesía",NA,NA,NA,0.2,"444"
"Sábado Revista Semanal","7","Los cuentos de ""Sábado"". Ana María","38","18 de marzo de 1922","1922-03-18","Pierre Rolland, Maurice",NA,"M","Francia","1902","1986","Sí","Anónimo","Español","Francés","Prosa Ficción","Cuento",NA,NA,1.2,"445-446"
"Sábado Revista Semanal","9","Balada","38","18 de marzo de 1922","1922-03-18","Fort, Paul",NA,"M","Francia","1872","1960","Sí","Anónimo","Español","Francés","Poesía",NA,NA,NA,0.2,"446"
"Sábado Revista Semanal","6","Poemas antiguos. Explicación. La canción de las flechas. El juramento. El amor invencible.","39","25 de marzo de 1922","1922-03-25","Amaru","Amarou","M","India","ca. VII","ca. VII","Sí","Anónimo","Español",NA,"Poesía",NA,NA,NA,0.2,"456"
"Sábado Revista Semanal","5","La leyenda del hombre del cerebro de oro","40","1 de abril de 1922","1922-04-01","Daudet, Alphonse","Daudet","M","Francia","1840","1897","Sí","Gómez Henao, Graciela","Español","Francés","Prosa Ficción",NA,"(Traducido para Sábado)",NA,1,"468-469"
"Sábado Revista Semanal","7","Oh, esos largos silencios...","43","29 de abril de 1922","1922-04-29","Mendès, Catulle",NA,"M","Francia","1841","1909","Sí","Anónimo","Español","Francés","Poesía",NA,NA,NA,0.2,"509"
"Sábado Revista Semanal","9","Poemas","44","6 de mayo de 1922","1922-05-06","Mendès, Catulle",NA,"M","Francia","1841","1909","Sí","Anónimo","Español","Francés","Poesía",NA,NA,NA,0.2,"522"
"Sábado Revista Semanal","24","Nocturno","44","6 de mayo de 1922","1922-05-06","Moréas, Jean","Juan Moreas","M","Grecia","1856","1910","Sí","Villegas, Aquilino","Español","Francés","Poesía",NA,NA,NA,0.2,"529"
"Sábado Revista Semanal","10","La patria","47","27 de mayo de 1922","1922-05-27","Hibbard Kemp, Harry","Harry Kemp","M","Estados Unidos","1883","1960","Sí","Anónimo","Español","Inglés","Prosa Ficción",NA,NA,NA,0.5,"558"
"Sábado Revista Semanal","6","El sombrero de seda de Italia","50","17 de junio de 1922","1922-06-17","Le Semainier","Le Semainier",NA,NA,NA,NA,"Sí","Anónimo","Español","Francés","Prosa No Ficción",NA,"(Traducido de L'Ilustration de París, para ""Sábado"")",NA,2,"596-597-598"
"Sábado Revista Semanal","6","Morada de paz","52","1 de julio de 1922","1922-07-01","Tagore, Rabindranath",NA,"M","India","1861","1941","Sí","Anónimo","Español","Bengalí","Prosa Ficción",NA,NA,NA,0.5,"626-627"
"Sábado Revista Semanal","8","El beso","52","1 de julio de 1922","1922-07-01","Merrill, Stuart",NA,"M","Estados Unidos","1863","1915","Sí","Anónimo","Español","Inglés","Poesía",NA,NA,NA,0.2,"627"
"Sábado Revista Semanal","11","La última clase. Narración de un muchacho Alsaciano","54","15 de julio de 1922","1922-07-15","Daudet, Alphonse","Daudet","M","Francia","1840","1897","Sí","Greiff, Luis de","Español","Francés","Prosa Ficción",NA,NA,NA,1,"652-653"
"Sábado Revista Semanal","27","Los árboles","54","15 de julio de 1922","1922-07-15","Renard, Jules","J. Renard","M","Francia","1864","1910","Sí","Anónimo","Español","Francés","Prosa Ficción",NA,NA,NA,0.2,"660"
"Sábado Revista Semanal","7","El idioma francés","56","29 de julio de 1922","1922-07-29","Deschanel, Paul Eugène Louis",NA,"M","Francia","1855","1922","Sí","Messidor","Español","Francés","Prosa No Ficción",NA,NA,NA,1,"675-676"
"Sábado Revista Semanal","31","Crónica antigua. Los billetes de Banco.","57","5 de agosto de 1922","1922-08-05","Bel, León",NA,NA,NA,NA,NA,"Sí","Anónimo","Español","Francés","Prosa No Ficción","Crónica","(A José Valásquez García)",NA,0.7,NA
"Sábado Revista Semanal","17","Los pobres","58","12 de agosto de 1922","1922-08-12","Amicis, Edmondo de","Edmundo de Amicis",NA,NA,NA,NA,"Sí","Anónimo","Español","Italiano","Prosa No Ficción",NA,NA,NA,0.2,"703"
"Sábado Revista Semanal","30","El automovil","58","12 de agosto de 1922","1922-08-12","Bataille, Henry",NA,"M","Francia","1872","1922","Sí","Anónimo","Español","Francés","Prosa Ficción",NA,NA,NA,0.2,"708"
"Sábado Revista Semanal","32","Resolución","58","12 de agosto de 1922","1922-08-12","Le Bon, Gustave",NA,"M","Francia","1841","1931","Sí","Anónimo","Español","Francés","Poesía",NA,NA,NA,0.2,NA
"Sábado Revista Semanal","7","Filomela","59","19 de agosto de 1922","1922-08-19","Fort, Paul",NA,"M","Francia","1872","1960","Sí","Anónimo","Español","Francés","Poesía",NA,NA,NA,0.2,"710"
"Sábado Revista Semanal","23","Sección científica","63","16 de septiembre de 1922","1922-09-16","Jaramillo M., Luis E.",NA,"M","Colombia","1892",NA,"Sí","Anónimo","Español","Inglés","Prosa No Ficción",NA,"(Traducción del libro ""The Veterinary Farmer Adviser"" para Sábado)",NA,0.5,"768"
"Sábado Revista Semanal","5","Sobre mi caja fuerte...","72","18 de noviembre de 1922","1922-11-18","Bonnard, Sylvestre",NA,"M","Francia","1864","1942","Sí","Anónimo","Español",NA,"Prosa No Ficción",NA,NA,NA,0.2,"867"
"Sábado Revista Semanal","9","Como fue vencido Georges Carpentier","76","16 de diciembre de 1922","1922-12-16","Anónimo",NA,NA,NA,NA,NA,"Sí","Anónimo","Español","Francés","Prosa No Ficción",NA,"(Traducido para Sábado, de l' Echo des Sports - París)",NA,3.5,"917-918-919-920"
"Sábado Revista Semanal","28","Soñada","80","3 de febrero de 1923","1923-02-03","Wilde, Oscar",NA,"M","Irlanda","1854","1900","Sí","Anónimo","Español","Inglés","Poesía",NA,NA,NA,0.2,"976"
"Sábado Revista Semanal","9","Ideas y paradojas","81","10 de febrero de 1923","1923-02-10","France, Anatole",NA,"M","Francia","1844","1924","Sí","Anónimo","Español","Francés","Poesía",NA,NA,NA,0.2,"980"
"Sábado Revista Semanal","21","Poema en prosa","82","17 de febrero de 1923","1923-02-17","Tagore, Rabindranath","Tagore","M","India","1861","1941","Sí","Anónimo","Español","Bengalí","Poesía",NA,NA,NA,0.2,"997"
"Sábado Revista Semanal","22","El arte","85","10 de marzo de 1923","1923-03-10","Rodin, Auguste",NA,"M","Francia","1840","1917","Sí","Anónimo","Español","Francés","Prosa No Ficción",NA,NA,NA,0.2,"1036"
"Sábado Revista Semanal","3","La filosofía del telefono","86","17 de marzo de 1923","1923-03-17","Souday, Paul",NA,"M","Francia","1869","1929","Sí","Anónimo","Español","Francés","Prosa No Ficción",NA,NA,NA,1,"1037-1038"
"Sábado Revista Semanal","3","Lamma Sabantani","87","24 de marzo de 1923","1923-03-24","Papini, Giovanni",NA,"M","Italia","1881","1956","Sí","Anónimo","Español","Italiano","Prosa Ficción",NA,"(Traducido para Sábado)",NA,2,"1049-1050"
"Sábado Revista Semanal","7","Las campanas","87","24 de marzo de 1923","1923-03-24","Rollinat, Maurice","Mauricio Rollinat","M","Francia","1846","1903","Sí","Anónimo","Español","Francés","Poesía",NA,NA,NA,0.2,"1051"
"Sábado Revista Semanal","8","En Nazareth","87","24 de marzo de 1923","1923-03-24","Lagerlöf, Selma",NA,"F","Suecia","1858","1940","Sí","Anónimo","Español","Sueco","Prosa Ficción",NA,"(Traducción para Sábado)",NA,1.2,"1052-1053"
"Sábado Revista Semanal","18","Sor Gaëtan","88","7 de abril de 1923","1923-04-07","Abella-Nouvrac, Louis","Nouvrac, L. Abella de",NA,NA,NA,NA,"Sí","Anónimo","Español","Francés","Prosa No Ficción",NA,NA,NA,1,"1069-1070-1071"
"Sábado Revista Semanal","19","¿En qué año estamos?","89","14 de abril de 1923","1923-04-14","Massé, Pierre Benjamín Daniel","Massé, Pierre","M","Francia","1898","1987","Sí","Anónimo","Español","Francés","Prosa No Ficción",NA,NA,NA,0.5,"1080"
"Sábado Revista Semanal","13","El beso","90","21 de abril de 1923","1923-04-21","Merrill, Stuart",NA,"M","Estados Unidos","1863","1915","Sí","Cruz, Jesús Antonio","Español","Inglés","Poesía",NA,NA,NA,0.2,"1089"
"Sábado Revista Semanal","14","Los cuentos de ""Sábado"". Mi tio se despide","90","21 de abril de 1923","1923-04-21","Pierre Rolland, Maurice",NA,"M","Francia","1902","1986","Sí","Anónimo","Español","Francés","Prosa Ficción","Cuento","(""Las memorias de Juan Martín"")",NA,1.2,"1090-1091-1092"
"Sábado Revista Semanal","16","Lyon","92","5 de mayo de 1923","1923-05-05","Bonnard, Sylvestre",NA,"M","Francia","1864","1942","Sí","Anónimo","Español",NA,"Prosa Ficción",NA,NA,NA,1.2,"1115-1116"
"Sábado Revista Semanal","9","De ""El Valle de Josafat""","95","26 de mayo de 1923","1923-05-26","D'Ors, Eugenio","Xenius","M","España","1881","1954","Sí","Anónimo","Español","Catalán","Prosa No Ficción",NA,NA,NA,1,"1149-1150"
"Sábado Revista Semanal","63","Verdadera amistad","100","7 de julio de 1923","1923-07-07","Anónimo",NA,NA,NA,NA,NA,"Sí","Saldarriaga, Antonio","Español",NA,"Prosa Ficción",NA,"(Traducido para Sábado en su No. 100)",NA,0.7,"1232-1233"
"Trofeos","4","A Fanny","1","15 de septiembre de 1906","1906-09-15","Chénier, André",NA,"M","Francia","1762","1794","Sí","Caro, Miguel Antonio","Español","Francés","Poesía",NA,NA,NA,1,"7-8"
"Trofeos","11","Himno a los árboles. Adolfo Retté","1","15 de septiembre de 1906","1906-09-15","Retté, Adolphe",NA,"M","Francia","1863","1930","Sí","Castillo, Eduardo","Español","Francés","Poesía","Poesía",NA,NA,0.5,"16"
"Trofeos","18","Fragmento inédito de Afrodita","1","15 de septiembre de 1906","1906-09-15","Louÿs, Pierre",NA,"M","Francia","1870","1925","Sí","Anónimo","Español","Francés","Poesía","Notas",NA,NA,0.5,"27"
"Trofeos","21","La partida","1","15 de septiembre de 1906","1906-09-15","Barrès, Maurice",NA,"M","Francia","1862","1923","Sí","Directores (Trofeos)","Español","Francés","Prosa No Ficción","Notas",NA,NA,1.5,"30-31"
"Trofeos","35","Diana","2","15 de octubre de 1906","1906-10-15","Fort, Paul",NA,"M","Francia","1872","1960","Sí","Londoño, Víctor Manuel","Español","Francés","Poesía","Baladas",NA,NA,0.5,"48"
"Trofeos","36","Filomela","2","15 de octubre de 1906","1906-10-15","Fort, Paul",NA,"M","Francia","1872","1960","Sí","Londoño, Víctor Manuel","Español","Francés","Poesía","Baladas",NA,NA,0.7,"49"
"Trofeos","37","Balada del cortijo","2","15 de octubre de 1906","1906-10-15","Fort, Paul",NA,"M","Francia","1872","1960","Sí","Londoño, Víctor Manuel","Español","Francés","Poesía","Baladas",NA,NA,0.6,"49-50"
"Trofeos","82","Filomela","4","25 de noviembre de 1906","1906-11-25","Fort, Paul",NA,"M","Francia","1872","1960","Sí","Bonilla, Manuel A.","Español","Francés","Poesía",NA,"Londoño, Víctor Manuel",NA,1.9,"102-103"
"Trofeos","94","Ofrande","4","25 de noviembre de 1906","1906-11-25","Díaz, Leopoldo",NA,"M","Argentina","1862","1947","Sí","Frédéric, Raisin","Francés","Español","Poesía",NA,NA,NA,0.3,"126"
"Trofeos","101","La nereida. Poema lírico de Sully Prudhomme","5","5 de enero de 1907","1907-01-05","Prudhomme, Sully",NA,"M","Francia","1839","1907","Sí","Caro, Miguel Antonio","Español","Francés","Poesía","Poema lírico",NA,NA,4,"129-132"
"Trofeos","110","Leoón Bocquet. Albert Samin-Mercure de France","5","5 de enero de 1907","1907-01-05","Bocquet, León",NA,"M","Francia","1876","1954","Sí","Londoño, Víctor Manuel","Español","Francés","Prosa No Ficción",NA,NA,NA,1,"152-153"
"Trofeos","120","Nocturno (De Eugenio de Castro)","6","1 de febrero de 1907","1907-02-01","Castro, Eugenio de",NA,"M","Portugal","1869","1944","Sí","Valencia, Guillermo","Español","Postugués","Poesía",NA,"Diago, Francisco E. ",NA,1.7,"172-174"
"Trofeos","128","André Chenier","6","1 de febrero de 1907","1907-02-01","Moréas, Jean",NA,"M","Grecia","1856","1910","Sí","Anónimo","Español","Francés","Prosa No Ficción",NA,NA,NA,0.8,"191"
"Trofeos","138","Crepúsculo","7","1 de marzo de 1907","1907-03-01","Castro, Eugenio de",NA,"M","Portugal","1869","1944","Sí","Valencia, Guillermo","Español","Postugués","Poesía",NA,NA,NA,2.5,"204-206"
"Trofeos","145","La roche D'Onelle. Traducción","7","1 de marzo de 1907","1907-03-01","Guérin, Maurice de",NA,"M","Francia","1810","1839","Sí","Silva, José Asunción","Español","Francés","Poesía",NA,NA,NA,0.5,"222"
"Trofeos","146","Carlos Baudelaire","7","1 de marzo de 1907","1907-03-01","Londoño, Víctor Manuel",NA,"M","Colombia","1876","1936","Sí","Marquina, Eduardo","Español","Francés","Reseña",NA,NA,"Las flores del mal de Charles Baudelaire. Traducción de Eduardo Marquina",3.6,"223-226"
"Trofeos","147","Remy de Gourmount.Une nuit au Luxembourg","7","1 de marzo de 1907","1907-03-01","Gourmont, Remy de",NA,"M","Francia","1858","1915","Sí","Londoño, Víctor Manuel","Español","Francés","Prosa Ficción",NA,NA,NA,2,"226-228"
"Trofeos","148","Sócrates","7","1 de marzo de 1907","1907-03-01","Ouvré, Henry",NA,"M","Francia","1824","1890","Sí","Anónimo","Español","Francés","Prosa Ficción",NA,NA,NA,0.5,"228"
"Trofeos","161","Parábola del milagro (de Oscar Wilde)","8","25 de marzo de 1907","1907-03-25","Wilde, Oscar",NA,"M","Irlanda","1854","1900","Sí","Lucerna, Salvador","Español","Inglés","Poesía",NA,NA,NA,1.5,"252-253"
"Trofeos","163","Maurice Barrés Académico","8","25 de marzo de 1907","1907-03-25","Beaunier, André",NA,"M","Francia","1869","1925","Sí","Londoño, Víctor Manuel","Español","Francés","Prosa No Ficción",NA,NA,NA,1.7,"258-260"
"Trofeos","164","John Ruskin. Unto thi last","8","25 de marzo de 1907","1907-03-25","Londoño, Víctor Manuel",NA,"M","Colombia","1876","1936","Sí","Aparicio, Ciges","Español","Inglés","Reseña",NA,NA,"Unto this Last de Hohn Ruskin",2.9,"260-263"
"Trofeos","166","Vida de Jenófanes","8","25 de marzo de 1907","1907-03-25","Gomperz, Theodor",NA,"M","Austria","1832","1912","Sí","Directores (Trofeos)","Español","Traducción del Frances","Prosa Ficción",NA,NA,NA,0.9,"264"
"Trofeos","177","La casa del Juez (de Oscar Wilde)","9","1 de mayo de 1907","1907-05-01","Wilde, Oscar",NA,"M","Irlanda","1854","1900","Sí","Lucerna, Salvador","Español","Inglés","Poesía",NA,"López, Ismael",NA,2.2,"279-281"
"Trofeos","183","Pages Choisies. León Bloy","9","1 de mayo de 1907","1907-05-01","Londoño, Víctor Manuel",NA,"M","Colombia","1876","1936","Sí","Anónimo","Español","Francés","Prosa No Ficción",NA,NA,NA,2.3,"286-288"
"Trofeos","184","Las plegarias que no se confunden","9","1 de mayo de 1907","1907-05-01","Barrès, Maurice",NA,"M","Francia","1862","1923","Sí","Anónimo","Español","Francés","Prosa Ficción","Capítulo de libro",NA,NA,3.7,"288-292"
"Trofeos","186","Pensamiento de Leopardi","9","1 de mayo de 1907","1907-05-01","Leopardi, Giacomo",NA,"M","Italia","1798","1837","Sí","Bayo, Ciro","Español","Italiano","Prosa Ficción",NA,NA,NA,2,"295-297"
"Trofeos","189","El Buey","9","1 de mayo de 1907","1907-05-01","Carducci, Giosuè",NA,"M","Italia","1835","1907","Sí","Sams y Castelín, Enrique","Español","Italiano","Poesía",NA,NA,NA,0.5,"300"
"Trofeos","194","El Buey. (Traducción)","10,11","10 de junio de 1907","1907-06-10","Carducci, Giosuè",NA,"M","Italia","1835","1907","Sí","Caro, Miguel Antonio","Español","Italiano","Poesía",NA,NA,NA,0.5,"310"
"Trofeos","195","A Virgilio (Carducci)","10,11","10 de junio de 1907","1907-06-10","Carducci, Giosuè",NA,"M","Italia","1835","1907","Sí","Caro, Miguel Antonio","Español","Italiano","Poesía",NA,NA,NA,0.5,"311"
"Trofeos","196","Mi nave (Carducci)","10,11","10 de junio de 1907","1907-06-10","Carducci, Giosuè",NA,"M","Italia","1835","1907","Sí","Gómez Restrepo, Antonio","Español","Italiano","Poesía",NA,"Arciniegas, Ismael",NA,0.5,"311"
"Trofeos","197","Clasicismo y Romanticismo (Carducci)","10,11","10 de junio de 1907","1907-06-10","Carducci, Giosuè",NA,"M","Italia","1835","1907","Sí","Narváez, Roberto de","Español","Italiano","Poesía",NA,NA,NA,1.3,"312-313"
"Trofeos","198","Alborada (Carducci)","10,11","10 de junio de 1907","1907-06-10","Carducci, Giosuè",NA,"M","Italia","1835","1907","Sí","Narváez, Roberto de","Español","Italiano","Poesía",NA,NA,NA,0.7,"313"
"Trofeos","207","Marcelino Berthelot","10,11","10 de junio de 1907","1907-06-10","Briand, Aristide","Briand Monseur","M","Francia","1862","1932","Sí","Londoño, Víctor Manuel","Español","Francés","Prosa No Ficción",NA,NA,NA,3.8,"333-336"
"Trofeos","208","D'Annunzio Imperialista","10,11","10 de junio de 1907","1907-06-10","D'Annunzio, Gabriele",NA,"M","Italia","1863","1938","Sí","Valderrama, Felipe","Español","Francés","Prosa No Ficción",NA,NA,NA,0.7,"336-337"
"Trofeos","212","Ultimos versos de Carducci","10,11","10 de junio de 1907","1907-06-10","Anónimo",NA,NA,NA,NA,NA,"Sí","Anónimo","Español","Italiano","Prosa Ficción",NA,NA,NA,0.5,"341"
"Trofeos","213","Sócrates es condenado a muerte (I)","10,11","10 de junio de 1907","1907-06-10","Gomperz, Theodor",NA,"M","Austria","1832","1912","Sí","Directores (Trofeos)","Español","Alemán","Prosa Ficción",NA,NA,NA,1.5,"341-343"
"Trofeos","214","Juicio sobre Sócrates (I)","10,11","10 de junio de 1907","1907-06-10","Gomperz, Theodor",NA,"M","Austria","1832","1912","Sí","Directores (Trofeos)","Español","Alemán","Prosa Ficción",NA,NA,NA,4,"343-347"
"Trofeos","215","Carducci y D' Annunzio","10,11","10 de junio de 1907","1907-06-10","Lipparini, Giuseppe",NA,"M","Italia","1877","1951","Sí","Directores (Trofeos)","Español","Italiano","Prosa No Ficción",NA,NA,NA,1,"347-348"
"Trofeos","221","Los conquistadores","12","20 de julio de 1907","1907-07-20","Heredia, José-Maria de",NA,"M","Cuba","1842","1905","Sí","Caro, Miguel Antonio","Español","Francés","Poesía",NA,NA,NA,0.5,"355"
"Trofeos","222","El olvido","12","20 de julio de 1907","1907-07-20","Heredia, José-Maria de",NA,"M","Cuba","1842","1905","Sí","Pombo, Rafael","Español","Francés","Poesía",NA,NA,NA,0.5,"355"
"Trofeos","223","Sol Poniente","12","20 de julio de 1907","1907-07-20","Heredia, José-Maria de",NA,"M","Cuba","1842","1905","Sí","Valencia, Guillermo","Español","Francés","Poesía",NA,NA,NA,0.5,"356"
"Trofeos","224","Las ninfas","12","20 de julio de 1907","1907-07-20","Heredia, José-Maria de",NA,"M","Cuba","1842","1905","Sí","Valderrama, Felipe","Español","Francés","Poesía",NA,NA,NA,0.5,"356"
"Trofeos","225","A un triunfador","12","20 de julio de 1907","1907-07-20","Heredia, José-Maria de",NA,"M","Cuba","1842","1905","Sí","Valderrama, Felipe","Español","Francés","Poesía",NA,NA,NA,0.5,"357"
"Trofeos","226","La heredad","12","20 de julio de 1907","1907-07-20","Heredia, José-Maria de",NA,"M","Cuba","1842","1905","Sí","Valderrama, Felipe","Español","Francés","Poesía",NA,NA,NA,0.5,"357"
"Trofeos","227","El esclavo","12","20 de julio de 1907","1907-07-20","Heredia, José-Maria de",NA,"M","Cuba","1842","1905","Sí","Castillo, Eduardo","Español","Francés","Poesía",NA,NA,NA,0.5,"358"
"Trofeos","228","A la manera de Petrarca","12","20 de julio de 1907","1907-07-20","Heredia, José-Maria de",NA,"M","Cuba","1842","1905","Sí","Castillo, Eduardo","Español","Francés","Poesía",NA,NA,NA,0.5,"358"
"Trofeos","229","La vida de los muertos","12","20 de julio de 1907","1907-07-20","Heredia, José-Maria de",NA,"M","Cuba","1842","1905","Sí","Caro, Antonio José","Español","Francés","Poesía",NA,"Silvestre, Armand",NA,0.5,"359"
"Trofeos","230","El cydno","12","20 de julio de 1907","1907-07-20","Heredia, José-Maria de",NA,"M","Cuba","1842","1905","Sí","Londoño, Víctor Manuel","Español","Francés","Poesía",NA,NA,NA,0.5,"359"
"Trofeos","233","Plus Ultra (De J.M Heredia)","12","20 de julio de 1907","1907-07-20","Heredia, José-Maria de",NA,"M","Cuba","1842","1905","Sí","Rivas, Raimundo","Español","Francés","Poesía",NA,NA,NA,0.5,"370"
"Trofeos","236","El entierro de Oscar Wilde","12","20 de julio de 1907","1907-07-20","Davray, Henry-D.",NA,"M","Francia","1873","1944","Sí","Anónimo","Español","Francés","Prosa No Ficción",NA,NA,NA,0.5,"373"
"Trofeos","237","El entierro de Oscar Wilde","12","20 de julio de 1907","1907-07-20","Jeunesse, Ernest La",NA,"M","Francia","1874",NA,"Sí","Anónimo","Español","Francés","Prosa No Ficción",NA,NA,NA,0.3,"374"
"Trofeos","238","El entierro de Oscar Wilde","12","20 de julio de 1907","1907-07-20","Gide, André",NA,"M","Francia","1869","1951","Sí","Anónimo","Español","Francés","Prosa No Ficción",NA,NA,NA,0.4,"374"
"Trofeos","239","El entierro de Oscar Wilde","12","20 de julio de 1907","1907-07-20","Desroix, Jacques",NA,"M","Francia",NA,NA,"Sí","Anónimo","Español","Francés","Prosa No Ficción",NA,NA,NA,0.3,"374"
"Trofeos","247","Historia de una princesa admirable. Y de un hombre mal educado (I)","13, serie III","20 de enero de 1908","1908-01-20","Mockel, Albert",NA,"M","Bélgica","1866","1945","Sí","Anónimo","Español","Alemán","Prosa Ficción","Prosa",NA,NA,3,"362-364"
"Trofeos","248","El alma humana bajo el regimen socialista (I)","13, serie III","20 de enero de 1908","1908-01-20","Wilde, Oscar",NA,"M","Irlanda","1854","1900","Sí","Directores (Trofeos)","Español","Inglés","Prosa No Ficción","Prosa",NA,NA,3.5,"365-368"
"Trofeos","253","Las casas viejas","13, serie III","20 de enero de 1908","1908-01-20","Prudhomme, Sully",NA,"M","Francia","1839","1907","Sí","Caro, Miguel Antonio","Español","Francés","Poesía",NA,NA,NA,0.8,"379-380"
"Trofeos","254","La copa","13, serie III","20 de enero de 1908","1908-01-20","Prudhomme, Sully",NA,"M","Francia","1839","1907","Sí","Caro, Miguel Antonio","Español","Francés","Poesía",NA,NA,NA,0.4,"380"
"Trofeos","255","El vaso roto","13, serie III","20 de enero de 1908","1908-01-20","Prudhomme, Sully",NA,"M","Francia","1839","1907","Sí","López, Ismael","Español","Francés","Poesía",NA,NA,NA,0.5,"380"
"Trofeos","262","La moral de los hombres honrados","14, serie III","20 de febrero de 1908","1908-02-20","Giraud, Victor",NA,"M","Francia","1868","1953","Sí","Anónimo","Español","Francés","Prosa Ficción","Prosa",NA,NA,4,"391-394"
"Trofeos","266","Crepúsculo","14, serie III","20 de febrero de 1908","1908-02-20","Guérin, Charles",NA,"M","Francia","1875","1939","Sí","Anónimo","Español","Francés","Poesía","Poetas extranjeros",NA,NA,0.5,"399"
"Trofeos","267","Canción triste","14, serie III","20 de febrero de 1908","1908-02-20","Xanrof, León",NA,"M","Francia","1867","1953","Sí","Anónimo","Español","Francés","Poesía","Poetas extranjeros",NA,NA,0.5,"400"
"Trofeos","268","El anillo de Polycrates","14, serie III","20 de febrero de 1908","1908-02-20","Castro, Eugenio de",NA,"M","Portugal","1869","1944","Sí","Lucerna, Salvador","Español","Postugués","Poesía","Poema dramático",NA,NA,4.5,"400-404"
"Trofeos","272","Para el día de tus bodas","14, serie III","20 de febrero de 1908","1908-02-20","Dumas, Joël",NA,NA,NA,NA,NA,"Sí","Directores (Trofeos)","Español","Francés","Poesía",NA,NA,NA,0.5,"412"
"Trofeos","279","Panfila","15, serie III","30 de abril de 1908","1908-04-30","D'Annunzio, Gabriele",NA,"M","Italia","1863","1938","Sí","Valencia, Guillermo","Español","Italiano","Poesía","Poesía",NA,NA,1.8,"427 y 429"
"Trofeos","280","Carta de Joubert","15, serie III","30 de abril de 1908","1908-04-30","Joubert, Joseph",NA,"M","Francia","1754","1824","Sí","Directores (Trofeos)","Español","Francés","Prosa No Ficción","Prosa","Á mademoiselle Moreau de Russy (I)",NA,1.6,"430-431"
"Trofeos","281",NA,"15, serie III","30 de abril de 1908","1908-04-30","Claretie, Léo",NA,"M","Francia","1862","1924","Sí","Directores (Trofeos)","Español","Francés","Prosa No Ficción",NA,NA,NA,1.5,"431-432"
"Trofeos","284","Confidencia. (Paul Sonies)","15, serie III","30 de abril de 1908","1908-04-30","Sonies, Paul","V.M. Londoño",NA,NA,NA,NA,"Sí","Londoño, Víctor Manuel","Español","Francés","Poesía","Poesía",NA,NA,0.5,"435"
"Trofeos","287","Oda a las fuentes del Clitumno","15, serie III","30 de abril de 1908","1908-04-30","Carducci, Giosuè",NA,"M","Italia","1835","1907","Sí","Directores (Trofeos)","Español","Italiano","Prosa Ficción","Prosa",NA,NA,3.7,"437-440"
