NombreR,NumContrib,Colaborador,Roles,Seudonimo,PaisOrigen,Titulo,NumFasciculo,Fecha,Fecha-ISO,Traduccion,Traductor,Lengua,LenguaOriginal,Tipo,TipoIndice,Dedicatoria,ObrasResenadas,CantidadPaginas,Paginacion
Revista Literaria. Publicación Mensual,1,"Laverde Amaya, Isidoro",Director,NA,Colombia,La literatura colombiana (Nuestros propósitos),1,mayo 15 de 1890,1890-05-15,No,NA,Español,NA,Prosa No Ficción,NA,NA,NA,17.5,1-18
Revista Literaria. Publicación Mensual,2,"Camacho Roldán, Salvador",Creador,NA,Colombia,Los trabajos del Canal de Panamá (1),1,mayo 15 de 1890,1890-05-15,No,NA,Español,NA,Prosa No Ficción,NA,NA,NA,14,18-32
Revista Literaria. Publicación Mensual,3,"Sanín Cano, Baldomero",Creador,NA,Colombia,José Caicedo Rojas,1,mayo 15 de 1890,1890-05-15,No,NA,Español,NA,Prosa No Ficción,NA,NA,NA,9,32-41
Revista Literaria. Publicación Mensual,4,"Acosta de Samper, Soledad",Creador,NA,Colombia,La mujer española en Santafé de Bogotá,1,mayo 15 de 1890,1890-05-15,No,NA,Español,NA,Prosa No Ficción,Narración histórico-novelesca,"Camacho Roldán, Salvador",NA,8,41-49
Revista Literaria. Publicación Mensual,5,"Merchán, Rafael María",Creador,NA,Colombia,A mi hijo Augusto,1,mayo 15 de 1890,1890-05-15,No,NA,Español,NA,Poesía,NA,NA,NA,6,55
Revista Literaria. Publicación Mensual,6,"Isaacs, Jorge",Creador,NA,Colombia,Lumbre de sombra,1,mayo 15 de 1890,1890-05-15,No,NA,Español,NA,Poesía,NA,NA,NA,0.5,55
Revista Literaria. Publicación Mensual,7,"Restrepo, José Manuel",Creador,NA,Colombia,Historia de la Nueva Granada. Para servir de continuación á la historia de Colombia [continúa],1,mayo 15 de 1890,1890-05-15,No,NA,Español,NA,Prosa No Ficción,NA,NA,NA,03.3,56-59
Revista Literaria. Publicación Mensual,8,"Laverde Amaya, Isidoro",Director,NA,Colombia,Crónica,1,mayo 15 de 1890,1890-05-15,No,NA,Español,NA,Prosa No Ficción,Crónica,NA,NA,05.6,59-64
Revista Literaria. Publicación Mensual,9,Anónimo,Creador,NA,NA,Próximo a publicarse,1,mayo 15 de 1890,1890-05-15,No,NA,Español,NA,Publicidad,NA,NA,NA,0.2,NA
Revista Literaria. Publicación Mensual,10,"Núñez, Rafael",Creador,NA,Colombia,"Decreto Número 151, sobre imprenta",1,mayo 15 de 1890,1890-05-15,No,NA,Español,NA,Prosa No Ficción,Decreto,NA,NA,01.7,NA
Revista Literaria. Publicación Mensual,11,"Galindo, Aníbal",Creador,NA,Colombia,Monografías de economía política. Del derecho de propiedad,2,junio 15 de 1890,1890-06-15,No,NA,Español,NA,Prosa No Ficción,Monografía,NA,NA,10.6,65-75
Revista Literaria. Publicación Mensual,12,"Pereira Gamba, Próspero",Creador,NA,Colombia,Un rasgo pedagógico del célebre ducador argentino,2,junio 15 de 1890,1890-06-15,No,NA,Español,NA,Prosa No Ficción,Apunte de viaje,NA,NA,12.3,75-87
Revista Literaria. Publicación Mensual,13,"Abella Mendoza, Temístocles",Creador,NA,Colombia,"Datos geográficos, históricos y estadísticos de Sogamoso",2,junio 15 de 1890,1890-06-15,No,NA,Español,NA,Prosa No Ficción,NA,NA,NA,13.3,88-101
Revista Literaria. Publicación Mensual,14,"Ortiz, Venancio",Creador,NA,Colombia,Recuerdos de la guerra de 1840,2,junio 15 de 1890,1890-06-15,No,NA,Español,NA,Prosa No Ficción,NA,NA,NA,06.5,101-107
Revista Literaria. Publicación Mensual,15,"Restrepo, José Manuel",Creador,NA,Colombia,Historia de la Nueva Granada. Para servir de continuación á la historia de Colombia [continúa],2,junio 15 de 1890,1890-06-15,No,NA,Español,NA,Prosa No Ficción,NA,NA,NA,09.6,108-117
Revista Literaria. Publicación Mensual,16,"Pombo, Rafael",Creador,NA,Colombia,Delia Antommarchi y García Herreros,2,junio 15 de 1890,1890-06-15,No,NA,Español,NA,Poesía,NA,"Antommarchi de García Herreros, Delia",NA,4,117-121
Revista Literaria. Publicación Mensual,17,"Fernández Avendaño, Enrique Wenceslao",Creador,NA,Colombia,La oración,2,junio 15 de 1890,1890-06-15,No,NA,Español,NA,Poesía,NA,NA,NA,01.5,121-122
Revista Literaria. Publicación Mensual,18,"Uribe, Diego",Creador,NA,Colombia,Desde el monte,2,junio 15 de 1890,1890-06-15,No,NA,Español,NA,Poesía,NA,"Durana, Guillermo",NA,2,123-124
Revista Literaria. Publicación Mensual,19,"Laverde Amaya, Isidoro",Director,NA,Colombia,Crónica,2,junio 15 de 1890,1890-06-15,No,NA,Español,NA,Prosa No Ficción,Crónica,NA,NA,4,125-128
Revista Literaria. Publicación Mensual,20,Anónimo,Creador,NA,NA,Policarpa. Novela histórica,2,junio 15 de 1890,1890-06-15,No,NA,Español,NA,Publicidad,NA,NA,NA,0.7,NA
Revista Literaria. Publicación Mensual,21,Anónimo,Creador,NA,NA,Poesías de don Pedro José Hernández,2,junio 15 de 1890,1890-06-15,No,NA,Español,NA,Publicidad,NA,NA,NA,0.3,NA
Revista Literaria. Publicación Mensual,22,"Núñez, Rafael",Creador,NA,Colombia,"Decreto Número 151, sobre imprenta",2,junio 15 de 1890,1890-06-15,No,NA,Español,NA,Prosa No Ficción,Decreto,NA,NA,1,NA
Revista Literaria. Publicación Mensual,23,"Pérez, Felipe",Creador,NA,Colombia,La Patria,3,julio 20 de 1890,1890-07-20,No,NA,Español,NA,Prosa No Ficción,NA,NA,NA,09.3,129-138
Revista Literaria. Publicación Mensual,24,"Ibáñez, Pedro María",Creador,NA,Colombia,Insurrección de 1871. Los Comuneros,3,julio 20 de 1890,1890-07-20,No,NA,Español,NA,Prosa No Ficción,NA,"Corrales, Manuel Ezequiel",NA,11,138-149
Revista Literaria. Publicación Mensual,25,"Acosta de Samper, Soledad",Creador,NA,Colombia,Traición y castigo,3,julio 20 de 1890,1890-07-20,No,NA,Español,NA,Prosa Ficción,NA,NA,NA,08.3,149-157
Revista Literaria. Publicación Mensual,26,"Marroquín, José Manuel",Creador,NA,Colombia,Exhumaciones de una gaveta,3,julio 20 de 1890,1890-07-20,No,NA,Español,NA,Prosa No Ficción,NA,NA,NA,12,158-169
Revista Literaria. Publicación Mensual,27,"Posada, Eduardo",Creador,NA,Colombia,Soltero,3,julio 20 de 1890,1890-07-20,No,NA,Español,NA,Prosa Ficción,NA,NA,NA,05.2,170-175
Revista Literaria. Publicación Mensual,28,"Ortiz, José Joaquín",Creador,NA,Colombia,La última luz,3,julio 20 de 1890,1890-07-20,No,NA,Español,NA,Poesía,Poesía,NA,NA,6,175-180
Revista Literaria. Publicación Mensual,29,"Isaacs, Jorge",Creador,NA,Colombia,Sed buenos!,3,julio 20 de 1890,1890-07-20,No,NA,Español,NA,Poesía,Poesía,NA,NA,2,180-182
Revista Literaria. Publicación Mensual,30,"Restrepo, José Manuel",Creador,NA,Colombia,Historia de la Nueva Granada. Para servir de continuación á la historia de Colombia [continúa],3,julio 20 de 1890,1890-07-20,No,NA,Español,NA,Prosa No Ficción,NA,NA,NA,08.5,182-190
Revista Literaria. Publicación Mensual,31,"Laverde Amaya, Isidoro",Director,NA,Colombia,Boletín bibliográfico,3,julio 20 de 1890,1890-07-20,No,NA,Español,NA,Reseña,NA,NA,"Policarpa. Novela histórica por Constancio Franco V., Bogotá; Las consecuencias por Mercedes Cabello de Carbonera, Lima; Tercer informe del Inspector General de Instrucción Pública, Bogotá; Biblioteca de Los Tiempos por Pedro Pablo Figueroa, Talca; Gran descubrimiento de óptica y acústica por Ramón Antonio Lotero Quintana, Bogotá; Nuestra circulación monetaria por Miguel Samper; Apuntes de viaje de Bogotá al río Guabio por Enrique Arboleda, Bogotá.",2,191-192
Revista Literaria. Publicación Mensual,32,"Laverde Amaya, Isidoro",Director,NA,Colombia,Crónica,3,julio 20 de 1890,1890-07-20,No,NA,Español,NA,Prosa No Ficción,Crónica,NA,NA,03.5,1-4
Revista Literaria. Publicación Mensual,33,Anónimo,Creador,NA,NA,NA,3,julio 20 de 1890,1890-07-20,No,NA,Español,NA,Publicidad,NA,NA,NA,2,NA
Revista Literaria. Publicación Mensual,34,Anónimo,Creador,NA,NA,"Índice de las ""Notas de viaje"" por Salvador Camacho Roldán [continúa al final del número]",4,agosto 15 de 1890,1890-08-15,No,NA,Español,NA,Prosa No Ficción,Índice,NA,NA,1,NA
Revista Literaria. Publicación Mensual,35,"MacLaren Cobban, James",Creador,J. Maclaren Cobban,Reino Unido,El niño fantasma,4,agosto 15 de 1890,1890-08-15,Sí,"Martínez Silva, Carlos",Español,Inglés,Prosa Ficción,Cuento,NA,NA,09.8,193-202
Revista Literaria. Publicación Mensual,36,"Rivas, Medardo",Creador,NA,Colombia,La posada y el hotel,4,agosto 15 de 1890,1890-08-15,No,NA,Español,NA,Prosa Ficción,Cuadro de costumbres,NA,NA,14.8,202-216
Revista Literaria. Publicación Mensual,37,"Páez M., Julián",Creador,NA,Colombia,Chiquinquirá,4,agosto 15 de 1890,1890-08-15,No,NA,Español,NA,Prosa Ficción,NA,NA,NA,10.5,216-227
Revista Literaria. Publicación Mensual,38,"Blaine, James G.",Creador,NA,Estados Unidos,Conferencia internacional americana,4,agosto 15 de 1890,1890-08-15,No,NA,Español,NA,Prosa No Ficción,Conferencia,NA,NA,3,227-230
Revista Literaria. Publicación Mensual,39,"Pizarro, Alejandro",Creador,NA,Colombia,Hasta su altura,4,agosto 15 de 1890,1890-08-15,No,NA,Español,NA,Prosa Ficción,Narración,"Durana, Guillermo",NA,8,230-240
Revista Literaria. Publicación Mensual,40,"Merchán, Rafael María",Creador,NA,Colombia,A la liquidación del oxígeno,4,agosto 15 de 1890,1890-08-15,No,NA,Español,NA,Poesía,Poesía,NA,NA,0.6,240
Revista Literaria. Publicación Mensual,41,"Gil, Constantino",Creador,NA,España,Los chicos del barrio,4,agosto 15 de 1890,1890-08-15,No,NA,Español,NA,Poesía,Poesía,NA,NA,0.5,241
Revista Literaria. Publicación Mensual,42,"Rivera y Garrido, Luciano",Reseñista,NA,Colombia,Páginas blancas,4,agosto 15 de 1890,1890-08-15,No,NA,Español,NA,Reseña,NA,"Laverde Amaya, Isidoro","Escritos escogidos de José Caicedo Rojas; Museo de cuadros de costumbres de José María vergara y V., Manuela de Eugenio Díaz; Artículos escogidos de Emiro Kastos; Artículos de costumbres de Ricardo Silva; ",4,241-245
Revista Literaria. Publicación Mensual,43,Hephel,Creador,NA,NA,El bosquecillo del rey [continúa],4,agosto 15 de 1890,1890-08-15,Sí,Anónimo,Español,Francés,Prosa Ficción,Novela,NA,NA,07.3,242-245
Revista Literaria. Publicación Mensual,44,"Laverde Amaya, Isidoro",Director,NA,Colombia,Crónica,4,agosto 15 de 1890,1890-08-15,No,NA,Español,NA,Prosa No Ficción,Crónica,NA,NA,4,NA
Revista Literaria. Publicación Mensual,45,Anónimo,Creador,NA,NA,"Índice de las ""Notas de viaje"" por Salvador Camacho Roldán [inició al principio del número y queda en continuación]",4,agosto 15 de 1890,1890-08-15,No,NA,Español,NA,Prosa No Ficción,Índice,NA,NA,1,NA
Revista Literaria. Publicación Mensual,46,Anónimo,Creador,NA,NA,Correcciones,4,agosto 15 de 1890,1890-08-15,No,NA,Español,NA,Prosa No Ficción,NA,NA,NA,0.3,NA
Revista Literaria. Publicación Mensual,47,Anónimo,Reseñista,NA,NA,SD,4,agosto 15 de 1890,1890-08-15,No,NA,Español,NA,Reseña,NA,NA,"Muestras de escritura por F,. García Rico; ",0.3,NA
Revista Literaria. Publicación Mensual,48,Anónimo,Creador,NA,NA,SD,4,agosto 15 de 1890,1890-08-15,No,NA,Español,NA,Publicidad,NA,NA,NA,0.3,NA
Revista Literaria. Publicación Mensual,49,Anónimo,Creador,NA,NA,SD,4,agosto 15 de 1890,1890-08-15,No,NA,Español,NA,Publicidad,NA,NA,NA,0.2,NA
Revista Literaria. Publicación Mensual,50,Anónimo,Creador,NA,NA,"Índice de las ""Notas de viaje"" por Salvador Camacho Roldán [inició en el número anterior]",5,septiembre 15 de 1890,1890-09-15,No,NA,Español,NA,Prosa No Ficción,Índice,NA,NA,1,NA
Revista Literaria. Publicación Mensual,51,"Merchán, Rafael María",Reseñista,NA,Colombia,Historia por Martínez Silva,5,septiembre 15 de 1890,1890-09-15,No,NA,Español,NA,Reseña,NA,NA,Compendio de historia antigua por Carlos Martínez Silva,12.6,253-265
Revista Literaria. Publicación Mensual,52,Hephel,Creador,NA,NA,El bosquecillo del rey [finaliza],5,septiembre 15 de 1890,1890-09-15,Sí,Anónimo,Español,Francés,Prosa Ficción,Novela,NA,NA,28,265-293
Revista Literaria. Publicación Mensual,53,"Suárez, Roberto",Creador,NA,NA,La lucha por la vida,5,septiembre 15 de 1890,1890-09-15,No,NA,Español,NA,Prosa No Ficción,NA,NA,NA,20,293-313
Revista Literaria. Publicación Mensual,54,"Gutiérrez y Gutiérrez, Francisco Antonio",Creador,Francisco A. Gutiérrez,Colombia,A Julia,5,septiembre 15 de 1890,1890-09-15,No,NA,Español,NA,Poesía,Poesía,NA,NA,0.3,313
Revista Literaria. Publicación Mensual,55,"Carrasquilla, Ricardo",Creador,NA,Colombia,Corona del genio,5,septiembre 15 de 1890,1890-09-15,No,NA,Español,NA,Poesía,Poesía,NA,NA,0.5,314
Revista Literaria. Publicación Mensual,56,"Gil, Constantino",Creador,NA,España,Dos semillas,5,septiembre 15 de 1890,1890-09-15,No,NA,Español,NA,Poesía,Poesía,NA,NA,0.5,314
Revista Literaria. Publicación Mensual,57,"Pereira Gamba, Próspero",Creador,NA,Colombia,La fábula en la historia [continúa en próximo número],5,septiembre 15 de 1890,1890-09-15,No,NA,Español,NA,Prosa No Ficción,NA,NA,NA,2,315-316
Revista Literaria. Publicación Mensual,58,Anónimo,Creador,NA,NA,"Índice de las ""Notas de viaje"" por Salvador Camacho Roldán [viene del número anterior]",6,octubre 15 de 1890,1890-10-15,No,NA,Español,NA,Prosa No Ficción,NA,NA,NA,1,NA
Revista Literaria. Publicación Mensual,59,"Biart, Lucien",Creador,NA,Francia,Historia de ayer,6,octubre 15 de 1890,1890-10-15,Sí,"Cortés de Merchán, Lucila",Español,Francés,Prosa Ficción,NA,NA,NA,15,317-331
Revista Literaria. Publicación Mensual,60,"Laverde Amaya, Isidoro",Director,NA,Colombia,Las poesías del Dr. Núñez (1),6,octubre 15 de 1890,1890-10-15,No,NA,Español,NA,Prosa No Ficción,NA,NA,NA,16,332-347
Revista Literaria. Publicación Mensual,61,"Zuleta Gaviria, Eduardo",Creador,NA,Colombia,En Antioquia,6,octubre 15 de 1890,1890-10-15,No,NA,Español,NA,Prosa No Ficción,NA,NA,NA,3,348-350
Revista Literaria. Publicación Mensual,62,"Gutiérrez de Alba, José María",Creador,NA,España,Carta de Ultramar,6,octubre 15 de 1890,1890-10-15,No,NA,Español,NA,Prosa No Ficción,Carta,"Laverde Amaya, Isidoro",NA,08.6,351-359
Revista Literaria. Publicación Mensual,63,"Pereira Gamba, Próspero",Creador,NA,Colombia,La fábula en la historia [conclusión],6,octubre 15 de 1890,1890-10-15,No,NA,Español,NA,Prosa No Ficción,NA,NA,NA,5,359-364
Revista Literaria. Publicación Mensual,64,"Lemly, Henry Rowan",Creador,NA,Estados Unidos,Noticias literarias de los Estados Unidos,6,octubre 15 de 1890,1890-10-15,No,NA,Español,NA,Prosa No Ficción,Noticia,NA,NA,02.5,364-367
Revista Literaria. Publicación Mensual,65,"Restrepo, José Manuel",Creador,NA,Colombia,Historia de la Nueva Granada. Para servir de continuación á la historia de Colombia [continuación],6,octubre 15 de 1890,1890-10-15,No,NA,Español,NA,Prosa No Ficción,NA,NA,NA,12.5,367-379
Revista Literaria. Publicación Mensual,66,"Laverde Amaya, Isidoro",Director,NA,Colombia,Boletín bibliográfico,6,octubre 15 de 1890,1890-10-15,No,NA,Español,NA,Reseña,NA,NA,Notas de viaje por Salvador Camacho Roldán,0.7,380
Revista Literaria. Publicación Mensual,67,Anónimo,Creador,NA,NA,Correcciones,6,octubre 15 de 1890,1890-10-15,No,NA,Español,NA,Prosa No Ficción,NA,NA,NA,0.3,380
Revista Literaria. Publicación Mensual,68,Anónimo,Creador,NA,NA,Índice alfabético de autores del Tomo I de la Revista Literaria,6,octubre 15 de 1890,1890-10-15,No,NA,Español,NA,Prosa No Ficción,Índice,NA,NA,02.5,NA
Revista Literaria. Publicación Mensual,69,Anónimo,Creador,NA,NA,Índice alfabético de títulos de los trabajos publicados en el Tomo I de la Revista Literaria,6,octubre 15 de 1890,1890-10-15,No,NA,Español,NA,Prosa No Ficción,Índice,NA,NA,02.5,NA
Revista Literaria. Publicación Mensual,70,Anónimo,Creador,NA,NA,"Índice de las ""Notas de viaje"" por Salvador Camacho Roldán [viene del número anterior]",6,octubre 15 de 1890,1890-10-15,No,NA,Español,NA,Prosa No Ficción,Índice,NA,NA,1,NA
Revista Literaria. Publicación Mensual,71,Anónimo,Creador,NA,NA,SD,6,octubre 15 de 1890,1890-10-15,No,NA,Español,NA,Publicidad,NA,NA,NA,1,NA
Revista Literaria. Publicación Mensual,72,"Restrepo, Vicente",Creador,NA,Colombia,Apuntaciones sobre los filones auríferos del Tolima,7,noviembre 15 de 1890,1890-11-15,No,NA,Español,NA,Prosa No Ficción,NA,NA,NA,09.6,1-10
Revista Literaria. Publicación Mensual,73,"Sanín Cano, Baldomero",Creador,NA,Colombia,Del estilo,7,noviembre 15 de 1890,1890-11-15,No,NA,Español,NA,Prosa No Ficción,NA,NA,NA,16,10-26
Revista Literaria. Publicación Mensual,74,"Álvarez Bonilla, Enrique",Creador,NA,Colombia,D. Ricardo Carrasquilla,7,noviembre 15 de 1890,1890-11-15,No,NA,Español,NA,Prosa No Ficción,NA,NA,NA,03.3,26-32
Revista Literaria. Publicación Mensual,75,"Prudhomme, Sully",Creador,Sully Prudhomme,Francia,Las aves,7,noviembre 15 de 1890,1890-11-15,Sí,"Caro, Miguel Antonio",Español,Francés,Poesía,NA,NA,NA,01.5,33-34
Revista Literaria. Publicación Mensual,76,"Pizano, Marco A.",Creador,NA,Colombia,Las campanas,7,noviembre 15 de 1890,1890-11-15,No,NA,Español,NA,Prosa No Ficción,NA,"Pizano, Luis Wenceslao",NA,5,34-39
Revista Literaria. Publicación Mensual,77,"Arciniegas, Ismael Enrique",Creador,NA,Colombia,La ronda de noche,7,noviembre 15 de 1890,1890-11-15,No,NA,Español,NA,Poesía,NA,NA,NA,01.3,39-40
Revista Literaria. Publicación Mensual,78,"Rivas, Medardo",Creador,NA,Colombia,Las visitas en Bogotá,7,noviembre 15 de 1890,1890-11-15,No,NA,Español,NA,Prosa Ficción,NA,NA,NA,02.6,41-43
Revista Literaria. Publicación Mensual,79,"Restrepo, José Manuel",Creador,NA,Colombia,Historia de la Nueva Granada. Para servir de continuación á la historia de Colombia [continuación],7,noviembre 15 de 1890,1890-11-15,No,NA,Español,NA,Prosa No Ficción,NA,NA,NA,15.3,43-58
Revista Literaria. Publicación Mensual,80,"Ibáñez, Pedro María",Creador,NA,Colombia,La imprenta en Bogotá desde su introducción hasta 1810 [continúa],7,noviembre 15 de 1890,1890-11-15,No,NA,Español,NA,Prosa No Ficción,NA,NA,NA,05.3,59-64
Revista Literaria. Publicación Mensual,81,"Campoamor, Ramón de",Creador,NA,España,"Lo que humilla, salva",7,noviembre 15 de 1890,1890-11-15,No,NA,Español,NA,Poesía,NA,NA,NA,0.3,64
Revista Literaria. Publicación Mensual,82,"Palacio, Manuel del",Creador,NA,España,El mundo,8,diciembre 15 de 1890,1890-12-15,No,NA,Español,NA,Poesía,NA,NA,NA,0.3,64
Revista Literaria. Publicación Mensual,83,"Varigny, Charles Victor Crosnier",Creador,NA,Francia,Elena Darcy,8,diciembre 15 de 1890,1890-12-15,Sí,"Cortés, Rosa María",Español,Francés,Prosa Ficción,NA,NA,NA,30.3,65-95
Revista Literaria. Publicación Mensual,84,"Restrepo, Vicente",Creador,NA,Colombia,Las minas de San Sebastián de la Plata (1),8,diciembre 15 de 1890,1890-12-15,No,NA,Español,NA,Prosa No Ficción,NA,NA,NA,6,96-101
Revista Literaria. Publicación Mensual,85,"Burns, Robert",Creador,NA,Escocia,A un beso,8,diciembre 15 de 1890,1890-12-15,Sí,"Restrepo Restrepo, Carlos Eugenio",Español,Inglés,Poesía,NA,NA,NA,0.5,102
Revista Literaria. Publicación Mensual,86,"González Suárez, Federico",Creador,NA,Ecuador,Un escritor colombiano del tiempo de la Colonia,8,diciembre 15 de 1890,1890-12-15,No,NA,Español,NA,Prosa No Ficción,NA,NA,NA,6,102-108
Revista Literaria. Publicación Mensual,87,"Ibáñez, Pedro María",Creador,NA,Colombia,La imprenta en Bogotá desde su introducción hasta 1810 [conclusión],8,diciembre 15 de 1890,1890-12-15,No,NA,Español,NA,Prosa No Ficción,NA,NA,NA,8,108-116
Revista Literaria. Publicación Mensual,88,"Restrepo Maya, José María",Creador,NA,Colombia,Sonsón,8,diciembre 15 de 1890,1890-12-15,No,NA,Español,NA,Prosa No Ficción,NA,NA,NA,10,116-126
Revista Literaria. Publicación Mensual,89,"Lemly, Henry Rowan",Creador,NA,Estados Unidos,Variedades. El divorcio en Roma,8,diciembre 15 de 1890,1890-12-15,No,NA,Español,NA,Prosa No Ficción,NA,NA,NA,02.6,126-128
Revista Literaria. Publicación Mensual,90,Anónimo,Creador,NA,NA,SD,8,diciembre 15 de 1890,1890-12-15,No,NA,Español,NA,Publicidad,NA,NA,NA,2,NA
Revista Literaria. Publicación Mensual,91,"Daudet, Alphonse",Creador,NA,Francia,Una corrida de toros en la gloria,9,enero 15 de 1891,1891-01-15,Sí,Anónimo,Español,Francés,Prosa Ficción,NA,NA,NA,4,129-132
Revista Literaria. Publicación Mensual,92,"Silva, José Asunción",Creador,NA,Colombia,La protesta de la Musa. Prosas líricas,9,enero 15 de 1891,1891-01-15,No,NA,Español,NA,Prosa Ficción,Prosa lírica.Poesía,NA,NA,02.7,133-135
Revista Literaria. Publicación Mensual,93,"Pombo, Rafael",Creador,NA,Colombia,El 6 de octubre,9,enero 15 de 1891,1891-01-15,No,NA,Español,NA,Poesía,Poesía,NA,NA,1,136
Revista Literaria. Publicación Mensual,94,"Febres Cordero, Tulio",Creador,NA,Venezuela,Los primeros obispados de América,9,enero 15 de 1891,1891-01-15,No,NA,Español,NA,Prosa No Ficción,NA,NA,NA,07.5,137-144
Revista Literaria. Publicación Mensual,95,"Jiménez de la Espada, Marcos",Creador,NA,España,Epítome de la Conquista del Nuevo Reino de Granada [continúa],9,enero 15 de 1891,1891-01-15,No,NA,Español,NA,Prosa No Ficción,NA,NA,NA,15,144-159
Revista Literaria. Publicación Mensual,96,"Cabello de Carbonera, Mercedes",Creador,NA,Perú,Correspondencia literaria del Perú,9,enero 15 de 1891,1891-01-15,No,NA,Español,NA,Prosa No Ficción,Correspondencia,NA,NA,08.7,159-168
Revista Literaria. Publicación Mensual,97,"Gómez Restrepo, Antonio",Crítico,NA,Colombia,Ripios académicos [continúa],9,enero 15 de 1891,1891-01-15,No,NA,Español,NA,Prosa No Ficción,NA,NA,NA,16,158-184
Revista Literaria. Publicación Mensual,98,"Villa Vélez, Eduardo",Creador,NA,Colombia,A Graciela. En la esmeralda,9,enero 15 de 1891,1891-01-15,No,NA,Español,NA,Poesía,NA,NA,NA,1,184-185
Revista Literaria. Publicación Mensual,99,"Le Moyne, Arnaud Auguste Hilaire",Creador,NA,Francia,Extractos curiosos del libro Viajes y permanencia en la América del Sur [continúa],9,enero 15 de 1891,1891-01-15,Sí,Anónimo,Español,Francés,Prosa No Ficción,NA,NA,NA,6,185-191
Revista Literaria. Publicación Mensual,100,"Laverde Amaya, Isidoro",Director,NA,Colombia,Bibliografía,9,enero 15 de 1891,1891-01-15,No,NA,Español,NA,Prosa No Ficción,Bibliografía,NA,"Tres gotas de sangre en tres siglos, de Tomás Michelena; Gimnástica escolar, José Sánchez Samoano; Literatura centroamwricana-Guirnalda Salvadoreña, por Romásn Mayorga Rivas; Documentos para los Anales de Venezuela.",01.5,191-192
Revista Literaria. Publicación Mensual,101,Anónimo,Creador,NA,NA,SD,9,enero 15 de 1891,1891-01-15,No,NA,Español,NA,Publicidad,NA,NA,NA,2,NA
Revista Literaria. Publicación Mensual,102,"Coppée, François",Creador,NA,Francia,El luis de oro,10,febrero 15 de 1891,1891-02-15,Sí,Anónimo,Español,Francés,Prosa Ficción,NA,NA,NA,5,193-197
Revista Literaria. Publicación Mensual,103,"Gómez Restrepo, Antonio",Crítico,NA,Colombia,Ripios académicos [conclusión],10,febrero 15 de 1891,1891-02-15,No,NA,Español,NA,Prosa No Ficción,NA,NA,NA,16.6,198-214
Revista Literaria. Publicación Mensual,104,"Jiménez de la Espada, Marcos",Creador,NA,España,Epítome de la Conquista del Nuevo Reino de Granada [conclusión],10,febrero 15 de 1891,1891-02-15,No,NA,Español,NA,Prosa No Ficción,NA,NA,NA,16.6,214-231
Revista Literaria. Publicación Mensual,105,"Restrepo Maya, José María",Creador,NA,Colombia,Manizales. Primeros exploradores,10,febrero 15 de 1891,1891-02-15,No,NA,Español,NA,Prosa Ficción,NA,NA,NA,4,231-235
Revista Literaria. Publicación Mensual,106,"Petrarca, Francesco",Creador,NA,Italia,Sonetos italianos: El aislamiento,10,febrero 15 de 1891,1891-02-15,Sí,"Caro, Miguel Antonio",Español,Italiano,Poesía,Soneto,NA,NA,0.5,235
Revista Literaria. Publicación Mensual,107,"Tasso, Torquato",Creador,NA,Italia,Sonetos italianos: La mejor belleza,10,febrero 15 de 1891,1891-02-15,Sí,"Caro, Miguel Antonio",Español,Italiano,Poesía,Soneto,NA,NA,0.5,235-236
Revista Literaria. Publicación Mensual,108,"Zappi, Giambattista Felice",Creador,NA,Italia,Sonetos italianos: El juicio de la belleza,10,febrero 15 de 1891,1891-02-15,Sí,"Caro, Miguel Antonio",Español,Italiano,Poesía,Soneto,NA,NA,0.5,236
Revista Literaria. Publicación Mensual,109,"Carducci, Giosuè",Creador,NA,Italia,Sonetos italianos: A Virgilio,10,febrero 15 de 1891,1891-02-15,Sí,"Caro, Miguel Antonio",Español,Italiano,Poesía,Soneto,NA,NA,0.5,236-237
Revista Literaria. Publicación Mensual,110,"Carducci, Giosuè",Creador,NA,Italia,Sonetos italianos: El buey,10,febrero 15 de 1891,1891-02-15,Sí,"Caro, Miguel Antonio",Español,Italiano,Poesía,Soneto,NA,NA,0.5,237
Revista Literaria. Publicación Mensual,111,"Pombo, Rafael",Creador,NA,Colombia,¡Bonheur carré!,10,febrero 15 de 1891,1891-02-15,No,NA,Español,NA,Poesía,NA,"Casas, Nicolás J., Guardia Beaunis, Margarita; Martínez, Telésforo; Casas, Encarnación",NA,01.6,237-239
Revista Literaria. Publicación Mensual,112,"Merchán, Rafael María",Creador,NA,Colombia,A Lamartine en su Centenario,10,febrero 15 de 1891,1891-02-15,No,NA,Español,NA,Poesía,NA,NA,NA,02.5,239-241
Revista Literaria. Publicación Mensual,113,"Le Moyne, Arnaud Auguste Hilaire",Creador,NA,Francia,Extractos curiosos del libro Viajes y permanencia en la América del Sur [continuación],10,febrero 15 de 1891,1891-02-15,Sí,Anónimo,Español,Francés,Prosa No Ficción,NA,NA,NA,5,242-246
Revista Literaria. Publicación Mensual,114,"Gilder, Richard Watson",Creador,NA,Estados Unidos,"El soneto (Versión libre del inglés, de Gilder)",10,febrero 15 de 1891,1891-02-15,Sí,"Mayorga Rivas, Román",Español,Inglés,Poesía,Soneto,NA,NA,0.5,247
Revista Literaria. Publicación Mensual,115,"Ortiz, Venancio",Creador,NA,Colombia,Anécdota histórica,10,febrero 15 de 1891,1891-02-15,No,NA,Español,NA,Prosa No Ficción,Anécdota,NA,NA,02.5,247-250
Revista Literaria. Publicación Mensual,116,"Restrepo, José Manuel",Creador,NA,Colombia,Historia de la Nueva Granada. Para servir de continuación á la historia de Colombia [continuación],10,febrero 15 de 1891,1891-02-15,No,NA,Español,NA,Prosa No Ficción,NA,NA,NA,6,251-256
Revista Literaria. Publicación Mensual,117,"Laverde Amaya, Isidoro",Director,NA,Colombia,Noticias literarias y artísticas,10,febrero 15 de 1891,1891-02-15,No,NA,Español,NA,Prosa No Ficción,Noticia,NA,NA,2,NA
Revista Literaria. Publicación Mensual,118,"Toché, Raoul",Creador,Frimousse,Francia,El amor de un simple (puesto en castellano para la Revista Literaria),11,marzo 15 de 1891,1891-03-15,Sí,Anónimo,Español,SD,Prosa Ficción,NA,NA,NA,04.5,257-261
Revista Literaria. Publicación Mensual,119,"Restrepo, Vicente",Creador,NA,Colombia,Ni de más ni de menos,11,marzo 15 de 1891,1891-03-15,No,NA,Español,NA,Prosa No Ficción,NA,NA,NA,15,261-277
Revista Literaria. Publicación Mensual,120,"Martínez Silva, Carlos",Creador,NA,Colombia,El baile de las sombras,11,marzo 15 de 1891,1891-03-15,No,NA,Español,NA,Prosa Ficción,NA,NA,NA,01.7,277-279
Revista Literaria. Publicación Mensual,121,"Zuleta Gaviria, Juan Antonio",Creador,"Zuleta, Juan A.",Colombia,Lamartine [concluirá],11,marzo 15 de 1891,1891-03-15,No,NA,Español,NA,Prosa No Ficción,NA,NA,NA,09.6,279-287
Revista Literaria. Publicación Mensual,122,"Villa Vélez, Eduardo",Creador,NA,Colombia,La última flor en su corona fúnebre,11,marzo 15 de 1891,1891-03-15,No,NA,Español,NA,Poesía,NA,NA,NA,06.6,288-294
Revista Literaria. Publicación Mensual,123,"Restrepo Tirado, Ernesto",Creador,NA,Colombia,Primeros habitantes de América,11,marzo 15 de 1891,1891-03-15,No,NA,Español,NA,Prosa No Ficción,NA,NA,NA,11.5,294-306
Revista Literaria. Publicación Mensual,124,"Laverde Amaya, Isidoro",Director,NA,Colombia,D. Felipe Pérez,11,marzo 15 de 1891,1891-03-15,No,NA,Español,NA,Prosa No Ficción,NA,NA,NA,03.3,306-309
Revista Literaria. Publicación Mensual,125,"Laverde Amaya, Isidoro",Director,NA,Colombia,Noticias literarias y artísticas,11,marzo 15 de 1891,1891-03-15,No,NA,Español,NA,Prosa Ficción,Noticia,NA,NA,04.6,309-314
Revista Literaria. Publicación Mensual,126,"Laverde Amaya, Isidoro",Director,NA,Colombia,Bibliografía,11,marzo 15 de 1891,1891-03-15,No,NA,Español,NA,Reseña,Bibliografía,NA,"Escritos escogidos de José Caicedo Rojas; Libro de lecturas escogidas en prosa y en verso, para niños y niñas, por Rodolfo Bernal; El Casino Literario, Medellín; Documentos en honor del Gran Mariscal de Ayacucho; Biografía del señor Gabriel Echeverri E.; ",02.5,314-316
Revista Literaria. Publicación Mensual,127,"Restrepo, José Manuel",Creador,NA,Colombia,Historia de la Nueva Granada. Para servir de continuación á la historia de Colombia [continuación],11,marzo 15 de 1891,1891-03-15,No,NA,Español,NA,Prosa No Ficción,NA,NA,NA,04.3,316-320
Revista Literaria. Publicación Mensual,128,"Castro y Serrano, José de",Creador,NA,España,Luisa. Historia vulgar,12,abril 15 de 1891,1891-04-15,No,NA,Español,NA,Prosa Ficción,NA,NA,NA,13.7,321-334
Revista Literaria. Publicación Mensual,129,"Zuleta Gaviria, Juan Antonio",Creador,"Zuleta, Juan A.",Colombia,Lamartine [concluye],12,abril 15 de 1891,1891-04-15,No,NA,Español,NA,Prosa No Ficción,NA,NA,NA,9,334-343
Revista Literaria. Publicación Mensual,130,"Lamartine, Alphonse de",Creador,NA,Francia,El aislamiento,12,abril 15 de 1891,1891-04-15,Sí,"Caicedo Rojas, José",Español,Francés,Poesía,NA,NA,NA,01.5,343-345
Revista Literaria. Publicación Mensual,131,"Restrepo, José Manuel",Creador,NA,Colombia,Historia de la Nueva Granada [continuación],12,abril 15 de 1891,1891-04-15,No,NA,Español,NA,Prosa No Ficción,NA,NA,NA,10.6,345-355
Revista Literaria. Publicación Mensual,132,"Calcaño, Julio",Creador,NA,Venezuela,Epitalamio de Julia. En las bodas de mi sobrina Julia de Herrera y Ricaurte con el señor D. D. Restrepo,12,abril 15 de 1891,1891-04-15,No,NA,Español,NA,Poesía,Epitalamio,NA,NA,01.6,356-357
Revista Literaria. Publicación Mensual,133,Anónimo,Creador,L. A.,NA,Crónicas literarias. Los préstamos de España a Francia,12,abril 15 de 1891,1891-04-15,No,NA,Español,NA,Prosa No Ficción,Crónica,NA,NA,03.3,357-360
Revista Literaria. Publicación Mensual,134,"O'Kelly, James J.",Creador,NA,Irlanda,"La tierra del ""mambi"". Habana.",12,abril 15 de 1891,1891-04-15,Sí,Anónimo,Español,NA,Prosa No Ficción,NA,NA,NA,05.6,361-366
Revista Literaria. Publicación Mensual,135,"Cabello de Carbonera, Mercedes",Creador,NA,Perú,Correspondencia literaria del Perú,12,abril 15 de 1891,1891-04-15,No,NA,Español,NA,Prosa No Ficción,Correspondencia,"Laverde Amaya, Isidoro",NA,6,366-372
Revista Literaria. Publicación Mensual,136,Anónimo,Creador,NA,NA,Fallecimiento del ilustrísimo Sr. Velasco,12,abril 15 de 1891,1891-04-15,No,NA,Español,NA,Prosa Ficción,NA,NA,NA,1,373
Revista Literaria. Publicación Mensual,137,"Rivera y Garrido, Luciano",Reseñista,NA,Colombia,Páginas blancas,12,abril 15 de 1891,1891-04-15,No,NA,Español,NA,Reseña,NA,NA,Artículos de costumbres y Novelas de José David Guarín,01.7,374-375
Revista Literaria. Publicación Mensual,138,"Le Moyne, Arnaud Auguste Hilaire",Creador,NA,Francia,Bogotá antigua,12,abril 15 de 1891,1891-04-15,Sí,Anónimo,Español,Inglés,Prosa No Ficción,NA,NA,NA,02.3,375-377
Revista Literaria. Publicación Mensual,139,"Palacio, Manuel del",Creador,NA,España,Chispas,12,abril 15 de 1891,1891-04-15,No,NA,Español,NA,Poesía,NA,NA,NA,0.3,378
Revista Literaria. Publicación Mensual,140,"Laverde Amaya, Isidoro",Director,NA,Colombia,Noticias literarias,12,abril 15 de 1891,1891-04-15,No,NA,Español,NA,Prosa No Ficción,Noticia,NA,NA,04.6,378-382
Revista Literaria. Publicación Mensual,141,Anónimo,Creador,NA,NA,Variedades. Dos clases de ventanas y,12,abril 15 de 1891,1891-04-15,No,NA,Español,NA,Prosa No Ficción,NA,NA,NA,2,383-384
Revista Literaria. Publicación Mensual,142,"Cooke, John Esten",Creador,NA,Colombia,Toinette,13,mayo 15 de 1891,1891-05-15,Sí,"Acosta de Samper, Soledad",Español,Inglés,Prosa Ficción,Novela,NA,NA,8,1-8
Revista Literaria. Publicación Mensual,143,"Merchán, Rafael María",Creador,NA,Cuba,Estudios del castellano,13,mayo 15 de 1891,1891-05-15,No,NA,Español,NA,Prosa No Ficción,Filología,NA,NA,12.3,8-24
Revista Literaria. Publicación Mensual,144,"Sanín Cano, Baldomero",Crítico,NA,Colombia,La princesa Malena de maurice Maeterlinck,13,mayo 15 de 1891,1891-05-15,No,NA,Español,NA,Reseña,Crítica literaria,NA,La princesa Malena,05.3,25-30
Revista Literaria. Publicación Mensual,145,"Restrepo, José Manuel",Creador,NA,Colombia,Noticia Biográfica de D. José María del Castillo y Radal,13,mayo 15 de 1891,1891-05-15,No,NA,Español,NA,Prosa No Ficción,Biografía,NA,NA,01.5,30-31
Revista Literaria. Publicación Mensual,146,"Isaacs, Jorge",Creador,NA,Colombia,El viejo soldado (Fragmento de La novia de Savaraín),13,mayo 15 de 1891,1891-05-15,No,NA,Español,NA,Poesía,Poesía,NA,NA,6,32-37
Revista Literaria. Publicación Mensual,147,"Restrepo Tirado, Ernesto",Creador,NA,Colombia,Tribus que habitaban el territorio colombiano a la llegada de los españoles [continúa],13,mayo 15 de 1891,1891-05-15,No,NA,Español,NA,Prosa No Ficción,Etnología,NA,NA,07.5,38-45
Revista Literaria. Publicación Mensual,148,"Pereira Gamba, Próspero",Creador,NA,Colombia,Mi tío Ramón [continúa],13,mayo 15 de 1891,1891-05-15,No,NA,Español,NA,Prosa No Ficción,Historia anecdótica,NA,NA,02.5,45-47
Revista Literaria. Publicación Mensual,149,"Taboada, Luis",Creador,NA,España,Visitas de confianza,13,mayo 15 de 1891,1891-05-15,No,NA,Español,NA,Prosa Ficción,NA,NA,NA,03.5,48-51
Revista Literaria. Publicación Mensual,150,"Tobar, Alfonso",Creador,NA,España,Cantares,13,mayo 15 de 1891,1891-05-15,No,NA,Español,NA,Poesía,NA,NA,NA,0.5,51
Revista Literaria. Publicación Mensual,151,"Saco, Eduardo",Creador,NA,España,Camprodón,13,mayo 15 de 1891,1891-05-15,No,NA,Español,NA,Prosa No Ficción,NA,NA,NA,02.5,52-54
Revista Literaria. Publicación Mensual,152,"Pérez Nieva, Alfonso",Creador,NA,España,El regalo de Reyes,13,mayo 15 de 1891,1891-05-15,No,NA,Español,NA,Prosa Ficción,NA,NA,NA,04.3,54-58
Revista Literaria. Publicación Mensual,153,"Rivera y Garrido, Luciano",Creador,NA,Colombia,Páginas blancas,13,mayo 15 de 1891,1891-05-15,No,NA,Español,NA,Reseña,NA,NA,Historia de la literatura en Nueva Granada,1,58-59
Revista Literaria. Publicación Mensual,154,"Laverde Amaya, Isidoro",Director,NA,Colombia,Noticias literarias,13,mayo 15 de 1891,1891-05-15,No,NA,Español,NA,Reseña,NA,NA,NA,04.5,59-64
Revista Literaria. Publicación Mensual,155,"Laverde Amaya, Isidoro",Director,NA,Colombia,Revista literaria,13,mayo 15 de 1891,1891-05-15,No,NA,Español,NA,Reseña,NA,NA,NA,0.5,64
Revista Literaria. Publicación Mensual,156,"Posada, Eduardo",Creador,NA,Colombia,Natalia,14,junio 20 de 1891,1891-06-20,No,NA,Español,NA,Prosa Ficción,NA,"Suárez, Roberto",NA,21,65-86
Revista Literaria. Publicación Mensual,157,"Restrepo, Vicente",Creador,NA,Colombia,Reseña biográfica del general Manuel de Serviez [continúa],14,junio 20 de 1891,1891-06-20,No,NA,Español,NA,Prosa No Ficción,Reseña biográfica,NA,NA,18,86-104
Revista Literaria. Publicación Mensual,158,"Caro, Miguel Antonio",Creador,NA,Colombia,Alma bendita,14,junio 20 de 1891,1891-06-20,No,NA,Español,NA,Poesía,NA,NA,NA,1,104-105
Revista Literaria. Publicación Mensual,159,"Guerra Azuola, Ramón",Creador,NA,Colombia,Valor cívico,14,junio 20 de 1891,1891-06-20,No,NA,Español,NA,Prosa No Ficción,NA,NA,NA,13,105-118
Revista Literaria. Publicación Mensual,160,"Restrepo Tirado, Ernesto",Creador,NA,Colombia,Tribus que habitaban el territorio colombiano a la llegada de los españoles [continuación],14,junio 20 de 1891,1891-06-20,No,NA,Español,NA,Prosa No Ficción,NA,NA,NA,19.3,118-137
Revista Literaria. Publicación Mensual,161,"Blanco y Sánchez, Rufino",Reseñista,NA,España,Correspondencia literaria de ultramar,14,junio 20 de 1891,1891-06-20,No,NA,Español,NA,Reseña,Correspondencia,"Laverde Amaya, Isidoro","Pequeñeces… Novela oroginal, Luis Coloma",5,138-142
Revista Literaria. Publicación Mensual,162,"Campoamor, Ramón de",Creador,NA,España,Humoradas,14,junio 20 de 1891,1891-06-20,No,NA,Español,NA,Poesía,NA,NA,NA,0.5,143
Revista Literaria. Publicación Mensual,163,"Laverde Amaya, Isidoro",Director,NA,Colombia,Noticias literarias,14,junio 20 de 1891,1891-06-20,No,NA,Español,NA,Prosa No Ficción,NA,NA,NA,01.4,143-144
Revista Literaria. Publicación Mensual,164,Anónimo,Reseñista,NA,NA,La última novela de Farina,14,junio 20 de 1891,1891-06-20,No,NA,Español,NA,Reseña,NA,NA,"¿Más fuerte que el amor?, deSalvatore Farina",2,NA
Revista Literaria. Publicación Mensual,165,"Sacher-Masoch, Leopold von",Creador,NA,Alemania,La fuente de las lágrimas,15,junio 20 de 1891,1891-06-20,Sí,"Guzmán, Federico de",Español,Alemán,Prosa No Ficción,Novela,NA,NA,20.3,145-166
Revista Literaria. Publicación Mensual,166,"Restrepo, Vicente",Creador,NA,Colombia,Reseña biográfica del general Manuel de Serviez [concluye],15,junio 20 de 1891,1891-06-20,No,NA,Español,NA,Prosa No Ficción,NA,NA,NA,16.6,166-182
Revista Literaria. Publicación Mensual,167,"Uribe Ángel, Manuel",Creador,NA,Colombia,Medellín. Carta primera,15,junio 20 de 1891,1891-06-20,No,NA,Español,NA,Prosa No Ficción,Carta,"Laverde Amaya, Isidoro",NA,7,183-189
Revista Literaria. Publicación Mensual,168,"Restrepo Tirado, Ernesto",Creador,NA,Colombia,Tradiciones de los aborígenes de Colombia,15,junio 20 de 1891,1891-06-20,No,NA,Español,NA,Prosa No Ficción,NA,NA,NA,15.3,190-205
Revista Literaria. Publicación Mensual,169,"Ortiz, José Joaquín",Creador,NA,Colombia,Hechos paralelos,15,junio 20 de 1891,1891-06-20,No,NA,Español,NA,Prosa No Ficción,NA,NA,NA,03.6,205-208
Revista Literaria. Publicación Mensual,170,"Pereira Gamba, Próspero",Creador,NA,Colombia,Mi tío Ramón [continúación y continúa],15,junio 20 de 1891,1891-06-20,No,NA,Español,NA,Prosa No Ficción,NA,NA,NA,05.6,209-214
Revista Literaria. Publicación Mensual,171,"Vásquez, Honorato",Creador,NA,Ecuador,Variedades. A Idelfonso Díaz del Castillo,15,junio 20 de 1891,1891-06-20,No,NA,Español,NA,Poesía,NA,NA,NA,0.6,214-215
Revista Literaria. Publicación Mensual,172,"Colorado, Vicente",Creador,NA,España,Mi gata,15,junio 20 de 1891,1891-06-20,No,NA,Español,NA,Poesía,NA,NA,NA,0.5,215
Revista Literaria. Publicación Mensual,173,"Laverde Amaya, Isidoro",Director,NA,Colombia,Noticias literarias,15,junio 20 de 1891,1891-06-20,No,NA,Español,NA,Prosa No Ficción,NA,NA,NA,3,216-218
Revista Literaria. Publicación Mensual,174,"Pereira Gamba, Próspero",Creador,NA,Colombia,Mi tío Ramón [continúación y continúa],16,agosto de 1891,1891-08-01,No,NA,Español,NA,Prosa No Ficción,NA,NA,NA,11.5,219-230
Revista Literaria. Publicación Mensual,175,"Esguerra Ortiz, Joaquín",Creador,NA,Colombia,Nota de un delegado correspondiente por Colombia al Congreso Internacional de Americanistas,16,agosto de 1891,1891-08-01,No,NA,Español,NA,Prosa No Ficción,NA,NA,NA,10,219-240
Revista Literaria. Publicación Mensual,176,"Valenzuela, Teodoro",Creador,NA,Colombia,En el álbum de la señora Rosa P. de Portocarrero,16,agosto de 1891,1891-08-01,No,NA,Español,NA,Poesía,NA,NA,NA,1,240-241
Revista Literaria. Publicación Mensual,177,"Gómez Restrepo, Antonio",Creador,NA,Colombia,Llegando a Grecia,16,agosto de 1891,1891-08-01,No,NA,Español,NA,Poesía,NA,"Rivas Groot, José",NA,4,241-245
Revista Literaria. Publicación Mensual,178,"Maupassant, Guy de",Creador,NA,Francia,El aderezo del baile,16,agosto de 1891,1891-08-01,Sí,"Arias Argaez, Isaac",Español,Francés,Prosa Ficción,NA,NA,NA,08.6,245-253
Revista Literaria. Publicación Mensual,179,"Uribe Ángel, Manuel",Creador,NA,Colombia,Medellín. Carta segunda,16,agosto de 1891,1891-08-01,No,NA,Español,NA,Prosa No Ficción,Carta,"Laverde Amaya, Isidoro",NA,09.5,253-262
Revista Literaria. Publicación Mensual,180,"Gómez de Baquero, Eduardo",Creador,NA,España,Lo clásico y lo castizo,16,agosto de 1891,1891-08-01,No,NA,Español,NA,Prosa No Ficción,NA,NA,NA,04.3,263-267
Revista Literaria. Publicación Mensual,181,"Restrepo Tirado, Ernesto",Creador,NA,Colombia,Politeísmo chibcha,16,agosto de 1891,1891-08-01,No,NA,Español,NA,Prosa No Ficción,NA,NA,NA,11,267-277
Revista Literaria. Publicación Mensual,182,Anónimo,Ilustrador,NA,NA,Lámina II,16,agosto de 1891,1891-08-01,No,NA,NA,NA,Imagen,Lámina,NA,NA,1,NA
Revista Literaria. Publicación Mensual,183,"Böhl de Faber y Ruiz de Larrea, Cecilia",Creador,Fernán Caballero,España,"Variedades. San José, albacea testamentario",16,agosto de 1891,1891-08-01,No,NA,Español,NA,Prosa Ficción,NA,NA,NA,4,277-280
Revista Literaria. Publicación Mensual,184,"Laverde Amaya, Isidoro",Director,NA,Colombia,Noticias literarias,16,agosto de 1891,1891-08-01,No,NA,Español,NA,Prosa No Ficción,NA,NA,NA,02.5,280-282
Revista Literaria. Publicación Mensual,185,Anónimo,Creador,NA,España,El hombre ideal,16,agosto de 1891,1891-08-01,No,NA,Español,NA,Prosa No Ficción,NA,NA,NA,2,NA
Revista Literaria. Publicación Mensual,186,"Abella Mendoza, Temístocles",Creador,NA,Colombia,Mis tres enemigos (páginas de la vida íntima),17,septiembre de 1891,1891-09-01,No,NA,Español,NA,Prosa Ficción,NA,NA,NA,13,283-295
Revista Literaria. Publicación Mensual,187,"Ramos Ruíz, Gonzalo",Creador,NA,Colombia,Sucesos ya olvidados del tiempo de la Conquista,17,septiembre de 1891,1891-09-01,No,NA,Español,NA,Prosa No Ficción,NA,"Cologán, Bernardo J.",NA,09.5,296-306
Revista Literaria. Publicación Mensual,188,"Uribe Ángel, Manuel",Creador,NA,Colombia,Medellín. Carta tercera,17,septiembre de 1891,1891-09-01,No,NA,Español,NA,Prosa No Ficción,Carta,"Laverde Amaya, Isidoro",NA,8,306-314
Revista Literaria. Publicación Mensual,189,Anónimo,Creador,NA,NA,La República de Colombia (para el exterior),17,septiembre de 1891,1891-09-01,No,NA,Español,NA,Prosa No Ficción,NA,NA,NA,9,314-323
Revista Literaria. Publicación Mensual,190,"Caro, Miguel Antonio",Creador,NA,Colombia,Al firmamento,17,septiembre de 1891,1891-09-01,No,NA,Español,NA,Poesía,nA,NA,NA,2,323-325
Revista Literaria. Publicación Mensual,191,Anónimo,Ilustrador,NA,NA,Lámina I,17,septiembre de 1891,1891-09-01,No,NA,NA,NA,Imagen,NA,NA,NA,1,NA
Revista Literaria. Publicación Mensual,192,"Restrepo Tirado, Ernesto",Creador,NA,Colombia,Prácticas idolátricas de las tribus que habitan la tierra firme,17,septiembre de 1891,1891-09-01,No,NA,Español,NA,Prosa No Ficción,NA,NA,NA,10.5,325-335
Revista Literaria. Publicación Mensual,193,Anónimo,Ilustrador,NA,NA,Lámina III,17,septiembre de 1891,1891-09-01,No,NA,NA,NA,Imagen,NA,NA,NA,1,NA
Revista Literaria. Publicación Mensual,194,"Larrazábal y Arrivillaga, Antonio de",Creador,"Larrázabal, Antonio",Guatemala,Correspondencia del Ecuador,17,septiembre de 1891,1891-09-01,No,NA,Español,NA,Prosa No Ficción,Correspondencia,"Laverde Amaya, Isidoro",NA,05.5,336-341
Revista Literaria. Publicación Mensual,195,"Laverde Amaya, Isidoro",Director,NA,Colombia,Noticias literarias,17,septiembre de 1891,1891-09-01,No,NA,Español,NA,Prosa No Ficción,NA,NA,NA,4,341-345
Revista Literaria. Publicación Mensual,196,"Mendive y Daumy, Rafael María de",Creador,NA,Cuba,Sobre el mar. Barcarola,17,septiembre de 1891,1891-09-01,No,NA,Español,NA,Poesía,NA,NA,NA,01.3,345-346
Revista Literaria. Publicación Mensual,197,"Gómez de Baquero, Eduardo",Creador,NA,España,Un problema de crítica,17,septiembre de 1891,1891-09-01,No,NA,Español,NA,Reseña,NA,NA,"Dieu, de Víctor Hugo; Victor Hugo, après 1830, de M. Edmond Biré.",2,NA
Revista Literaria. Publicación Mensual,198,"Restrepo, Vicente",Creador,NA,Colombia,"La tierra del ""Mambí""",18,octubre de 1892,1892-10-01,No,NA,Español,NA,Prosa No Ficción,NA,NA,NA,06.2,348-353
Revista Literaria. Publicación Mensual,199,"Restrepo, Vicente",Creador,NA,Colombia,Reseña biográfica del general Manuel de Serviez. Apéndice,18,octubre de 1892,1892-10-01,No,NA,Español,NA,Prosa No Ficción,NA,NA,NA,04.8,353-357
Revista Literaria. Publicación Mensual,200,"Girón, Lázaro María",Creador,NA,Colombia,Un recuerdo de la Comisión corográfica,18,octubre de 1892,1892-10-01,No,NA,Español,NA,Prosa No Ficción,NA,NA,NA,14.5,358-372
Revista Literaria. Publicación Mensual,201,"Guerra Azuola, Ramón",Creador,NA,Colombia,Personal de la Comisión corográfica,18,octubre de 1892,1892-10-01,No,NA,Español,NA,Prosa No Ficción,NA,"Girón, Lázaro maría",NA,4,372-376
Revista Literaria. Publicación Mensual,202,"Uribe Ángel, Manuel",Creador,NA,Colombia,Medellín. Carta cuarta,18,octubre de 1892,1892-10-01,No,NA,Español,NA,Prosa No Ficción,Carta,"Laverde Amaya, Isidoro",NA,7,376-3785
Revista Literaria. Publicación Mensual,203,"Restrepo Tirado, Ernesto",Creador,NA,Colombia,Gobierno chibcha,18,octubre de 1892,1892-10-01,No,NA,Español,NA,Prosa No Ficción,NA,NA,NA,9,385-394
Revista Literaria. Publicación Mensual,204,"Laverde Amaya, Isidoro",Director,NA,Colombia,Notas editoriales,18,octubre de 1892,1892-10-01,No,NA,Español,NA,Prosa No Ficción,NA,NA,NA,02.5,394-396
Revista Literaria. Publicación Mensual,205a,"Verbrugghe, Louis Émile",Creador,NA,Francia,Valparaíso y Santiago,18,octubre de 1892,1892-10-01,Sí,"Laverde Amaya, Isidoro",Español,Francés,Prosa No Ficción,NA,NA,NA,05.5,397-402
Revista Literaria. Publicación Mensual,205b,"Verbrugghe, Georges",Creador,NA,Francia,Valparaíso y Santiago,18,octubre de 1892,1892-10-01,Sí,"Laverde Amaya, Isidoro",Español,Francés,Prosa No Ficción,NA,NA,NA,05.5,397-402
Revista Literaria. Publicación Mensual,206,"Caicedo Rojas, José",Creador,NA,Colombia,La monja prófuga,18,octubre de 1892,1892-10-01,No,NA,Español,Español,Prosa Ficción,NA,NA,NA,03.6,402-406
Revista Literaria. Publicación Mensual,207,"Ferrari, Emilio",Creador,NA,España,La nueva estética,18,octubre de 1892,1892-10-01,No,NA,Español,Español,Poesía,NA,NA,NA,0.5,406
Revista Literaria. Publicación Mensual,208,"Talleyrand, Charles Maurice de",Creador,NA,Francia,Las memorias de Talleyrand,18,octubre de 1892,1892-10-01,Sí,Anónimo,Español,Francés,Prosa No Ficción,Memorias,NA,NA,01.5,407-408
Revista Literaria. Publicación Mensual,209,"Laverde Amaya, Isidoro",Director,NA,Colombia,Noticias literarias,18,octubre de 1892,1892-10-01,No,NA,Español,Español,Prosa No Ficción,NA,NA,NA,02.5,408-410
Revista Literaria. Publicación Mensual,210,"Laverde Amaya, Isidoro",Director,NA,Colombia,Publicaciones recibidas,18,octubre de 1892,1892-10-01,No,NA,Español,Español,Prosa No Ficción,NA,NA,NA,2,NA
Revista Literaria. Publicación Mensual,211,"Verbrugghe, Louis Émile",Creador,NA,Francia,De la Buenaventura a Bogotá,19,noviembre de 1891,1891-11-01,Sí,"Laverde Amaya, Isidoro",Español,Francés,Prosa No Ficción,NA,NA,NA,29.5,411-440
Revista Literaria. Publicación Mensual,212,"Verbrugghe, Georges",Creador,NA,Francia,De la Buenaventura a Bogotá,19,noviembre de 1891,1891-11-01,Sí,"Laverde Amaya, Isidoro",Español,Francés,Prosa No Ficción,NA,NA,NA,29.5,411-440
Revista Literaria. Publicación Mensual,213,Anónimo,Creador,NA,NA,El matrimonio de Hermencia,19,noviembre de 1891,1891-11-01,No,NA,Español,NA,Prosa Ficción,NA,NA,NA,10.5,440-450
Revista Literaria. Publicación Mensual,214,"Blanco y Sánchez, Rufino",Creador,NA,España,Correspondencia literaria,19,noviembre de 1891,1891-11-01,No,NA,Español,NA,Reseña,Correspondencia,NA,"Ventura de la Vega, estudio biográfico crítico, por Juan Valera; Capullos de novela, por Antonio de Valbuena.",6,451-456
Revista Literaria. Publicación Mensual,215,"Restrepo Tirado, Ernesto",Creador,NA,Colombia,El gobierno en las tribus de tierra firma,19,noviembre de 1891,1891-11-01,No,NA,Español,NA,Prosa No Ficción,NA,NA,NA,6,457-462
Revista Literaria. Publicación Mensual,216,Anónimo,Creador,NA,NA,D. Manuel C. Restrepo (Recuerdo necrológico),19,noviembre de 1891,1891-11-01,No,NA,Español,NA,Prosa No Ficción,Necrología,NA,NA,04.5,463-467
Revista Literaria. Publicación Mensual,217,"Lamartine, Alphonse de",Creador,NA,Francia,Al ruiseñor,19,noviembre de 1891,1891-11-01,Sí,"Caicedo Rojas, José",Español,Francés,Poesía,NA,NA,NA,01.5,467-468
Revista Literaria. Publicación Mensual,218,"Laverde Amaya, Isidoro",Director,NA,Colombia,Notas editoriales,19,noviembre de 1891,1891-11-01,No,NA,Español,NA,Prosa No Ficción,NA,NA,NA,6,469-474
Revista Literaria. Publicación Mensual,219,"Laverde Amaya, Isidoro",Director,NA,Colombia,Noticias literarias,19,noviembre de 1891,1891-11-01,No,NA,Español,NA,Prosa No Ficción,NA,NA,NA,2,NA
Revista Literaria. Publicación Mensual,220,"Restrepo Maya, José María",Creador,NA,Colombia,Mercedes la campesina (cuadros de la vida en las montañas de Antioquia),20,diciembre de 1891,1891-12-01,No,NA,Español,NA,Prosa Ficción,Cuadro,NA,NA,12.6,475-487
Revista Literaria. Publicación Mensual,221,"Restrepo Tirado, Ernesto",Creador,NA,Colombia,Fiestas indígenas,20,diciembre de 1891,1891-12-01,No,NA,Español,NA,Prosa No Ficción,NA,NA,NA,06.5,487-494
Revista Literaria. Publicación Mensual,222,"Restrepo, Vicente",Creador,NA,Colombia,"La tierra del ""Mambí""",20,diciembre de 1891,1891-12-01,No,NA,Español,NA,Prosa Ficción,NA,NA,NA,5,494-499
Revista Literaria. Publicación Mensual,223,"Uribe Ángel, Manuel",Creador,NA,Colombia,Cartas sobre Medellín. Carta quinta,20,diciembre de 1891,1891-12-01,No,NA,Español,NA,Prosa No Ficción,Carta,"Laverde Amaya, Isidoro",NA,6,499-505
Revista Literaria. Publicación Mensual,224,"Escobar R., Eusebio",Creador,NA,Colombia,"Tunja (datos geográficos, históricos y estadísticos)",20,diciembre de 1891,1891-12-01,No,NA,Español,NA,Prosa No Ficción,NA,NA,NA,10,505-515
Revista Literaria. Publicación Mensual,225,"Capuana, Luigi",Creador,NA,Italia,La vida sin amor o el doctor cimbalus,20,diciembre de 1891,1891-12-01,Sí,"Uribe, Diego",Español,Italiano,Prosa Ficción,NA,NA,NA,16,515-531
Revista Literaria. Publicación Mensual,226,"Campoamor, Ramón de",Creador,NA,España,Humoradas,20,diciembre de 1891,1891-12-01,No,NA,Español,NA,Poesía,NA,NA,NA,0.6,531
Revista Literaria. Publicación Mensual,227,"Caro, José Eusebio",Creador,NA,Colombia,Después de veinte años,20,diciembre de 1891,1891-12-01,No,NA,Español,NA,Poesía,NA,NA,NA,02.3,532-536
Revista Literaria. Publicación Mensual,228,"Caro, José Eusebio",Creador,NA,Colombia,Vingt Ans Apres,20,diciembre de 1891,1891-12-01,Sí,"Dusson, Octave",Francés,Español,Poesía,NA,"Caro, Miguel Antonio",NA,02.5,533-537
Revista Literaria. Publicación Mensual,229,Anónimo,Creador,NA,NA,Adivinanzas,20,diciembre de 1891,1891-12-01,No,NA,Español,NA,Poesía,NA,NA,NA,0.6,537
Revista Literaria. Publicación Mensual,230,"Laverde Amaya, Isidoro",Director,NA,Colombia,Notas editoriales,20,diciembre de 1891,1891-12-01,No,NA,Español,NA,Prosa No Ficción,NA,NA,NA,04.5,538-542
Revista Literaria. Publicación Mensual,231,"Laverde Amaya, Isidoro",Director,NA,Colombia,Discurso del señor Isidoro Laverde Amaya,20,diciembre de 1891,1891-12-01,No,NA,Español,NA,Prosa No Ficción,NA,NA,NA,6,542-548
Revista Literaria. Publicación Mensual,232,"Laverde Amaya, Isidoro",Director,NA,Colombia,Notas literarias y artísticas,20,diciembre de 1891,1891-12-01,No,NA,Español,NA,Prosa No Ficción,NA,NA,NA,5,548-533
Revista Literaria. Publicación Mensual,233,Anónimo,Creador,NA,NA,Congreso geográfico Hispano-portugués americano,20,diciembre de 1891,1891-12-01,No,NA,Español,NA,Prosa No Ficción,NA,NA,NA,01.3,553-554
Revista Literaria. Publicación Mensual,234,"Orbigny, Alcide Charles Victor Marie Dessalines de",Creador,NA,Francia,Bogotá en 1841,21,enero de 1892,1892-01-01,Sí,"González B., José María",Español,Francés,Prosa No Ficción,NA,NA,NA,6,555-560
Revista Literaria. Publicación Mensual,235,"Restrepo, Vicente",Creador,NA,Colombia,"La tierra del ""Mambí"". Peninsulares",21,enero de 1892,1892-01-01,No,NA,Español,NA,Prosa No Ficción,NA,NA,NA,05.5,561-566
Revista Literaria. Publicación Mensual,236,"Guzmán, César Coronado",Creador,NA,Colombia,Recepciones oficiales en París y en Londres,21,enero de 1892,1892-01-01,No,NA,Español,NA,Prosa No Ficción,NA,NA,NA,07.5,560-573
Revista Literaria. Publicación Mensual,237,"Uribe Ángel, Manuel",Creador,NA,Colombia,Cartas sobre Medellín. Carta sexta,21,enero de 1892,1892-01-01,No,NA,Español,NA,Prosa No Ficción,Carta,"Laverde Amaya, Isidoro",NA,05.6,574-579
Revista Literaria. Publicación Mensual,238,"Restrepo Tirado, Ernesto",Creador,NA,Colombia,La niñez entre los indígenas,21,enero de 1892,1892-01-01,No,NA,Español,NA,Prosa No Ficción,NA,NA,NA,08.4,579-587
Revista Literaria. Publicación Mensual,239,"Caro, José Eusebio",Creador,NA,Colombia,Aparición,21,enero de 1892,1892-01-01,No,NA,Español,NA,Poesía,NA,NA,NA,2,588-590
Revista Literaria. Publicación Mensual,240,"Caro, José Eusebio",Creador,NA,Colombia,L´Aparition,21,enero de 1892,1892-01-01,Sí,"Dusson, Octave",Francés,Español,Poesía,NA,"Caro, Miguel Antonio",NA,2,589-591
Revista Literaria. Publicación Mensual,241,"Fernández Avendaño, Enrique Wenceslao",Creador,NA,Colombia,La redención,21,enero de 1892,1892-01-01,No,NA,Español,NA,Poesía,NA,NA,NA,4,592-595
Revista Literaria. Publicación Mensual,242,Anónimo,Creador,NA,NA,Crónica parisiense,21,enero de 1892,1892-01-01,No,NA,Español,NA,Prosa No Ficción,Crónica,NA,NA,3,596-598
Revista Literaria. Publicación Mensual,243,"Laverde Amaya, Isidoro",Director,NA,Colombia,Notas editoriales,21,enero de 1892,1892-01-01,No,NA,Español,NA,Prosa No Ficción,NA,NA,NA,02.3,599-601
Revista Literaria. Publicación Mensual,244,"Laverde Amaya, Isidoro",Director,NA,Colombia,Notas literarias y artísticas,21,enero de 1892,1892-01-01,No,NA,Español,NA,Prosa No Ficción,NA,NA,NA,01.7,601-602
Revista Literaria. Publicación Mensual,245,"Rivera y Garrido, Luciano",Creador,NA,Colombia,D. Juan Francisco Ortiz (Opúsculo biográfico),22,febrero de 1892,1892-02-01,No,NA,Español,NA,Prosa No Ficción,Opúsculo biográfico,NA,NA,27.6,603-630
Revista Literaria. Publicación Mensual,246,"Alcántara Jurado, Francisco",Creador,El Españoleto,España,La academia española,22,febrero de 1892,1892-02-01,No,NA,Español,NA,Prosa No Ficción,NA,NA,NA,07.8,630-638
Revista Literaria. Publicación Mensual,247,"Pizarro, Alejandro",Creador,NA,Colombia,Los caudillos en Hispanoamérica,22,febrero de 1892,1892-02-01,No,NA,Español,NA,Prosa No Ficción,NA,NA,NA,3,638-641
Revista Literaria. Publicación Mensual,248,Anónimo,Creador,NA,NA,Adivinanzas,22,febrero de 1892,1892-02-01,No,NA,Español,NA,Poesía,NA,NA,NA,0.3,641
Revista Literaria. Publicación Mensual,249,"Prudhomme, Sully",Creador,NA,Francia,La copa,22,febrero de 1892,1892-02-01,Sí,"Caro, Miguel Antonio",Español,Francés,Poesía,NA,NA,NA,0.5,642
Revista Literaria. Publicación Mensual,250,"Rubió y Ors, Joaquín",Creador,NA,España,Al llanto,22,febrero de 1892,1892-02-01,Sí,"Caro, Miguel Antonio",Español,Catalán,Poesía,NA,NA,NA,0.5,642
Revista Literaria. Publicación Mensual,251,"Prudhomme, Sully",Creador,NA,Francia,La copa,22,febrero de 1892,1892-02-01,No,NA,Francés,NA,Poesía,NA,NA,NA,0.5,643
Revista Literaria. Publicación Mensual,252,"Rubió y Ors, Joaquín",Creador,NA,España,Al llanto,22,febrero de 1892,1892-02-01,No,NA,Catalán,NA,Poesía,NA,NA,NA,0.5,643
Revista Literaria. Publicación Mensual,253,"Fernández Avendaño, Enrique Wenceslao",Creador,NA,Colombia,Tras la orgía,22,febrero de 1892,1892-02-01,No,NA,Español,NA,Poesía,NA,NA,NA,1,644
Revista Literaria. Publicación Mensual,254,"Laverde Amaya, Isidoro",Director,NA,Colombia,Las beldades de mi tiempo (impresiones y muestras de un libro de literatura argentina),22,febrero de 1892,1892-02-01,No,NA,Español,NA,Reseña,NA,NA,"Las beldades de mi tiempo, por Santiago Calzadilla",8,644-652
Revista Literaria. Publicación Mensual,255,"Restrepo Tirado, Ernesto",Creador,NA,Colombia,Matrimonios indígenas,22,febrero de 1892,1892-02-01,No,NA,Español,NA,Prosa No Ficción,NA,NA,NA,10.3,653-663
Revista Literaria. Publicación Mensual,256,Anónimo,Creador,NA,NA,"Antiguallas de la Nueva Granada, sacadas de un viejo manuscrito",22,febrero de 1892,1892-02-01,No,NA,Español,NA,Prosa No Ficción,NA,NA,NA,02.2,663-665
Revista Literaria. Publicación Mensual,257,"Mora, Félix",Creador,NA,Perú,Las limeñas,22,febrero de 1892,1892-02-01,No,NA,Español,NA,Poesía,Letrilla,NA,NA,01.5,665-666
Revista Literaria. Publicación Mensual,258,"Deslys, Charles",Creador,NA,Francia,Dionisia,23,marzo de 1892,1892-03-01,Sí,Anónimo,Español,Francés,Prosa Ficción,NA,NA,NA,37.5,667-704
Revista Literaria. Publicación Mensual,259,"Restrepo Tirado, Ernesto",Creador,NA,Colombia,Alimentos indígenas,23,marzo de 1892,1892-03-01,No,NA,Español,NA,Prosa No Ficción,NA,NA,NA,08.5,704-712
Revista Literaria. Publicación Mensual,260,"Carducci, Giosuè",Creador,NA,Italia,La alborada,23,marzo de 1892,1892-03-01,Sí,"Narváez, Roberto de",Español,Italiano,Poesía,NA,NA,NA,1,713
Revista Literaria. Publicación Mensual,261,"Caro, José Eusebio",Creador,NA,Colombia,Al doctor N. R. Cheyne,23,marzo de 1892,1892-03-01,No,NA,Español,NA,Poesía,NA,NA,NA,03.3,"714,716,718,720"
Revista Literaria. Publicación Mensual,262,"Caro, José Eusebio",Creador,NA,Colombia,Douleur et vertu,23,marzo de 1892,1892-03-01,Sí,"Dusson, Octave",Español,Francés,Poesía,NA,NA,NA,03.3,"715,717,719, 721"
Revista Literaria. Publicación Mensual,263,"Calcaño, José Antonio",Creador,NA,Colombia,A Maria Luisa de Díaz Guerra,23,marzo de 1892,1892-03-01,No,NA,Español,NA,Poesía,NA,NA,NA,0.4,720
Revista Literaria. Publicación Mensual,264,Anónimo,Creador,NA,NA,Cantos del pueblo,23,marzo de 1892,1892-03-01,No,NA,Español,NA,Poesía,NA,NA,NA,1,720-721
Revista Literaria. Publicación Mensual,265,"Laverde Amaya, Isidoro",Creador,NA,Colombia,D. José Joaquín Ortiz (necrología),23,marzo de 1892,1892-03-01,No,NA,Español,NA,Prosa No Ficción,Necrología,NA,NA,02.5,722-724
Revista Literaria. Publicación Mensual,266,Anónimo,Ilustrador,NA,NA,D. José Joaquín Ortiz,23,marzo de 1892,1892-03-01,No,NA,NA,NA,Imagen,NA,NA,NA,1,NA
Revista Literaria. Publicación Mensual,267,"Díaz del Castillo, Ildefonso",Creador,NA,Colombia,José Joaquín Ortiz,23,marzo de 1892,1892-03-01,No,NA,Español,NA,Poesía,NA,NA,NA,0.5,724
Revista Literaria. Publicación Mensual,268,"Porras, José Ángel",Creador,NA,Colombia,Carta sobre Venezuea,23,marzo de 1892,1892-03-01,No,NA,Español,NA,Prosa No Ficción,Carta,"Laverde Amaya, Isidoro",NA,07.5,725-732
Revista Literaria. Publicación Mensual,269,"Laverde Amaya, Isidoro",Director,NA,Colombia,Notas editoriales,23,marzo de 1892,1892-03-01,No,NA,Español,NA,Prosa No Ficción,NA,NA,NA,3,732-735
Revista Literaria. Publicación Mensual,270,"Lambert, Suzanne",Creador,"Levinck, Anne",Francia,La señora Acosta de Samper,23,marzo de 1892,1892-03-01,Sí,Anónimo,Español,Francés,Prosa No Ficción,NA,NA,NA,02.7,735-738
Revista Literaria. Publicación Mensual,271,Anónimo,Reseñista,SD,NA,La América Literaria,23,marzo de 1892,1892-03-01,No,NA,Español,NA,Reseña,NA,NA,"América Literaria, por Francisco Lagomaggiore",5,738-743
Revista Literaria. Publicación Mensual,272,Anónimo,Creador,SD,NA,"Datos sobre el movimiento de Instrucción Pública secundaria y profesional en Bogotá, durante el presente año",23,marzo de 1892,1892-03-01,No,NA,Español,NA,Prosa No Ficción,NA,NA,NA,03.7,746-743
Revista Literaria. Publicación Mensual,273,"Restrepo, Vicente",Creador,NA,Colombia,"La tierra del ""Mambí""",24,abril de 1892,1892-04-01,No,NA,Español,NA,Prosa No Ficción,NA,NA,NA,7,747-753
Revista Literaria. Publicación Mensual,274,"Acosta de Samper, Soledad",Creador,NA,Colombia,Correspondencia de Europa,24,abril de 1892,1892-04-01,No,NA,Español,NA,Prosa No Ficción,Correspondencia,"Laverde Amaya, Isidoro",NA,08.5,754-762
Revista Literaria. Publicación Mensual,275,"Restrepo Tirado, Ernesto",Creador,NA,Colombia,Caza y pesca,24,abril de 1892,1892-04-01,No,NA,Español,NA,Prosa No Ficción,NA,NA,NA,08.5,762-770
Revista Literaria. Publicación Mensual,276,"Uribe Ángel, Manuel",Creador,NA,Colombia,Cartas sobre Medellín,24,abril de 1892,1892-04-01,No,NA,Español,NA,Prosa No Ficción,Carta,"Laverde Amaya, Isidoro",NA,8,771-778
Revista Literaria. Publicación Mensual,277,Anónimo,Creador,NA,NA,Cantares,24,abril de 1892,1892-04-01,No,NA,Español,NA,Poesía,NA,NA,NA,1,779
Revista Literaria. Publicación Mensual,278,"Caro, José Eusebio",Creador,NA,NA,"Buenas noches, patria mía!",24,abril de 1892,1892-04-01,No,NA,Español,NA,Poesía,NA,NA,NA,01.5,"780,782"
Revista Literaria. Publicación Mensual,279,"Caro, José Eusebio",Creador,NA,NA,Adieu a la patrie,24,abril de 1892,1892-04-01,Sí,"Dusson, Octave",Francés,Español,Poesía,NA,NA,NA,01.5,"781,783"
Revista Literaria. Publicación Mensual,280,Anónimo,Creador,NA,NA,Sacrificio y tetación. Cuento indio,24,abril de 1892,1892-04-01,No,NA,Español,NA,Prosa Ficción,Cuento,NA,NA,1,782-783
Revista Literaria. Publicación Mensual,281,Anónimo,Creador,NA,NA,El anillo de mi mujer,24,abril de 1892,1892-04-01,No,NA,Español,NA,Prosa Ficción,NA,NA,NA,03.6,784-787
Revista Literaria. Publicación Mensual,282,"Laverde Amaya, Isidoro",Director,NA,Colombia,Notas editoriales,24,abril de 1892,1892-04-01,No,NA,Español,NA,Prosa No Ficción,NA,NA,NA,03.8,787-791
Revista Literaria. Publicación Mensual,283,"Tejera, Felipe",Creador,NA,Venezuela,A María Luisa de Díaz Guerra,24,abril de 1892,1892-04-01,No,NA,Español,NA,Poesía,NA,NA,NA,3,791
Revista Literaria. Publicación Mensual,284,Anónimo,Creador,NA,NA,Erratas,24,abril de 1892,1892-04-01,No,NA,Español,NA,Prosa No Ficción,NA,NA,NA,3,791
Revista Literaria. Publicación Mensual,285,"Laverde Amaya, Isidoro",Director,NA,Colombia,Noticias literarias,25,mayo de 1892,1892-05-01,No,NA,Español,NA,Prosa No Ficción,NA,NA,NA,1,NA
Revista Literaria. Publicación Mensual,286,"Scribe, Eugène",Creador,NA,Francia,"El Doctor Capirote, o los curanderos de antaño",25,mayo de 1892,1892-05-01,Sí,"Hartzembusch, Juan Eugenio",Español,Francés,Teatro,Teatro,NA,NA,22.5,1-23
Revista Literaria. Publicación Mensual,287,"Restrepo Tirado, Ernesto",Creador,NA,Colombia,Antropofagia,25,mayo de 1892,1892-05-01,No,NA,Español,NA,Prosa No Ficción,Estudio histórico,NA,NA,10,23-33
Revista Literaria. Publicación Mensual,288,"Holguín, Jorge",Creador,Maximiliano,Colombia,La bestia negra,25,mayo de 1892,1892-05-01,No,NA,Español,NA,Prosa No Ficción,Estudio económico,NA,NA,37.5,33-69
Revista Literaria. Publicación Mensual,289,"Caro, José Eusebio",Creador,NA,Colombia,En alta mar,25,mayo de 1892,1892-05-01,No,NA,Español,NA,Poesía,Poesía,NA,NA,01.6,"70,72"
Revista Literaria. Publicación Mensual,290,"Caro, José Eusebio",Creador,NA,Colombia,En Haute mer,25,mayo de 1892,1892-05-01,Sí,"Dusson, Octave",Español,Francés,Poesía,Poesía,NA,NA,01.4,"71,73"
Revista Literaria. Publicación Mensual,291,"Laverde Amaya, Isidoro",Director,NA,Colombia,Movimiento periodístico de Colombia en 1892,25,mayo de 1892,1892-05-01,No,NA,Español,NA,Prosa No Ficción,NA,NA,NA,2,72-74
Revista Literaria. Publicación Mensual,292,"Le Blond, M.",Creador,NA,NA,Bogotá en 1786. Memoria leída en la Academia de Ciencias de París,25,mayo de 1892,1892-05-01,Sí,"Carrasquilla, Rafael María",Español,Francés,Prosa No Ficción,Monografía científica,NA,NA,7,74-81
Revista Literaria. Publicación Mensual,293,"Caro, Miguel Antonio",Creador,NA,Colombia,Los Yaravíes,25,mayo de 1892,1892-05-01,No,NA,Español,NA,Poesía,Poesía,NA,NA,01.3,81-82
Revista Literaria. Publicación Mensual,294,"Rivas Groot, José María",Creador,NA,Colombia,Constelaciones,25,mayo de 1892,1892-05-01,No,NA,Español,NA,Poesía,Poesía,NA,NA,02.3,83-85
Revista Literaria. Publicación Mensual,295,"Puga de Losada, Amalia",Creador,NA,Perú,A la luna,25,mayo de 1892,1892-05-01,No,NA,Español,NA,Poesía,Poesía,NA,NA,0.4,85
Revista Literaria. Publicación Mensual,296,"Caicedo Rojas, José",Creador,NA,Colombia,Especies extinguidas óisean tios de mi tiempo. Lo capuces,25,mayo de 1892,1892-05-01,No,NA,Español,NA,Prosa No Ficción,NA,NA,NA,04.6,85-90
Revista Literaria. Publicación Mensual,297,"Laverde Amaya, Isidoro",Director,NA,Colombia,D. Lázaro María Pérez. Necrología,25,mayo de 1892,1892-05-01,No,NA,Español,NA,Prosa No Ficción,Necrología,NA,NA,3,90-93
Revista Literaria. Publicación Mensual,298,"Laverde Amaya, Isidoro",Director,NA,Colombia,Notas editoriales,25,mayo de 1892,1892-05-01,No,NA,Español,NA,Prosa No Ficción,NA,NA,NA,0.8,93-94
Revista Literaria. Publicación Mensual,299,"Taboada, Luis",Creador,NA,España,Visita de cumplimiento,25,mayo de 1892,1892-05-01,No,NA,Español,NA,Prosa Ficción,Fotografía social,NA,NA,3,94-96
Revista Literaria. Publicación Mensual,300,Anónimo,Creador,NA,NA,La exposición de 1889,25,mayo de 1892,1892-05-01,No,NA,Español,NA,Prosa No Ficción,NA,NA,NA,0.5,NA
Revista Literaria. Publicación Mensual,301,Anónimo,Creador,NA,NA,Cantares,25,mayo de 1892,1892-05-01,No,NA,Español,NA,Poesía,NA,NA,NA,0.2,NA
Revista Literaria. Publicación Mensual,302,Anónimo,Creador,NA,NA,Elecciones presidenciales en los  Estados Unidos de Norteamérica desde 1879,26,junio de 1892,1892-06-01,No,NA,Español,NA,Prosa No Ficción,NA,NA,NA,2,NA
Revista Literaria. Publicación Mensual,303,"Abella Mendoza, Temístocles",Creador,NA,Colombia,Ardino (episodio de la historia de América),26,junio de 1892,1892-06-01,No,NA,Español,NA,Prosa No Ficción,Leyenda histórica,NA,NA,08.7,97-105
Revista Literaria. Publicación Mensual,304,"Uribe Ángel, Manuel",Creador,NA,Colombia,Cartas sobre Medellín,26,junio de 1892,1892-06-01,No,NA,Español,NA,Prosa No Ficción,Carta,"Laverde Amaya, Isidoro",NA,08.3,105-113
Revista Literaria. Publicación Mensual,305,"Hoffmann, Ernst Theodor Amadeus",Creador,"Hoffmann, E. T. A.",Alemania,El caballero de Ménars,26,junio de 1892,1892-06-01,Sí,"Argáez, Enrique de",Español,Alemán,Prosa Ficción,Cuento,NA,NA,14.2,114-128
Revista Literaria. Publicación Mensual,306,"Blanco y Sánchez, Rufino",Reseñista,NA,España,Revista literaria,26,junio de 1892,1892-06-01,No,NA,Español,NA,Reseña,Revista,NA,"La piedra angular, por Emilia Pardo Bazán",07.2,128-135
Revista Literaria. Publicación Mensual,307,"Isaacs, Jorge",Creador,NA,Colombia,La patria de Shakespeare,26,junio de 1892,1892-06-01,No,NA,Español,NA,Poesía,Poesía,NA,NA,0.5,135
Revista Literaria. Publicación Mensual,308,"Caro, José Eusebio",Creador,NA,Colombia,Una lágrima de felicidad,26,junio de 1892,1892-06-01,No,NA,Español,NA,Poesía,Poesía,NA,NA,03.4,136-342
Revista Literaria. Publicación Mensual,309,"Caro, José Eusebio",Creador,NA,Colombia,Une larme de félicité,26,junio de 1892,1892-06-01,Sí,"Dusson, Octave",Francés,Español,Poesía,Poesía,NA,NA,03.4,137-143
Revista Literaria. Publicación Mensual,310,"Rodríguez Zapata, Francisco",Creador,NA,España,A Dios,26,junio de 1892,1892-06-01,No,NA,Español,NA,Poesía,Soneto,NA,NA,0.6,142
Revista Literaria. Publicación Mensual,311,Anónimo,Creador,NA,NA,Anónimo,26,junio de 1892,1892-06-01,No,NA,Español,NA,Prosa Ficción,NA,NA,NA,0.3,143
Revista Literaria. Publicación Mensual,312,Anónimo,Creador,NA,NA,Anónimo,26,junio de 1892,1892-06-01,No,NA,Español,NA,Prosa Ficción,NA,NA,NA,0.3,143
Revista Literaria. Publicación Mensual,313,"Soriano y Barroeta-Aldamar, Rodrigo",Creador,NA,España,Crónicas contemporáneas (ediciones disfrazadas),26,junio de 1892,1892-06-01,No,NA,Español,NA,Prosa No Ficción,Anécdota,NA,NA,01.7,144-145
Revista Literaria. Publicación Mensual,314,"Laverde Amaya, Isidoro",Director,NA,Colombia,Noticias bibliográficas,26,junio de 1892,1892-06-01,No,NA,Español,NA,Prosa No Ficción,NA,NA,NA,02.6,145-148
Revista Literaria. Publicación Mensual,315,"Laverde Amaya, Isidoro",Director,NA,Colombia,Noticias literarias,26,junio de 1892,1892-06-01,No,NA,Español,NA,Prosa No Ficción,NA,NA,NA,03.3,148-151
Revista Literaria. Publicación Mensual,316,Anónimo,Creador,NA,NA,Lista de los presidentes de la República del Ecuador,26,junio de 1892,1892-06-01,No,NA,Español,NA,Prosa No Ficción,NA,NA,NA,0.8,152
Revista Literaria. Publicación Mensual,317,Anónimo,Creador,NA,NA,Cantar,26,junio de 1892,1892-06-01,No,NA,Español,NA,Poesía,NA,NA,NA,0.2,152
Revista Literaria. Publicación Mensual,318,Anónimo,Creador,NA,NA,La derecha y la izquierda en los parlamentos,27,julio de 1892,1892-07-01,No,NA,Español,NA,Prosa No Ficción,NA,NA,NA,0.5,NA
Revista Literaria. Publicación Mensual,319,Anónimo,Creador,NA,NA,Católicos negros en los Estados Unidos,27,julio de 1892,1892-07-01,No,NA,Español,NA,Prosa No Ficción,NA,NA,NA,0.5,NA
Revista Literaria. Publicación Mensual,320,"Marroquín, José Manuel",Creador,NA,Colombia,La gran semana,27,julio de 1892,1892-07-01,No,NA,Español,NA,Prosa No Ficción,NA,NA,NA,14.3,153-167
Revista Literaria. Publicación Mensual,321,"Molina Paniagua, Modesto",Creador,NA,Perú,Los primeros dientes,27,julio de 1892,1892-07-01,No,NA,Español,NA,Prosa Ficción,NA,NA,NA,8,167-174
Revista Literaria. Publicación Mensual,322,"Soriano y Barroeta-Aldamar, Rodrigo",Reseñista,NA,España,El Almanaque de Gotha,27,julio de 1892,1892-07-01,No,NA,Español,NA,Reseña,NA,NA,Almanaque de Gotha,4,174-178
Revista Literaria. Publicación Mensual,323,"Arciniegas, Ismael Enrique",Creador,NA,Colombia,De regreso,27,julio de 1892,1892-07-01,No,NA,Español,NA,Poesía,Soneto,"Casal, Julio del",NA,0.5,178-179
Revista Literaria. Publicación Mensual,324,"Arciniegas, Ismael Enrique",Creador,NA,Colombia,Extática,27,julio de 1892,1892-07-01,No,NA,Español,NA,Poesía,Soneto,Rubén Darío,NA,0.5,179
Revista Literaria. Publicación Mensual,325,"Arciniegas, Ismael Enrique",Creador,NA,Colombia,El café,27,julio de 1892,1892-07-01,No,NA,Español,NA,Poesía,Soneto,NA,NA,0.5,179-180
Revista Literaria. Publicación Mensual,326,"Estrada Paniagua, Felipe",Creador,NA,Guatemala,Felicidad,27,julio de 1892,1892-07-01,No,NA,Español,NA,Poesía,NA,NA,NA,0.5,180
Revista Literaria. Publicación Mensual,327,"Monasterios Velásquez, Jesús María",Creador,NA,Venezuela,A un arroyo,27,julio de 1892,1892-07-01,No,NA,Español,NA,Poesía,NA,NA,NA,2,181-182
Revista Literaria. Publicación Mensual,328,"Siles, José de",Creador,NA,España,El carro y la locomotora,27,julio de 1892,1892-07-01,No,NA,Español,NA,Teatro,NA,NA,NA,04.3,183-187
Revista Literaria. Publicación Mensual,329,"Alarcón, Pedro Antonio de",Creador,NA,España,El carbonero alcalde,27,julio de 1892,1892-07-01,No,NA,Español,NA,Prosa Ficción,Cuento,NA,NA,12.7,187-199
Revista Literaria. Publicación Mensual,330,"Uribe Ángel, Manuel",Creador,NA,Colombia,Cartas sobre Medellín,27,julio de 1892,1892-07-01,No,NA,Español,NA,Prosa No Ficción,Carta,"Laverde Amaya, Isidoro",NA,08.4,200-208
Revista Literaria. Publicación Mensual,331,Anónimo,Creador,NA,NA,Costumbres de algunos viajeros ingleses,27,julio de 1892,1892-07-01,No,NA,Español,NA,Prosa No Ficción,NA,NA,NA,0.6,208
Revista Literaria. Publicación Mensual,332,Anónimo,Creador,NA,NA,Insignias papales,27,julio de 1892,1892-07-01,No,NA,Español,NA,Prosa No Ficción,NA,NA,NA,0.6,209
Revista Literaria. Publicación Mensual,333,Anónimo,Creador,NA,NA,Pensamientos,27,julio de 1892,1892-07-01,No,NA,Español,NA,Prosa No Ficción,NA,NA,NA,0.4,209
Revista Literaria. Publicación Mensual,334,Anónimo,Creador,NA,NA,El color del diamante,28,agosto de 1892,1892-08-01,No,NA,Español,NA,Prosa No Ficción,NA,NA,NA,1,NA
Revista Literaria. Publicación Mensual,335,"Gutiérrez de Alba, José María",Creador,NA,España,Impresiones de viaje por Colombia. Excursión al Valle de San Agustín en el departamento del Tolima,28,agosto de 1892,1892-08-01,No,NA,Español,NA,Prosa No Ficción,NA,NA,NA,15,209-223
Revista Literaria. Publicación Mensual,336,"Chen, Jitong",Creador,NA,China,Lo que cuesta una mentira. Cuento chino por el general Tcheng-Ki-Tong,28,agosto de 1892,1892-08-01,Sí,"Restrepo H., María Josefa",Español,Francés,Prosa Ficción,Cuento,NA,NA,7,224-230
Revista Literaria. Publicación Mensual,337,"Uribe Ángel, Manuel",Creador,NA,Colombia,Instrucción pública en Antioquia,28,agosto de 1892,1892-08-01,No,NA,Español,NA,Prosa No Ficción,Carta,"Laverde Amaya, Isidoro",NA,08.4,231-239
Revista Literaria. Publicación Mensual,338,"Millican, Albert",Creador,NA,Inglaterra,Bogotá y los bogotanos,28,agosto de 1892,1892-08-01,Sí,"Martín, Guillermo E.",Español,Inglés,Prosa No Ficción,NA,NA,NA,9,239-247
Revista Literaria. Publicación Mensual,339,"Caro, Miguel Antonio",Creador,NA,Colombia,¡Patria!,28,agosto de 1892,1892-08-01,No,NA,Español,NA,Poesía,Soneto,NA,NA,0.5,247
Revista Literaria. Publicación Mensual,340,"Caro, José Eusebio",Creador,NA,Colombia,Sociedad y soledad,28,agosto de 1892,1892-08-01,No,NA,Español,NA,Poesía,NA,NA,NA,01.5,"248,25"
Revista Literaria. Publicación Mensual,341,Anónimo,Creador,NA,NA,Anónimo,28,agosto de 1892,1892-08-01,No,NA,Español,NA,Prosa Ficción,NA,NA,NA,0.5,250
Revista Literaria. Publicación Mensual,342,"Caro, José Eusebio",Creador,NA,Colombia,Société et Solitude,28,agosto de 1892,1892-08-01,Sí,"Dusson, Octave",Francés,Español,Poesía,NA,NA,NA,01.5,"249,251"
Revista Literaria. Publicación Mensual,343,"Marquina, Pedro",Creador,NA,España,La fe,28,agosto de 1892,1892-08-01,No,NA,Español,NA,Poesía,NA,NA,NA,0.3,251
Revista Literaria. Publicación Mensual,344,"Laverde Amaya, Isidoro",Director,NA,Colombia,"Edda, poetisa granadina",28,agosto de 1892,1892-08-01,No,NA,Español,NA,Reseña,NA,NA,Mi amor,01.5,252-253
Revista Literaria. Publicación Mensual,345,"Pombo, Rafael",Creador,Edda,Colombia,Mi amor,28,agosto de 1892,1892-08-01,No,NA,Español,NA,Poesía,NA,NA,NA,03.2,253-256
Revista Literaria. Publicación Mensual,346,"Laverde Amaya, Isidoro",Director,NA,Colombia,Noticias literarias,28,agosto de 1892,1892-08-01,No,NA,Español,NA,Prosa No Ficción,NA,NA,NA,05.7,257-262
Revista Literaria. Publicación Mensual,347,"Ossorio y Bernard, Manuel",Creador,NA,España,Dos escritoras peruanas,28,agosto de 1892,1892-08-01,No,NA,Español,NA,Prosa No Ficción,NA,NA,NA,02.4,262-264
Revista Literaria. Publicación Mensual,348,Anónimo,Creador,NA,NA,Anónimo,28,agosto de 1892,1892-08-01,No,NA,Español,NA,Prosa No Ficción,NA,NA,NA,0.2,NA
Revista Literaria. Publicación Mensual,349,"Escobar Pino, Roberto",Creador,NA,Colombia,Ligeros bocetos de poetas caleños. Jorge Isaacs,28,agosto de 1892,1892-08-01,No,NA,Español,NA,Poesía,NA,NA,NA,0.2,NA
Revista Literaria. Publicación Mensual,350,Anónimo,Creador,NA,NA,Anónimo,28,agosto de 1892,1892-08-01,No,NA,Español,NA,Prosa No Ficción,NA,NA,NA,0.2,NA
Revista Literaria. Publicación Mensual,351,Anónimo,Creador,NA,NA,Anónimo,28,agosto de 1892,1892-08-01,No,NA,Español,NA,Prosa No Ficción,NA,NA,NA,0.2,NA
Revista Literaria. Publicación Mensual,352,Anónimo,Creador,NA,NA,"La palabra ""cardenal""",29,septiembre de 1892,1892-09-01,No,NA,Español,NA,Prosa No Ficción,NA,NA,NA,0.5,NA
Revista Literaria. Publicación Mensual,353,Anónimo,Creador,NA,NA,El primer billete,29,septiembre de 1892,1892-09-01,No,NA,Español,NA,Prosa No Ficción,NA,NA,NA,2,NA
Revista Literaria. Publicación Mensual,354,"Restrepo, Vicente",Creador,NA,Colombia,"La tierra del ""Mambí"". Negros, negras, ""ñáñigos"".",29,septiembre de 1892,1892-09-01,No,NA,Español,NA,Prosa No Ficción,Viajes,NA,NA,07.2,265-272
Revista Literaria. Publicación Mensual,355,"Pizarro, Alejandro",Creador,NA,Colombia,El crimen de Machuca (causa célebre),29,septiembre de 1892,1892-09-01,No,NA,Español,NA,Prosa No Ficción,NA,NA,NA,9,272-281
Revista Literaria. Publicación Mensual,356,"Hidalgo Lara, Tomás",Creador,NA,Colombia,Tribus indígenas del sur del Cauca,29,septiembre de 1892,1892-09-01,No,NA,Español,NA,Prosa No Ficción,NA,NA,NA,15,281-296
Revista Literaria. Publicación Mensual,357,"Nanfa, Crisógono de",Creador,NA,NA,El centenario del descubrimiento de América,29,septiembre de 1892,1892-09-01,No,NA,Español,NA,Prosa No Ficción,NA,NA,NA,4,296-300
Revista Literaria. Publicación Mensual,358,Anónimo,Creador,NA,NA,Una aventura de Beethoven,29,septiembre de 1892,1892-09-01,No,NA,Español,NA,Prosa No Ficción,NA,NA,NA,01.2,300-3001
Revista Literaria. Publicación Mensual,359,"Caro, José Eusebio",Creador,NA,Colombia,El baustismo,29,septiembre de 1892,1892-09-01,No,NA,Español,NA,Poesía,NA,NA,NA,4,"302, 304, 306, 308"
Revista Literaria. Publicación Mensual,360,"Caro, José Eusebio",Creador,NA,Colombia,Le bapteme,29,septiembre de 1892,1892-09-01,Sí,"Dusson, Octave",Francés,Español,Poesía,NA,NA,NA,4,"303, 305, 307, 309"
Revista Literaria. Publicación Mensual,361,"Pombo, Rafael",Creador,NA,Colombia,Comunión,29,septiembre de 1892,1892-09-01,No,NA,Español,NA,Poesía,NA,NA,NA,3,310-312
Revista Literaria. Publicación Mensual,362,"Borda, José Joaquín",Creador,NA,Colombia,Necrología de don Daniel Mantilla,29,septiembre de 1892,1892-09-01,No,NA,Español,NA,Prosa No Ficción,Necrología,NA,NA,1,313
Revista Literaria. Publicación Mensual,363,"Bouet, Carlos",Creador,NA,NA,El viático,29,septiembre de 1892,1892-09-01,Sí,"Borda, Ignacio",Español,Francés,Prosa Ficción,NA,NA,NA,09.5,314-323
Revista Literaria. Publicación Mensual,364,"Laverde Amaya, Isidoro",Director,NA,Colombia,Noticias literarias,29,septiembre de 1892,1892-09-01,No,NA,Español,NA,Prosa No Ficción,NA,NA,NA,02.2,323-326
Revista Literaria. Publicación Mensual,365,"Palacio, Manuel del",Creador,NA,España,Chispas,29,septiembre de 1892,1892-09-01,No,NA,Español,NA,Poesía,NA,NA,NA,0.3,326
Revista Literaria. Publicación Mensual,366,"Borda, José Joaquín",Creador,NA,Colombia,A un jazmín,29,septiembre de 1892,1892-09-01,No,NA,Español,NA,Poesía,NA,NA,NA,0.3,326
Revista Literaria. Publicación Mensual,367,"Picón Febrés, Gonzalo",Creador,NA,Venezuela,A María Luisa de Díaz Guerra,29,septiembre de 1892,1892-09-01,No,NA,Español,NA,Poesía,NA,NA,NA,0.3,327
Revista Literaria. Publicación Mensual,368,Anónimo,Creador,NA,NA,Cantos del pueblo,29,septiembre de 1892,1892-09-01,No,NA,Español,NA,Poesía,NA,NA,NA,0.3,327
Revista Literaria. Publicación Mensual,369,Anónimo,Creador,NA,NA,Anécdotas,29,septiembre de 1892,1892-09-01,No,NA,Español,NA,Prosa No Ficción,Anécdota,NA,NA,01.3,327-328
Revista Literaria. Publicación Mensual,370,"Martínez Villergas, Juan",Creador,NA,España,NA,29,septiembre de 1892,1892-09-01,No,NA,Español,NA,Poesía,NA,NA,NA,0.3,NA
Revista Literaria. Publicación Mensual,371,"Taboada, Luis",Creador,NA,España,Lo importante,30,octubre 12 de 1892,1892-10-12,No,NA,Español,NA,Prosa No Ficción,NA,NA,NA,2,NA
Revista Literaria. Publicación Mensual,372,"Cólogan y Cólogan, Bernardo Jacinto de",Creador,NA,España,"Colón, España y América",30,octubre 12 de 1892,1892-10-12,No,NA,Español,NA,Prosa No Ficción,NA,NA,NA,04.3,329-333
Revista Literaria. Publicación Mensual,373,"Caro, Miguel Antonio",Creador,NA,Colombia,Segundo viaje,30,octubre 12 de 1892,1892-10-12,No,NA,Español,NA,Poesía,NA,NA,NA,0.6,333
Revista Literaria. Publicación Mensual,374,"Antommarchi de Rojas, Dorila",Creador,NA,Colombia,A Colón,30,octubre 12 de 1892,1892-10-12,No,NA,Español,NA,Poesía,NA,NA,NA,01.5,334-335
Revista Literaria. Publicación Mensual,375,"Febres Cordero, Tulio",Creador,NA,Venezuela,Descubrimiento de América,30,octubre 12 de 1892,1892-10-12,No,NA,Español,NA,Prosa No Ficción,NA,NA,NA,02.7,335-338
Revista Literaria. Publicación Mensual,376,"Antommarchi de Rojas, Dorila",Creador,NA,Colombia,A España,30,octubre 12 de 1892,1892-10-12,No,NA,Español,NA,Poesía,Soneto,NA,NA,0.5,338-339
Revista Literaria. Publicación Mensual,377,Anónimo,Creador,NA,NA,Cronología de los viajes de Colón,30,octubre 12 de 1892,1892-10-12,No,NA,Español,NA,Prosa No Ficción,NA,NA,NA,1,339-340
Revista Literaria. Publicación Mensual,378,Anónimo,Creador,NA,NA,Relación de los individuos que acompañaron a Colón en el primer viaje,30,octubre 12 de 1892,1892-10-12,No,NA,Español,NA,Prosa No Ficción,NA,NA,NA,02.7,340-343
Revista Literaria. Publicación Mensual,379,Anónimo,Creador,NA,NA,Firma de Colón,30,octubre 12 de 1892,1892-10-12,No,NA,Español,NA,Prosa Ficción,NA,NA,NA,0.6,343
Revista Literaria. Publicación Mensual,380,"Febres Cordero, Tulio",Creador,NA,Venezuela,Origen de los nombres de las Naciones,30,octubre 12 de 1892,1892-10-12,No,NA,Español,NA,Prosa No Ficción,NA,NA,NA,02.5,344-346
Revista Literaria. Publicación Mensual,381,"Palacios, Eustaquio",Creador,NA,Colombia,Cali en 1789,30,octubre 12 de 1892,1892-10-12,No,NA,Español,NA,Prosa No Ficción,NA,NA,NA,08.3,346-354
Revista Literaria. Publicación Mensual,382,"Laverde Amaya, Isidoro",Director,NA,Colombia,Notas editoriales,30,octubre 12 de 1892,1892-10-12,No,NA,Español,NA,Prosa No Ficción,NA,NA,NA,2,354-356
Revista Literaria. Publicación Mensual,383,Reyes Católicos,Creador,NA,España,Capitulaciones entre los Reyes Católicos y Cristobal Colón,30,octubre 12 de 1892,1892-10-12,No,NA,Español,NA,Prosa No Ficción,NA,NA,NA,01.7,356-358
Revista Literaria. Publicación Mensual,384,Anónimo,Creador,NA,NA,Las flores,30,octubre 12 de 1892,1892-10-12,No,NA,Español,NA,Prosa No Ficción,NA,NA,NA,0.6,358-359
Revista Literaria. Publicación Mensual,385,"Escobar Pino, Roberto",Creador,NA,Colombia,Ligeros bocetos de poetas caleños,30,octubre 12 de 1892,1892-10-12,No,NA,Español,NA,Poesía,NA,NA,NA,0.6,359
Revista Literaria. Publicación Mensual,386,Anónimo,Creador,NA,NA,Variedades,30,octubre 12 de 1892,1892-10-12,No,NA,Español,NA,Prosa No Ficción,NA,NA,NA,1,360
Revista Literaria. Publicación Mensual,387,"Deslys, Charles",Creador,NA,Francia,El tío Antonio,31/32,noviembre de 1892,1892-11-01,Sí,"Suárez Murillo, Carlos",Español,Francés,Prosa Ficción,Novela,NA,NA,34,361-395
Revista Literaria. Publicación Mensual,388,"Restrepo, Vicente",Creador,NA,Colombia,Crítica de los trabajos arqueológicos del Doctor José Domingo Duquesne,31/32,noviembre de 1892,1892-11-01,No,NA,Español,NA,Prosa No Ficción,NA,NA,NA,42.6,396-438
Revista Literaria. Publicación Mensual,389,Anónimo,Creador,NA,NA,[Piedra de Anacutá],31/32,noviembre de 1892,1892-11-01,No,NA,Español,NA,Imagen,NA,NA,NA,0.7,404
Revista Literaria. Publicación Mensual,390,Anónimo,Creador,NA,NA,[Representaciones de números atribuidas a los Chibchas],31/32,noviembre de 1892,1892-11-01,No,NA,Español,NA,Imagen,NA,NA,NA,01.3,405-406
Revista Literaria. Publicación Mensual,391,Anónimo,Creador,NA,NA,[Representación de dije indígena],31/32,noviembre de 1892,1892-11-01,No,NA,Español,NA,Imagen,NA,NA,NA,0.1,424
Revista Literaria. Publicación Mensual,392,Anónimo,Creador,NA,NA,[Calendario muisca,31/32,noviembre de 1892,1892-11-01,No,NA,Español,NA,Imagen,NA,NA,NA,0.3,425
Revista Literaria. Publicación Mensual,393,"Charton, Ernest",Creador,NA,Francia,"Quito, capital de la República del Ecuador",31/32,noviembre de 1892,1892-11-01,Sí,"Laverde Amaya, Isidoro",Español,Francés,Prosa No Ficción,Viajes,NA,NA,20.3,439-459
Revista Literaria. Publicación Mensual,394,"Torres, Carlos Arturo",Creador,NA,Colombia,La ilusión suprema,31/32,noviembre de 1892,1892-11-01,No,NA,Español,NA,Poesía,Poesía,NA,NA,2,459-461
Revista Literaria. Publicación Mensual,395,"Saravia, Hermógenes",Creador,NA,Colombia,Canción,31/32,noviembre de 1892,1892-11-01,No,NA,Español,NA,Poesía,Poesía,NA,NA,1,461-462
Revista Literaria. Publicación Mensual,396,"Silva, José Asunción",Creador,NA,Colombia,Los maderos de San Juan,31/32,noviembre de 1892,1892-11-01,No,NA,Español,NA,Poesía,Poesía,NA,NA,01.5,462-463
Revista Literaria. Publicación Mensual,397,"Laverde Amaya, Isidoro",Director,NA,Colombia,Noticias literarias,31/32,noviembre de 1892,1892-11-01,No,NA,Español,NA,Prosa No Ficción,NA,NA,NA,2,NA
Revista Literaria. Publicación Mensual,398,"Peláez, Fidel",Creador,NA,Colombia,Hércules calentano,31/32,noviembre de 1892,1892-11-01,No,NA,Español,NA,Prosa No Ficción,NA,NA,NA,0.7,NA
Revista Literaria. Publicación Mensual,399,"Restrepo, Vicente",Creador,NA,Colombia,Epitafio del gran Sugamuxi,33,diciembre de 1892,1892-12-01,No,NA,Español,NA,Prosa No Ficción,Estudio histórico,NA,NA,04.5,465-468
Revista Literaria. Publicación Mensual,400,"Ortiz, Rafael",Creador,NA,Colombia,Salvadora,33,diciembre de 1892,1892-12-01,No,NA,Español,NA,Prosa Ficción,Cuento,NA,NA,12.6,469-482
Revista Literaria. Publicación Mensual,401,"Vaca, Vicente",Creador,NA,NA,Recuerdos de un voluntario en la campaña de 1885 (fragmentos),33,diciembre de 1892,1892-12-01,No,NA,Español,NA,Prosa No Ficción,NA,NA,NA,7,482-489
Revista Literaria. Publicación Mensual,402,"Rivas, Medardo",Creador,NA,Colombia,Prólogo de la obra Histórica del padre Simón,33,diciembre de 1892,1892-12-01,No,NA,Español,NA,Prosa No Ficción,Prólogo,NA,NA,7,489-496
Revista Literaria. Publicación Mensual,403,"Samper de Ancízar, Agripina",Creador,Pía Rigan,Colombia,Oh Luna!,33,diciembre de 1892,1892-12-01,No,NA,Español,NA,Poesía,Poesía,NA,NA,2,496-498
Revista Literaria. Publicación Mensual,404,"Suárez, Roberto",Creador,NA,Colombia,A Julio Suárez Lacroix,33,diciembre de 1892,1892-12-01,No,NA,Español,NA,Poesía,Poesía,NA,NA,01.7,497-500
Revista Literaria. Publicación Mensual,405,"Balart, Federico",Creador,NA,España,Soledad,33,diciembre de 1892,1892-12-01,No,NA,Español,NA,Poesía,Poesía,NA,NA,0.7,500-501
Revista Literaria. Publicación Mensual,406,"Laverde Amaya, Isidoro",Director,NA,Colombia,Noticias literarias,33,diciembre de 1892,1892-12-01,No,NA,Español,NA,Prosa No Ficción,NA,NA,NA,2,501-503
Revista Literaria. Publicación Mensual,407,Anónimo,Creador,NA,NA,Instrucción pública. Escuelas Nacionales de Telegrafía,33,diciembre de 1892,1892-12-01,No,NA,Español,NA,Prosa No Ficción,NA,NA,NA,01.5,503-504
Revista Literaria. Publicación Mensual,408,"Palacio, Manuel del",Creador,NA,España,Inocentadas,33,diciembre de 1892,1892-12-01,No,NA,Español,NA,Poesía,Poesía,NA,NA,0.6,NA
Revista Literaria. Publicación Mensual,409,"Escobar Pino, Roberto",Creador,NA,Colombia,Bocetos de poetas caleños,33,diciembre de 1892,1892-12-01,No,NA,Español,NA,Poesía,Poesía,NA,NA,0.6,NA
Revista Literaria. Publicación Mensual,410,Anónimo,Creador,NA,NA,Diez reglas de higiene,33,diciembre de 1892,1892-12-01,No,NA,Español,NA,Prosa No Ficción,NA,NA,NA,0.6,NA
Revista Literaria. Publicación Mensual,411,Anónimo,Creador,NA,NA,"Alarcón, poeta",34,febrero de 1893,1893-02-01,No,NA,Español,NA,Prosa No Ficción,NA,NA,NA,1,NA
Revista Literaria. Publicación Mensual,412,"Alarcón, Pedro Antonio de",Creador,NA,España,Al recibir mi retrato,34,febrero de 1893,1893-02-01,No,NA,Español,NA,Poesía,Quintilla,NA,NA,0.5,NA
Revista Literaria. Publicación Mensual,413,"Deslys, Charles",Creador,NA,Francia,La mentira de un amigo,34,febrero de 1893,1893-02-01,Sí,"Restrepo H., María Josefa",Español,Francés,Prosa Ficción,Novela,NA,NA,32,505-537
Revista Literaria. Publicación Mensual,414,"Moussy, Martín de",Creador,NA,NA,"Amor conyugal, ó aventuras y desdchas de la señora Agustina Libarona, en el Gran Chaco, referenciadas por ella misma",34,febrero de 1893,1893-02-01,Sí,"Laverde Amaya, Isidoro",Español,Francés,Prosa No Ficción,NA,NA,NA,22,538-561
Revista Literaria. Publicación Mensual,415,"Laverde Amaya, Isidoro",Director,NA,Colombia,Ismael E. Arciniégas,34,febrero de 1893,1893-02-01,No,NA,Español,NA,Prosa No Ficción,NA,NA,NA,04.7,561-566
Revista Literaria. Publicación Mensual,416,"Guardia, Ernesto de la",Creador,NA,México,Melancolía,34,febrero de 1893,1893-02-01,No,NA,Español,NA,Poesía,Poesía,NA,NA,1,565-566
Revista Literaria. Publicación Mensual,417,"Laverde Amaya, Isidoro",Director,NA,Colombia,Ecos y noticias,34,febrero de 1893,1893-02-01,No,NA,Español,NA,Prosa No Ficción,NA,NA,NA,01.8,567-568
Revista Literaria. Publicación Mensual,418,Anónimo,Creador,NA,NA,Cantar,34,febrero de 1893,1893-02-01,No,NA,Español,NA,Poesía,NA,NA,NA,0.2,NA
Revista Literaria. Publicación Mensual,419,"Franco, Enrique",Creador,NA,NA,Epigramas,34,febrero de 1893,1893-02-01,No,NA,Español,NA,Poesía,NA,NA,NA,0.3,NA
Revista Literaria. Publicación Mensual,420,Anónimo,Creador,NA,NA,De sobremesa,34,febrero de 1893,1893-02-01,No,NA,Español,NA,Prosa No Ficción,NA,NA,NA,0.2,NA
Revista Literaria. Publicación Mensual,421,"Laverde Amaya, Isidoro",Director,NA,Colombia,Noticias literarias,34,febrero de 1893,1893-02-01,No,NA,Español,NA,Prosa No Ficción,NA,NA,NA,0.5,NA
Revista Literaria. Publicación Mensual,422,"Laverde Amaya, Isidoro",Director,NA,Colombia,Noticias literarias,35,marzo de 1893,1893-03-01,No,NA,Español,NA,Prosa No Ficción,NA,NA,NA,0.5,NA
Revista Literaria. Publicación Mensual,423,"Laverde Amaya, Isidoro",Director,NA,Colombia,El genio y la locura,35,marzo de 1893,1893-03-01,No,NA,Español,NA,Prosa No Ficción,NA,NA,NA,01.5,NA
Revista Literaria. Publicación Mensual,424,"Collas, Louis-Charles",Creador,NA,Francia,La hermana mayor,35,marzo de 1893,1893-03-01,Sí,"Cortés, Dorila",Español,Francés,Prosa Ficción,Novela,NA,NA,14.5,569-583
Revista Literaria. Publicación Mensual,425,"Tolstói, Lev Nikoláievich",Creador,NA,Rusia,Dios está don de hay amor,35,marzo de 1893,1893-03-01,No,NA,Español,NA,Prosa Ficción,NA,NA,NA,12,583-595
Revista Literaria. Publicación Mensual,426,"Hidalgo Lara, Tomás",Creador,NA,Colombia,Actas patrióticas celebradas en Pasto en los años de 1811 y 1812,35,marzo de 1893,1893-03-01,No,NA,Español,NA,Prosa No Ficción,Ensayo histórico,NA,NA,10.5,595-605
Revista Literaria. Publicación Mensual,427,Anónimo,Creador,NA,NA,El tacto,35,marzo de 1893,1893-03-01,Sí,"Guzmán, César Coronado",Español,Inglés,Prosa No Ficción,NA,NA,NA,03.2,606-609
Revista Literaria. Publicación Mensual,428,"Laverde Amaya, Isidoro",Director,NA,Colombia,Movimiento periodístico de Colombia en 1893,35,marzo de 1893,1893-03-01,No,NA,Español,NA,Prosa No Ficción,NA,NA,NA,03.8,609-612
Revista Literaria. Publicación Mensual,429,"Porcar i Tió, Manuel",Creador,NA,España,Intereses americanos,35,marzo de 1893,1893-03-01,No,NA,Español,NA,Prosa No Ficción,NA,NA,NA,02.5,613-615
Revista Literaria. Publicación Mensual,430,"Carranza, Adolfo Pedro",Creador,NA,Argentina,Remedios Escalada de San Martín,35,marzo de 1893,1893-03-01,No,NA,Español,NA,Prosa No Ficción,Biografía,NA,NA,02.5,615-617
Revista Literaria. Publicación Mensual,431,"Laverde Amaya, Isidoro",Director,NA,Colombia,Ecos y noticias,35,marzo de 1893,1893-03-01,No,NA,Español,NA,Prosa No Ficción,NA,NA,NA,7,619-624
Revista Literaria. Publicación Mensual,432,Anónimo,Creador,NA,NA,Ecos del teatro de Bogotá. Compañía dramática de don Luis Amato,36,abril de 1893,1893-04-01,No,NA,Español,NA,Prosa No Ficción,NA,NA,NA,3,NA
Revista Literaria. Publicación Mensual,433,"Samper, José María",Creador,NA,Colombia,Loros célebres,36,abril de 1893,1893-04-01,No,NA,Español,NA,Prosa No Ficción,NA,NA,NA,04.3,625-629
Revista Literaria. Publicación Mensual,434,"Laverde Amaya, Isidoro",Director,NA,Colombia,Los barrios de Bogotá,36,abril de 1893,1893-04-01,No,NA,Español,NA,Prosa No Ficción,NA,NA,NA,04.3,629-633
Revista Literaria. Publicación Mensual,435,"Díaz Guerra, Alirio",Creador,NA,Colombia,Ricaurte,36,abril de 1893,1893-04-01,No,NA,Español,NA,Teatro,Monólogo dramático,NA,NA,5,633-638
Revista Literaria. Publicación Mensual,436,"Jugo Ramírez, Diego",Creador,NA,Venezuela,A Leonor de González Torres,36,abril de 1893,1893-04-01,No,NA,Español,NA,Poesía,Poesía,NA,NA,0.5,638-639
Revista Literaria. Publicación Mensual,437,Anónimo,Creador,NA,NA,Cuadro de los presidentes de Colombia,36,abril de 1893,1893-04-01,No,NA,Español,NA,Prosa No Ficción,NA,NA,NA,02.7,639-642
Revista Literaria. Publicación Mensual,438,"Laverde Amaya, Isidoro",Director,NA,Colombia,Bibliografía femenina,36,abril de 1893,1893-04-01,No,NA,Español,NA,Prosa No Ficción,Bibliografía,NA,NA,09.8,642-651
Revista Literaria. Publicación Mensual,439,"Rodríguez G., Sixto",Creador,NA,NA,Apoteósis,36,abril de 1893,1893-04-01,No,NA,Español,NA,Prosa No Ficción,NA,NA,NA,0.7,651-652
Revista Literaria. Publicación Mensual,440,"Díaz, Leopoldo",Creador,NA,Argentina,La canción del oro,36,abril de 1893,1893-04-01,No,NA,Español,NA,Poesía,Poesía,Rubén Darío,NA,2,652-654
Revista Literaria. Publicación Mensual,441,Anónimo,Creador,NA,NA,Una anécdota de García Gutiérrez,36,abril de 1893,1893-04-01,No,NA,Español,NA,Prosa No Ficción,NA,NA,NA,1,654-655
Revista Literaria. Publicación Mensual,442,"García Mérou, Martín",Creador,NA,Argentina,Páginas sueltas. Recuerdos literarios,36,abril de 1893,1893-04-01,No,NA,Español,NA,Prosa No Ficción,NA,NA,NA,3,655-658
Revista Literaria. Publicación Mensual,443,Anónimo,Creador,NA,NA,Páginas sueltas,36,abril de 1893,1893-04-01,Sí,Anónimo,Español,Francés,Prosa No Ficción,NA,NA,NA,01.3,658-660
Revista Literaria. Publicación Mensual,444,Anónimo,Creador,NA,NA,Páginas sueltas,36,abril de 1893,1893-04-01,No,NA,Español,NA,Prosa No Ficción,NA,NA,NA,1,660
Revista Literaria. Publicación Mensual,445,"Ibáñez, Pedro María",Creador,NA,Colombia,Cantares del pueblo,36,abril de 1893,1893-04-01,No,NA,Español,NA,Poesía,Poesía,NA,NA,1,661
Revista Literaria. Publicación Mensual,446,"Tolstói, Lev Nikoláievich",Creador,NA,Rusia,Los dos ancianos,37,mayo de 1893,1893-05-01,Sí,Anónimo,Español,Ruso,Prosa Ficción,Cuento,NA,NA,25.4,1-26
Revista Literaria. Publicación Mensual,447,"Mallarino, Julio D.",Creador,NA,Colombia,Una visita a M. de Boussingault,37,mayo de 1893,1893-05-01,No,NA,Español,NA,Prosa No Ficción,NA,NA,NA,04.6,26-30
Revista Literaria. Publicación Mensual,448,"Longfellow, Henry Wadsworth",Creador,Longfellow,Estados Unidos,Dos ángeles,37,mayo de 1893,1893-05-01,Sí,"Gómez, Ruperto S.",Español,Inglés,Poesía,NA,NA,NA,01.4,31-32
Revista Literaria. Publicación Mensual,449,"Clavijo Durán, Antonio",Creador,NA,Colombia,Notas sobre los aborígenes del Departamento de Santander,37,mayo de 1893,1893-05-01,No,NA,Español,NA,Prosa No Ficción,NA,NA,NA,14,32-46
Revista Literaria. Publicación Mensual,450,"Andrade Marín, Francisco",Creador,NA,Ecuador,Estado actual del periodismo en el Ecuador,37,mayo de 1893,1893-05-01,No,NA,Español,NA,Prosa No Ficción,NA,NA,NA,2,46-48
Revista Literaria. Publicación Mensual,451,Anónimo,Creador,NA,NA,El sueño,37,mayo de 1893,1893-05-01,No,NA,Español,NA,Prosa No Ficción,NA,NA,NA,0.7,48-49
Revista Literaria. Publicación Mensual,452,Anónimo,Creador,NA,NA,El colegio de cardenales,37,mayo de 1893,1893-05-01,No,NA,Español,NA,Prosa No Ficción,NA,NA,NA,0.5,49
Revista Literaria. Publicación Mensual,453,Anónimo,Creador,NA,NA,La prensa en el Japón,37,mayo de 1893,1893-05-01,No,NA,Español,NA,Prosa No Ficción,NA,NA,NA,0.6,49-50
Revista Literaria. Publicación Mensual,454,Anónimo,Creador,NA,NA,"Periodismo ""fin de siecle""",37,mayo de 1893,1893-05-01,No,NA,Español,NA,Prosa Ficción,NA,NA,NA,3,50-53
Revista Literaria. Publicación Mensual,455,"Pérez de Guzmán y Gallo, Juan",Creador,NA,España,Biografías cortas de escritores españoles,37,mayo de 1893,1893-05-01,No,NA,Español,NA,Prosa No Ficción,Biografía,NA,NA,01.3,53-54
Revista Literaria. Publicación Mensual,456,"Laverde Amaya, Isidoro",Director,NA,Colombia,Ecos y noticias,37,mayo de 1893,1893-05-01,No,NA,Español,NA,Prosa No Ficción,NA,NA,NA,02.3,54-56
Revista Literaria. Publicación Mensual,457,"Abella Mendoza, Temístocles",Creador,NA,Colombia,Galería dantesca. Recuerdos de Roma,38,junio de 1893,1893-06-01,No,NA,Español,NA,Prosa No Ficción,NA,NA,NA,6,57-62
Revista Literaria. Publicación Mensual,458,"Fernández Avendaño, Enrique Wenceslao",Reseñista,NA,Colombia,Bibliografía poética,38,junio de 1893,1893-06-01,No,NA,Español,NA,Reseña,NA,NA,"Ecos perdidos. Versos por Antonio Gómez Restrepo. París, Durand, 1893.",6,63-68
Revista Literaria. Publicación Mensual,459,"Longfellow, Henry Wadsworth",Creador,Longfellow,Estados Unidos,El reloj,38,junio de 1893,1893-06-01,Sí,"Manrique, Venancio G.",Español,Inglés,Poesía,NA,NA,NA,02.5,69-71
Revista Literaria. Publicación Mensual,460,Anónimo,Creador,NA,NA,Una escritora colombiana. Doña Josefa Gordon de Jove,38,junio de 1893,1893-06-01,No,NA,Español,NA,Prosa No Ficción,NA,"Laverde Amaya, Isidoro",NA,02.3,71-73
Revista Literaria. Publicación Mensual,461,"Heine, Heinrich",Creador,NA,Alemania,Un sueño,38,junio de 1893,1893-06-01,Sí,"Vásquez Guarda, Efraím",Español,Alemán,Poesía,NA,NA,NA,4,73-77
Revista Literaria. Publicación Mensual,462,"Laverde Amaya, Isidoro",Director,NA,Colombia,De las novelas colombianas,38,junio de 1893,1893-06-01,No,NA,Español,NA,Prosa No Ficción,NA,NA,NA,14.6,78-92
Revista Literaria. Publicación Mensual,463,"Romero A., Ángel María",Creador,NA,Colombia,¿Quién?,38,junio de 1893,1893-06-01,No,NA,Español,NA,Poesía,NA,NA,NA,01.5,93-94
Revista Literaria. Publicación Mensual,464,"D'Hervilly, Ernest",Creador,NA,Francia,En el jardín,38,junio de 1893,1893-06-01,Sí,"Llorente, Teodoro",Español,Francés,Poesía,NA,NA,NA,1,94-95
Revista Literaria. Publicación Mensual,465,"Laverde Amaya, Isidoro",Director,NA,Colombia,Ecos y noticias,38,junio de 1893,1893-06-01,No,NA,Español,NA,Prosa No Ficción,NA,NA,NA,2,95-96
Revista Literaria. Publicación Mensual,466,"Gumucio, Adulfo de",Creador,NA,España,El cristo vengador,39,julio de 1893,1893-07-01,No,NA,Español,NA,Prosa Ficción,NA,NA,NA,06.7,97-102
Revista Literaria. Publicación Mensual,467,"Andrade Marín, Francisco",Creador,NA,Ecuador,Ecuador,39,julio de 1893,1893-07-01,No,NA,Español,NA,Prosa No Ficción,NA,NA,NA,03.3,102-105
Revista Literaria. Publicación Mensual,468,"Francisco, Ricardo de",Creador,NA,Colombia,Juegos de niño,39,julio de 1893,1893-07-01,No,NA,Español,NA,Poesía,NA,NA,NA,8,106-113
Revista Literaria. Publicación Mensual,469,"Carlyle, Thomas",Creador,NA,Escocia,El doctor Francia,39,julio de 1893,1893-07-01,Sí,"Drago, Luis María",Español,Inglés,Prosa No Ficción,NA,NA,NA,19.7,114-133
Revista Literaria. Publicación Mensual,470,"Caro, Miguel Antonio",Creador,NA,Colombia,La gallina chasqueada,39,julio de 1893,1893-07-01,No,NA,Español,NA,Poesía,NA,NA,NA,0.5,133-134
Revista Literaria. Publicación Mensual,471,"Calcaño, José Antonio",Creador,NA,Colombia,A Ánimas,39,julio de 1893,1893-07-01,No,NA,Español,NA,Poesía,NA,NA,NA,01.2,134-135
Revista Literaria. Publicación Mensual,472,"Tejada, Temístocles",Creador,NA,Colombia,La primera muerte,39,julio de 1893,1893-07-01,No,NA,Español,NA,Prosa Ficción,NA,NA,NA,03.7,135-139
Revista Literaria. Publicación Mensual,473,"Villamartín, Isabel de",Creador,NA,España,Cantares,39,julio de 1893,1893-07-01,No,NA,Español,NA,Poesía,NA,NA,NA,0.7,139
Revista Literaria. Publicación Mensual,474,"Ibáñez, Pedro María",Creador,NA,Colombia,Cuadro sinóptico de los individuos que han alcanzado nombramiento de Arzobispo Bogotá desde la creación de la silla,39,julio de 1893,1893-07-01,No,NA,Español,NA,Prosa No Ficción,NA,NA,NA,2,140-141
Revista Literaria. Publicación Mensual,475,"Laverde Amaya, Isidoro",Director,NA,Colombia,Ecos y noticias,39,julio de 1893,1893-07-01,No,NA,Español,NA,Prosa No Ficción,NA,NA,NA,3,142-144
Revista Literaria. Publicación Mensual,476,"Caicedo Rojas, José",Creador,NA,Colombia,Nuevos recuerdos de antaño,40,agosto de 1893,1893-08-01,No,NA,Español,NA,Prosa No Ficción,NA,NA,NA,07.7,145-152
Revista Literaria. Publicación Mensual,477,"Llanos, Luis de",Creador,NA,Colombia,Profesión de fe,40,agosto de 1893,1893-08-01,No,NA,Español,NA,Prosa No Ficción,NA,NA,NA,8,152-160
Revista Literaria. Publicación Mensual,478,"Porras, José Ángel",Creador,NA,Colombia,A Cartagena,40,agosto de 1893,1893-08-01,No,NA,Español,NA,Poesía,NA,NA,NA,01.7,161-162
Revista Literaria. Publicación Mensual,479,"Zola, Émile",Creador,NA,Francia,Ce que je veux,40,agosto de 1893,1893-08-01,Sí,"Díaz, Leopoldo",Español,Francés,Poesía,NA,NA,NA,01.6,162-164
Revista Literaria. Publicación Mensual,480,"Narváez, Roberto de",Creador,NA,Colombia,Mis dos faros,40,agosto de 1893,1893-08-01,No,NA,Español,NA,Poesía,NA,NA,NA,0.5,164
Revista Literaria. Publicación Mensual,481,"Fernández, Manuel María",Creador,NA,Venezuela,Zorrilla,40,agosto de 1893,1893-08-01,No,NA,Español,NA,Poesía,NA,NA,NA,0.3,164
Revista Literaria. Publicación Mensual,482,"Millican, Albert",Creador,NA,Inglaterra,Bucaramanga,40,agosto de 1893,1893-08-01,Sí,"Martín, Guillermo E.",Español,Inglés,Prosa No Ficción,NA,NA,NA,05.7,165-170
Revista Literaria. Publicación Mensual,483,"Pérez de Guzmán y Gallo, Juan",Creador,NA,España,Biografías cortas de escritores españoles,40,agosto de 1893,1893-08-01,No,NA,Español,NA,Prosa No Ficción,NA,NA,NA,03.3,170-173
Revista Literaria. Publicación Mensual,484,"Sinués de Marco, María del Pilar",Creador,NA,España,La felicidad en la mujer,40,agosto de 1893,1893-08-01,No,NA,Español,NA,Prosa No Ficción,NA,NA,NA,05.4,174-179
Revista Literaria. Publicación Mensual,485,Anónimo,Creador,NA,NA,Páginas sueltas,40,agosto de 1893,1893-08-01,No,NA,Español,NA,Prosa No Ficción,NA,NA,NA,5,179-184
Revista Literaria. Publicación Mensual,486,Anónimo,Creador,NA,NA,El Excelentísimo señor don Luis M. Cordero,40,agosto de 1893,1893-08-01,No,NA,Español,NA,Prosa No Ficción,NA,NA,NA,01.2,184-185
Revista Literaria. Publicación Mensual,487,"Goenaga, Florentino",Creador,NA,Colombia,La virgen del pesebre,40,agosto de 1893,1893-08-01,No,NA,Español,NA,Prosa Ficción,NA,NA,NA,04.6,185-189
Revista Literaria. Publicación Mensual,488,Anónimo,Creador,NA,NA,La República del Perú,40,agosto de 1893,1893-08-01,No,NA,Español,NA,Prosa No Ficción,NA,NA,NA,2,189-191
Revista Literaria. Publicación Mensual,489,"Laverde Amaya, Isidoro",Director,NA,Colombia,Ecos y noticias,40,agosto de 1893,1893-08-01,No,NA,Español,NA,Prosa No Ficción,NA,NA,NA,01.4,191-192
Revista Literaria. Publicación Mensual,490,"Sacher-Masoch, Leopold von",Creador,NA,Austria,El árbol del silencio,41,septiembre de 1893,1893-09-01,Sí,"Guzmán, Federico de",Español,Alemán,Prosa Ficción,Novela,NA,NA,58,193-250
Revista Literaria. Publicación Mensual,491,"Caicedo Rojas, José",Creador,NA,Colombia,La casita de los novios. Contribución para el moderno Carnero,41,septiembre de 1893,1893-09-01,No,NA,Español,NA,Prosa No Ficción,NA,NA,NA,05.3,251-256
Revista Literaria. Publicación Mensual,492,"Restrepo Tirado, Ernesto",Creador,NA,Colombia,Ideas astronómicas y cómputo del tiempo entre los aborígenes de Colombia,41,septiembre de 1893,1893-09-01,No,NA,Español,NA,Prosa No Ficción,NA,NA,NA,05.4,256-260
Revista Literaria. Publicación Mensual,493,"Fernández Avendaño, Enrique Wenceslao",Creador,NA,Colombia,Ante la hostia,41,septiembre de 1893,1893-09-01,No,NA,Español,NA,Poesía,NA,NA,NA,0.5,260-261
Revista Literaria. Publicación Mensual,494,"Cantó Vilaplana, Gonzalo",Creador,NA,España,Madrigal,41,septiembre de 1893,1893-09-01,No,NA,Español,NA,Poesía,Madrigal,NA,NA,0.3,261
Revista Literaria. Publicación Mensual,495,"Echegaray, José",Creador,NA,España,NA,41,septiembre de 1893,1893-09-01,No,NA,Español,NA,Poesía,NA,NA,NA,0.2,261
Revista Literaria. Publicación Mensual,496,"Balaguer i Cirera, Víctor",Creador,NA,España,Rimas,41,septiembre de 1893,1893-09-01,No,NA,Español,NA,Poesía,Rima,NA,NA,0.3,262
Revista Literaria. Publicación Mensual,497,"Laverde Amaya, Isidoro",Director,NA,Colombia,Ecos y noticias,41,septiembre de 1893,1893-09-01,No,NA,Español,NA,Reseña,NA,NA,"Del infierno a Madrid, escrita por José María Gutiérrez de Alba",02.7,262-264
Revista Literaria. Publicación Mensual,498,"Legouvé, Ernest",Creador,NA,Francia,Beranguer,42,octubre de 1893,1893-10-01,Sí,"Laverde Amaya, Isidoro",Español,Francés,Prosa No Ficción,NA,NA,NA,10.5,265-275
Revista Literaria. Publicación Mensual,499,"Restrepo, Vicente",Creador,NA,Colombia,Páginas de la vida del conquistador Jiménez de Quesada [continúa],42,octubre de 1893,1893-10-01,No,NA,Español,NA,Prosa No Ficción,NA,NA,NA,08.7,275-284
Revista Literaria. Publicación Mensual,500,"Vaca, Vicente",Creador,NA,NA,Contemplación,42,octubre de 1893,1893-10-01,No,NA,Español,NA,Prosa Ficción,NA,NA,NA,01.5,284-285
Revista Literaria. Publicación Mensual,501,"Tinseau, Léon de",Creador,NA,Francia,En busca de novio,42,octubre de 1893,1893-10-01,Sí,"Suárez Murillo, Carlos",Español,Francés,Prosa Ficción,NA,NA,NA,8,285-293
Revista Literaria. Publicación Mensual,502,"Laverde Amaya, Isidoro",Director,NA,Colombia,Los parques de Bogotá,42,octubre de 1893,1893-10-01,No,NA,Español,NA,Prosa No Ficción,NA,NA,NA,06.1,293-299
Revista Literaria. Publicación Mensual,503,"Espinosa, Roberto",Creador,NA,NA,El ciego Bartimeo,42,octubre de 1893,1893-10-01,No,NA,Español,NA,Poesía,NA,NA,NA,1,299-300
Revista Literaria. Publicación Mensual,504,"Arciniegas, Ismael Enrique",Creador,NA,Colombia,Ideal,42,octubre de 1893,1893-10-01,No,NA,Español,NA,Poesía,NA,NA,NA,0.3,300
Revista Literaria. Publicación Mensual,505,"Rivas Frade, Federico",Creador,NA,Colombia,Rima,42,octubre de 1893,1893-10-01,No,NA,Español,NA,Poesía,NA,NA,NA,0.3,300
Revista Literaria. Publicación Mensual,506,"Romero A., Ángel María",Creador,NA,Colombia,La idea,42,octubre de 1893,1893-10-01,No,NA,Español,NA,Poesía,NA,NA,NA,0.4,301
Revista Literaria. Publicación Mensual,507,"Restrepo Vélez, José Manuel",Creador,NA,Colombia,La presidencia del doctor Márquez [continúa],42,octubre de 1893,1893-10-01,No,NA,Español,NA,Prosa No Ficción,NA,NA,NA,11.6,301-312
Revista Literaria. Publicación Mensual,508,"Restrepo, Vicente",Creador,NA,Colombia,Páginas de la vida del conquistador Jiménez de Quesada [finaliza],43/44,noviembre de 1893,1893-11-01,No,NA,Español,NA,Prosa No Ficción,NA,NA,NA,8,313-320
Revista Literaria. Publicación Mensual,509,"Restrepo Vélez, José Manuel",Creador,NA,Colombia,La presidencia del doctor Márquez [continúa],43/44,noviembre de 1893,1893-11-01,No,NA,Español,NA,Prosa No Ficción,NA,NA,NA,10.7,321-331
Revista Literaria. Publicación Mensual,510,"Pereira Gamba, Próspero",Creador,NA,Colombia,Los conflictos de Bogotá en 1840 y 1841 [continúa],43/44,noviembre de 1893,1893-11-01,No,NA,Español,NA,Prosa No Ficción,NA,NA,NA,19.3,331-350
Revista Literaria. Publicación Mensual,511,"Guerra Azuola, Ramón",Creador,NA,Colombia,D. Ramón M. Lotero,43/44,noviembre de 1893,1893-11-01,No,NA,Español,NA,Prosa No Ficción,NA,NA,NA,5,351-355
Revista Literaria. Publicación Mensual,512,"Longfellow, Henry Wadsworth",Creador,Longfellow,Estados Unidos,Traducción de Longfellow,43/44,noviembre de 1893,1893-11-01,Sí,"Caro, Miguel Antonio",Español,Inglés,Poesía,NA,NA,NA,0.5,356
Revista Literaria. Publicación Mensual,513,"Calcaño, Julio",Creador,NA,Venezuela,Reverie,43/44,noviembre de 1893,1893-11-01,No,NA,Español,NA,Poesía,NA,NA,NA,0.5,356-357
Revista Literaria. Publicación Mensual,514,"Rosas, Gabriel",Creador,NA,Colombia,Observaciones sobre el estudio de la lengua alemana,43/44,noviembre de 1893,1893-11-01,No,NA,Español,NA,Prosa No Ficción,NA,NA,NA,9,357-366
Revista Literaria. Publicación Mensual,515,Anónimo,Creador,NA,NA,Don Pedro Antonio de Alarcón,43/44,noviembre de 1893,1893-11-01,No,NA,Español,NA,Prosa No Ficción,NA,NA,NA,03.4,366-369
Revista Literaria. Publicación Mensual,516,"Préndez Murúa, Pedro Nolasco",Creador,NA,Chile,Páginas sueltas,43/44,noviembre de 1893,1893-11-01,No,NA,Español,NA,Prosa No Ficción,NA,NA,NA,05.3,369-374
Revista Literaria. Publicación Mensual,517,"Calcaño, Julio",Creador,NA,Venezuela,A Napoleón,43/44,noviembre de 1893,1893-11-01,No,NA,Español,NA,Poesía,NA,NA,NA,0.5,375
Revista Literaria. Publicación Mensual,518,"López Iriarte, E.",Creador,NA,NA,La cortina,43/44,noviembre de 1893,1893-11-01,No,NA,Español,NA,Poesía,NA,NA,NA,0.5,375
Revista Literaria. Publicación Mensual,519,Anónimo,Creador,NA,NA,Tyler el plomero. Anécdota histórica,43/44,noviembre de 1893,1893-11-01,No,NA,Español,NA,Prosa No Ficción,Anécdota,NA,NA,05.5,376
Revista Literaria. Publicación Mensual,520,"Laverde Amaya, Isidoro",Director,NA,Colombia,Novelas de autores colombianos,43/44,noviembre de 1893,1893-11-01,No,NA,Español,NA,Reseña,NA,NA,"Jamás, de Ángel Cuervo",5,381-386
Revista Literaria. Publicación Mensual,521,"Cordovez Moure, José María",Creador,NA,Colombia,Reminiscencias,43/44,noviembre de 1893,1893-11-01,No,NA,Español,NA,Prosa No Ficción,NA,NA,NA,5,386-391
Revista Literaria. Publicación Mensual,522,"Laverde Amaya, Isidoro",Director,NA,Colombia,Noticias literarias,43/44,noviembre de 1893,1893-11-01,No,NA,Español,NA,Prosa No Ficción,NA,NA,NA,01.5,391-392
Revista Literaria. Publicación Mensual,523,"Guerra Azuola, Ramón",Creador,NA,Colombia,El pesebre,45/46,febrero de 1894,1894-02-01,No,NA,Español,NA,Prosa Ficción,NA,NA,NA,10,393-402
Revista Literaria. Publicación Mensual,524,"Pereira Gamba, Próspero",Creador,NA,Colombia,Los conflictos de Bogotá en 1840 y 1841 [continuación],45/46,febrero de 1894,1894-02-01,No,NA,Español,NA,Prosa No Ficción,NA,NA,NA,20.5,423-403
Revista Literaria. Publicación Mensual,525,"Rivas Groot, José María",Creador,NA,Colombia,La naturaleza,45/46,febrero de 1894,1894-02-01,No,NA,Español,NA,Poesía,NA,A mi padre,,2,423-425
Revista Literaria. Publicación Mensual,526,"Martín Mateos, Nicomedes",Creador,NA,España,Páginas sueltas. La resurrección de Lázaro,45/46,febrero de 1894,1894-02-01,No,NA,Español,NA,Prosa No Ficción,NA,NA,NA,8,425-433
Revista Literaria. Publicación Mensual,527,Anónimo,Creador,NA,NA,Fray Luis de León,45/46,febrero de 1894,1894-02-01,No,NA,Español,NA,Prosa No Ficción,NA,NA,NA,07.5,433-440
Revista Literaria. Publicación Mensual,528,"Abella Mendoza, Temístocles",Creador,NA,Colombia,Estudios biográficos de la historia de América [continúa en el número 48],45/46,febrero de 1894,1894-02-01,No,NA,Español,NA,Prosa No Ficción,NA,NA,NA,07.7,441-448
Revista Literaria. Publicación Mensual,529,"Cervantes, Próspero",Creador,NA,NA,La Mesa. Páginas para un nuevo Diccionario geográfico de Colombia,45/46,febrero de 1894,1894-02-01,No,NA,Español,NA,Prosa No Ficción,NA,NA,NA,04.8,448-453
Revista Literaria. Publicación Mensual,530,"Laverde Amaya, Isidoro",Director,NA,Colombia,Bogotá en febrero,45/46,febrero de 1894,1894-02-01,No,NA,Español,NA,Prosa No Ficción,NA,NA,NA,04.8,453-458
Revista Literaria. Publicación Mensual,531,"Heine, Heinrich",Creador,NA,Alemania,Juegos infantiles,45/46,febrero de 1894,1894-02-01,Sí,"Sanz, Eulogio Florentino",Español,Alemán,Poesía,NA,NA,NA,0.3,458
Revista Literaria. Publicación Mensual,532,"Fernández, Manuel María",Creador,NA,Venezuela,Las pascuas,45/46,febrero de 1894,1894-02-01,No,NA,Español,NA,Poesía,NA,NA,NA,01.3,458-459
Revista Literaria. Publicación Mensual,533,"Méndez y Mendoza, Eugenio",Creador,NA,Venezuela,Oración,45/46,febrero de 1894,1894-02-01,No,NA,Español,NA,Poesía,NA,NA,NA,1,460
Revista Literaria. Publicación Mensual,534,Anónimo,Creador,NA,NA,República mexicana,45/46,febrero de 1894,1894-02-01,No,NA,Español,NA,Prosa No Ficción,NA,NA,NA,01.8,461-462
Revista Literaria. Publicación Mensual,535,"Laverde Amaya, Isidoro",Creador,NA,Colombia,Reseña bibliográfica,45/46,febrero de 1894,1894-02-01,No,NA,Español,NA,Prosa No Ficción,NA,NA,NA,02.2,462-464
Revista Literaria. Publicación Mensual,536,"Frontaura, Carlos",Creador,NA,España,El juicio por jurados,47,marzo de 1894,1894-03-01,No,NA,Español,NA,Prosa Ficción,NA,NA,NA,9,466-473
Revista Literaria. Publicación Mensual,537,"Pereira Gamba, Próspero",Creador,NA,Colombia,Los conflictos de Bogotá en 1840 y 1841 [continuación],47,marzo de 1894,1894-03-01,No,NA,Español,NA,Prosa No Ficción,NA,NA,NA,10.3,474-484
Revista Literaria. Publicación Mensual,538,"Rivas Groot, José María",Creador,NA,Colombia,El hombre,47,marzo de 1894,1894-03-01,No,NA,Español,NA,Poesía,NA,NA,NA,02.5,484-486
Revista Literaria. Publicación Mensual,539,"Rocha, Joaquín",Creador,NA,Colombia,Excursión por la comarca de Fusagasugá,47,marzo de 1894,1894-03-01,No,NA,Español,NA,Prosa No Ficción,NA,NA,NA,13.3,486-499
Revista Literaria. Publicación Mensual,540,"González Torres, A.",Creador,NA,NA,En las Islas Canarias,47,marzo de 1894,1894-03-01,No,NA,Español,NA,Prosa No Ficción,NA,NA,NA,5,500-504
Revista Literaria. Publicación Mensual,541,"Hugo, Victor",Creador,NA,Francia,De Víctor Hugo [Oh ! n'insultez jamais une femme qui tombe !],47,marzo de 1894,1894-03-01,Sí,"Calcaño, Eduardo",Español,Francés,Poesía,NA,NA,NA,0.6,505
Revista Literaria. Publicación Mensual,542,"Porras, José Ángel",Creador,NA,Colombia,Íntimo,47,marzo de 1894,1894-03-01,No,NA,Español,NA,Poesía,NA,NA,NA,1,505-506
Revista Literaria. Publicación Mensual,543,"Alarcón, Pedro Antonio de",Creador,NA,España,Cuento moro,47,marzo de 1894,1894-03-01,No,NA,Español,NA,Poesía,Cuento,NA,NA,1,506-507
Revista Literaria. Publicación Mensual,544,Anónimo,Creador,NA,NA,Estadística de España,47,marzo de 1894,1894-03-01,No,NA,Español,NA,Prosa No Ficción,NA,NA,NA,0.6,507-508
Revista Literaria. Publicación Mensual,545,Anónimo,Creador,NA,NA,Ferrocarriles en México. Extensión de todas las líneas de explotación,47,marzo de 1894,1894-03-01,No,NA,Español,NA,Prosa No Ficción,NA,NA,NA,2,508-510
Revista Literaria. Publicación Mensual,546,"Restrepo, Vicente",Creador,NA,Colombia,"La ""Historia general del Nuevo Reino de Granada"" del obispo Piedrahita [continúa]",47,marzo de 1894,1894-03-01,No,NA,Español,NA,Reseña,NA,NA,"Historia general del Nuevo Reino de Granada, de Lucas Fernández de Piedrahita",2,510-512
Revista Literaria. Publicación Mensual,547,"Obligado, Rafael",Creador,NA,Argentina,Basta y sobra,47,marzo de 1894,1894-03-01,No,NA,Español,NA,Poesía,NA,NA,NA,0.6,512
Revista Literaria. Publicación Mensual,548,"Restrepo, Vicente",Creador,NA,Colombia,"La ""Historia general del Nuevo Reino de Granada"" del obispo Piedrahita [continuación]",48,abril de 1894,1894-04-01,No,NA,Español,NA,Prosa No Ficción,NA,NA,NA,07.3,513-520
Revista Literaria. Publicación Mensual,549,"Martínez, Antonio R.",Creador,NA,Colombia,Apuntes sobre el origen e historia de Fusagasugá,48,abril de 1894,1894-04-01,No,NA,Español,NA,Prosa No Ficción,NA,NA,NA,8,520-528
Revista Literaria. Publicación Mensual,550,Anónimo,Creador,NA,Colombia,Un actor célebre,48,abril de 1894,1894-04-01,No,NA,Español,NA,Prosa No Ficción,NA,NA,NA,02.2,528-530
Revista Literaria. Publicación Mensual,551,"Pereira Gamba, Próspero",Creador,NA,Colombia,Los conflictos de Bogotá en 1840 y 1841 [continuación],48,abril de 1894,1894-04-01,No,NA,Español,NA,Prosa No Ficción,NA,NA,NA,07.8,530-538
Revista Literaria. Publicación Mensual,552,"Gabriac, Alexis de",Creador,NA,Francia,Lima,48,abril de 1894,1894-04-01,Sí,Anónimo,Español,Francés,Prosa No Ficción,NA,NA,NA,4,538-542
Revista Literaria. Publicación Mensual,553,"Abella Mendoza, Temístocles",Creador,NA,Colombia,Galería de Piedrahita [continuación del artículo Estudios biográficos de la historia de América],48,abril de 1894,1894-04-01,No,NA,Español,NA,Prosa No Ficción,NA,NA,NA,3,542-545
Revista Literaria. Publicación Mensual,554,"Rivas, Medardo",Creador,NA,Colombia,Aristides Rojas,48,abril de 1894,1894-04-01,No,NA,Español,NA,Prosa No Ficción,NA,NA,NA,01.5,545-547
Revista Literaria. Publicación Mensual,555,"Laverde Amaya, Isidoro",Creador,NA,Colombia,En memoria de un escritor venezolano,48,abril de 1894,1894-04-01,No,NA,Español,NA,Prosa No Ficción,NA,NA,NA,02.5,457-459
Revista Literaria. Publicación Mensual,556,"Vásquez Guarda, Efraím",Creador,NA,Chile,De Heine,48,abril de 1894,1894-04-01,No,NA,Español,NA,Poesía,NA,"Laverde Amaya, Isidoro",,1,549-550
Revista Literaria. Publicación Mensual,557,"Berthoud, Eugène",Creador,NA,Francia,Las tres hermanas del poeta. Imitación de Berthoud,48,abril de 1894,1894-04-01,Sí,"Calcaño, Eduardo",Español,Francés,Poesía,NA,NA,NA,0.7,550-551
Revista Literaria. Publicación Mensual,558,"Calcaño, José Antonio",Creador,NA,Venezuela,De un álbum,48,abril de 1894,1894-04-01,Sí,"Calcaño, José Antonio",Español,Inglés,Poesía,NA,NA,NA,0.5,551
Revista Literaria. Publicación Mensual,559,"Guerrini, Olindo",Creador,Lorenzo Stecchetti,Italia,De Stecchetti,48,abril de 1894,1894-04-01,Sí,"Cuenca, Agustín F.",Español,Italiano,Poesía,NA,NA,NA,0.5,551
Revista Literaria. Publicación Mensual,560,Anónimo,Creador,NA,NA,Cartagena en 1861,48,abril de 1894,1894-04-01,No,NA,Español,NA,Prosa No Ficción,NA,NA,NA,02.8,551-555
Revista Literaria. Publicación Mensual,561,"Laverde Amaya, Isidoro",Director,NA,NA,Noticias literarias,48,abril de 1894,1894-04-01,No,NA,Español,NA,Prosa No Ficción,NA,NA,NA,03.3,555-558
Revista Literaria. Publicación Mensual,562,"Fleuriot-Kerinou, Francis",Creador,NA,Francia,El armero de Axbridge,49,mayo de 1894,1894-05-01,Sí,"Suárez Murillo, Carlos",Español,Francés,Prosa Ficción,NA,NA,NA,16,1-16
Revista Literaria. Publicación Mensual,563,"Cordovez Moure, José María",Creador,NA,Colombia,Crónicas de Bogotá. Una explosión inesperada,49,mayo de 1894,1894-05-01,No,NA,Español,NA,Prosa Ficción,Crónica,NA,NA,07.7,17-24
Revista Literaria. Publicación Mensual,564,"Goya, Antonio",Creador,NA,España,Cuentos e historias. El gancho,49,mayo de 1894,1894-05-01,No,NA,Español,NA,Prosa Ficción,Cuento,NA,NA,3,24-27
Revista Literaria. Publicación Mensual,565,"Mora, José Joaquín de",Creador,NA,España,A la flor llamada en inglés,49,mayo de 1894,1894-05-01,No,NA,Español,NA,Poesía,NA,NA,NA,0.6,28
Revista Literaria. Publicación Mensual,566,"Arciniegas, Ismael Enrique",Creador,NA,Colombia,Canción,49,mayo de 1894,1894-05-01,No,NA,Español,NA,Poesía,NA,NA,NA,0.5,28-29
Revista Literaria. Publicación Mensual,567,"Rossel, Juan C.",Creador,NA,Perú,El poema del nido,49,mayo de 1894,1894-05-01,No,NA,Español,NA,Poesía,NA,NA,NA,0.6,29
Revista Literaria. Publicación Mensual,568,"Heredia, José-Maria de",Creador,NA,Cuba,A una ciudad muerta,49,mayo de 1894,1894-05-01,Sí,"Fernández Avendaño, Enrique Wenceslao",Español,Francés,Poesía,NA,NA,NA,0.5,29-30
Revista Literaria. Publicación Mensual,569,"Pereira Gamba, Próspero",Creador,NA,Colombia,Sucesos de mi tiempo [continúa],49,mayo de 1894,1894-05-01,No,NA,Español,NA,Prosa No Ficción,NA,NA,NA,5,30-35
Revista Literaria. Publicación Mensual,570,"Laverde Amaya, Isidoro",Director,NA,Colombia,Libros venezolanos,49,mayo de 1894,1894-05-01,No,NA,Español,NA,Reseña,NA,NA,"Fidelia, de Gonzalo Picón Febres",6,35-41
Revista Literaria. Publicación Mensual,571,Anónimo,Creador,NA,NA,Instrucción pública. Exámenes de varios alumnos de escuelas normales,49,mayo de 1894,1894-05-01,No,NA,Español,NA,Prosa No Ficción,NA,NA,NA,4,41-45
Revista Literaria. Publicación Mensual,572,Anónimo,Creador,NA,NA,"Noticias sobre libros, periódicos y autores",49,mayo de 1894,1894-05-01,No,NA,Español,NA,Prosa No Ficción,NA,NA,NA,02.4,45-47
Revista Literaria. Publicación Mensual,573,Anónimo,Creador,NA,NA,Curiosidades,49,mayo de 1894,1894-05-01,No,NA,Español,NA,Prosa No Ficción,NA,NA,NA,01.3,47-48
Revista Literaria. Publicación Mensual,574,"Boixet i Castells, Ezequiel",Creador,Juan Buscón,España,La confesión,50,julio de 1894,1894-07-01,No,NA,Español,NA,Prosa Ficción,NA,NA,NA,06.7,49-55
Revista Literaria. Publicación Mensual,575,"Fernández, Rafael César",Creador,NA,Colombia,Guateque,50,julio de 1894,1894-07-01,No,NA,Español,NA,Prosa No Ficción,NA,NA,NA,6,55-61
Revista Literaria. Publicación Mensual,576,"Pereira Gamba, Próspero",Creador,NA,Colombia,Sucesos de mi tiempo [continúa],50,julio de 1894,1894-07-01,No,NA,Español,NA,Prosa No Ficción,NA,NA,NA,9,61-70
Revista Literaria. Publicación Mensual,577,"Alcalá Galiano, José",Creador,NA,España,El coliseo,50,julio de 1894,1894-07-01,No,NA,Español,NA,Poesía,NA,NA,NA,3,70-73
Revista Literaria. Publicación Mensual,578,"Michelsen Uribe, Gustavo",Creador,NA,Colombia,Apuntes sobre la literatura danesa,50,julio de 1894,1894-07-01,No,NA,Español,NA,Prosa No Ficción,NA,NA,NA,5,73-78
Revista Literaria. Publicación Mensual,579,"Abella Mendoza, Temístocles",Creador,NA,Colombia,Estudios biográficos de la historia de América [continuación],50,julio de 1894,1894-07-01,No,NA,Español,NA,Prosa No Ficción,NA,NA,NA,02.5,78-80
Revista Literaria. Publicación Mensual,580,"Laverde Amaya, Isidoro",Director,NA,Colombia,La literatura colombiana juzgada por Menéndez Pelayo,50,julio de 1894,1894-07-01,No,NA,Español,NA,Prosa No Ficción,NA,NA,NA,4,81-84
Revista Literaria. Publicación Mensual,581,Anónimo,Creador,NA,NA,Los presidentes de Venezuela,50,julio de 1894,1894-07-01,No,NA,Español,NA,Prosa No Ficción,NA,NA,NA,01.8,85-86
Revista Literaria. Publicación Mensual,582,Anónimo,Creador,NA,NA,"Noticias sobre libros, periódicos y autores",50,julio de 1894,1894-07-01,No,NA,Español,NA,Prosa No Ficción,NA,NA,NA,01.3,86-88
Revista Literaria. Publicación Mensual,583,Anónimo,Creador,NA,NA,Curiosidades,50,julio de 1894,1894-07-01,No,NA,Español,NA,Prosa No Ficción,NA,NA,NA,0.8,88
Revista Literaria. Publicación Mensual,584,"Calcaño, Eduardo",Creador,NA,Venezuela,Policarpa Salavarrieta. Mónolo en verso,51,julio de 1894,1894-07-01,No,NA,Español,NA,Teatro,Monólogo,NA,NA,07.5,89-96
Revista Literaria. Publicación Mensual,585,"Guerra Azuola, Ramón",Creador,NA,Colombia,Don Luis Eduardo de Azuola,51,julio de 1894,1894-07-01,No,NA,Español,NA,Prosa No Ficción,NA,NA,NA,05.5,96-101
Revista Literaria. Publicación Mensual,586,"Caro, Miguel Antonio",Creador,NA,Colombia,A la estatua del libertador,51,julio de 1894,1894-07-01,No,NA,Español,NA,Poesía,NA,NA,NA,05.3,102-107
Revista Literaria. Publicación Mensual,587,"Pereira Gamba, Próspero",Creador,NA,Colombia,Sucesos de mi tiempo [continúa],51,julio de 1894,1894-07-01,No,NA,Español,NA,Prosa No Ficción,NA,NA,NA,6,107-113
Revista Literaria. Publicación Mensual,588,"Ortiz, Nicolás",Creador,NA,Colombia,Patología conyugal,51,julio de 1894,1894-07-01,No,NA,Español,NA,Prosa Ficción,NA,NA,NA,3,113-116
Revista Literaria. Publicación Mensual,589,Anónimo,Creador,NA,Colombia,Instrucción pública. Escuela de medicina de la universidad de Colombia,51,julio de 1894,1894-07-01,No,NA,Español,NA,Prosa No Ficción,NA,NA,NA,3,116-119
Revista Literaria. Publicación Mensual,590,"Abella Mendoza, Temístocles",Creador,NA,Colombia,Galería de Piedrahita [continuación del artículo Estudios biográficos de la historia de América],51,julio de 1894,1894-07-01,No,NA,Español,NA,Prosa No Ficción,NA,NA,NA,02.5,119-122
Revista Literaria. Publicación Mensual,591,"Cuéllar Durán, Zoilo",Creador,NA,Colombia,Bibliografía científica,51,julio de 1894,1894-07-01,No,NA,Español,NA,Prosa No Ficción,Bibliografía,NA,NA,4,122-126
Revista Literaria. Publicación Mensual,592,"Hugo, Victor",Creador,NA,Francia,De Victor Hugo [Alborada],51,julio de 1894,1894-07-01,Sí,"Gutiérrez, Antonio G.",Español,Francés,Poesía,NA,NA,NA,0.7,127
Revista Literaria. Publicación Mensual,593,"Paláu, Melchor de",Creador,NA,España,En un álbum,51,julio de 1894,1894-07-01,No,NA,Español,NA,Poesía,NA,NA,NA,0.3,127
Revista Literaria. Publicación Mensual,594,Anónimo,Creador,NA,NA,"Noticias sobre libros, periódicos y autores",51,julio de 1894,1894-07-01,No,NA,Español,NA,Prosa No Ficción,NA,NA,NA,0.5,128
Revista Literaria. Publicación Mensual,595,Anónimo,Creador,NA,NA,Curiosidades,51,julio de 1894,1894-07-01,No,NA,Español,NA,Prosa No Ficción,NA,NA,NA,0.5,128
Revista Literaria. Publicación Mensual,596,Anónimo,Creador,NA,Francia,Una historia de amor,52,agosto de 1894,1894-08-01,Sí,Anónimo,Español,Francés,Prosa Ficción,Cuento,NA,NA,04.5,129-133
Revista Literaria. Publicación Mensual,597,"Altamira, Rafael",Creador,NA,España,Una boda,52,agosto de 1894,1894-08-01,No,NA,Español,NA,Prosa Ficción,NA,NA,NA,04.2,133-137
Revista Literaria. Publicación Mensual,598,"González Obregón, Luis",Creador,NA,México,Antología de poetas mexicanos,52,agosto de 1894,1894-08-01,No,NA,Español,NA,Prosa No Ficción,NA,NA,NA,06.3,137-144
Revista Literaria. Publicación Mensual,599,"Ibáñez, Pedro María",Creador,NA,Colombia,Hernando de Alcócer,52,agosto de 1894,1894-08-01,No,NA,Español,NA,Prosa No Ficción,NA,NA,NA,04.7,144-148
Revista Literaria. Publicación Mensual,600,"Flórez Galindo, Federico",Creador,"Florez G., Federico ",Perú,Plegaria a la Virgen María,52,agosto de 1894,1894-08-01,No,NA,Español,NA,Poesía,NA,NA,NA,01.5,149-150
Revista Literaria. Publicación Mensual,601,"Rivas Frade, Federico",Creador,NA,Colombia,Rimas,52,agosto de 1894,1894-08-01,No,NA,Español,NA,Poesía,Rima,NA,NA,0.5,150-151
Revista Literaria. Publicación Mensual,602,"Pereira Gamba, Próspero",Creador,NA,Colombia,Sucesos de mi tiempo [continúa],52,agosto de 1894,1894-08-01,No,NA,Español,NA,Prosa No Ficción,NA,NA,NA,06.5,151-157
Revista Literaria. Publicación Mensual,603,"Romero A., Ángel María",Creador,NA,Colombia,Caldas,52,agosto de 1894,1894-08-01,No,NA,Español,NA,Poesía,NA,NA,NA,0.5,157-158
Revista Literaria. Publicación Mensual,604,"Calcaño, Julio",Creador,NA,Venezuela,Después de la fiebre,52,agosto de 1894,1894-08-01,No,NA,Español,NA,Poesía,NA,"Ríos, José Manuel de",,1,158-159
Revista Literaria. Publicación Mensual,605,Anónimo,Creador,NA,NA,"Noticias sobre libros, periódicos y autores",52,agosto de 1894,1894-08-01,No,NA,Español,NA,Prosa No Ficción,NA,NA,NA,0.5,159
Revista Literaria. Publicación Mensual,606,"Mejía, Epifanio",Creador,NA,Colombia,El arriero de Antioquia,52,agosto de 1894,1894-08-01,No,NA,Español,NA,Poesía,NA,NA,NA,1,160
Revista Literaria. Publicación Mensual,607,"Pereira Gamba, Próspero",Creador,NA,Colombia,Sucesos de mi tiempo [continúa],53,septiembre de 1894,1894-09-01,No,NA,Español,NA,Prosa No Ficción,NA,NA,NA,09.2,161-170
Revista Literaria. Publicación Mensual,608,"Balart, Federico",Creador,NA,España,Páginas sueltas. El prosaísmo en el arte,53,septiembre de 1894,1894-09-01,No,NA,Español,NA,Prosa No Ficción,NA,NA,NA,3,170-173
Revista Literaria. Publicación Mensual,609,"Pí y Margall, Francisco",Creador,NA,España,Don Francisco de Quevedo,53,septiembre de 1894,1894-09-01,No,NA,Español,NA,Prosa No Ficción,NA,NA,NA,1,173-174
Revista Literaria. Publicación Mensual,610,"Palacio, Manuel del",Creador,NA,España,El gran sátiro,53,septiembre de 1894,1894-09-01,No,NA,Español,NA,Poesía,NA,NA,NA,0.5,174-175
Revista Literaria. Publicación Mensual,611,"Quevedo, Francisco de",Creador,NA,España,Letrilla satírica de Don Francisco de Quevedo,53,septiembre de 1894,1894-09-01,No,NA,Español,NA,Poesía,Letrilla,NA,NA,1,175-176
Revista Literaria. Publicación Mensual,612,Anónimo,Creador,NA,NA,Muerte de amor,53,septiembre de 1894,1894-09-01,Sí,"Calcaño, José Antonio",Español,Portugués,Poesía,NA,NA,NA,0.5,176
Revista Literaria. Publicación Mensual,613,"Laverde Amaya, Isidoro",Director,NA,Colombia,El astro que se apaga,53,septiembre de 1894,1894-09-01,No,NA,Español,NA,Prosa No Ficción,NA,NA,NA,0.5,177
Revista Literaria. Publicación Mensual,614,"Laverde Amaya, Isidoro",Director,NA,Colombia,El doctor Núñez en El Cabrero,53,septiembre de 1894,1894-09-01,No,NA,Español,NA,Prosa No Ficción,NA,NA,NA,5,177-182
Revista Literaria. Publicación Mensual,615,"Balart, Federico",Creador,NA,España,Aspiraciones,53,septiembre de 1894,1894-09-01,No,NA,Español,NA,Poesía,NA,NA,NA,1,182-183
Revista Literaria. Publicación Mensual,616,"Méndez, Juan de Dios",Creador,NA,Venezuela,La locomotora,53,septiembre de 1894,1894-09-01,No,NA,Español,NA,Poesía,NA,NA,NA,0.8,183-184
Revista Literaria. Publicación Mensual,617,Anónimo,Creador,NA,NA,Venezuela,53,septiembre de 1894,1894-09-01,No,NA,Español,NA,Prosa No Ficción,NA,NA,NA,7,184-191
Revista Literaria. Publicación Mensual,618,Anónimo,Creador,NA,NA,Las tarjetas,53,septiembre de 1894,1894-09-01,No,NA,Español,NA,Prosa No Ficción,NA,NA,NA,2,191-193
Revista Literaria. Publicación Mensual,619,"Laverde Amaya, Isidoro",Creador,NA,Colombia,Bibliografía colombiana [continúa],53,septiembre de 1894,1894-09-01,No,NA,Español,NA,Prosa No Ficción,Bibliografía,NA,NA,7,193-200
Revista Literaria. Publicación Mensual,620,"Arenal, Concepción",Creador,NA,España,"Estudios morales [Fragmento de La beneficencia, la filantropia y la caridad]",54,octubre de 1894,1894-10-01,No,NA,Español,NA,Prosa No Ficción,NA,NA,NA,05.5,201-206
Revista Literaria. Publicación Mensual,621,"Pereira Gamba, Próspero",Creador,NA,Colombia,Sucesos de mi tiempo [continúa],54,octubre de 1894,1894-10-01,No,NA,Español,NA,Prosa No Ficción,NA,NA,NA,05.7,206-212
Revista Literaria. Publicación Mensual,622,"Laverde Amaya, Isidoro",Director,NA,Colombia,Don Carlos Holguín,54,octubre de 1894,1894-10-01,No,NA,Español,NA,Prosa No Ficción,NA,NA,NA,02.5,212-214
Revista Literaria. Publicación Mensual,623,"Siles, José de",Creador,NA,España,La crisis del libro,54,octubre de 1894,1894-10-01,No,NA,Español,NA,Prosa No Ficción,NA,NA,NA,01.8,214-216
Revista Literaria. Publicación Mensual,624,"Laverde Amaya, Isidoro",Director,NA,Colombia,Bibliografía colombiana [continuación],54,octubre de 1894,1894-10-01,No,NA,Español,NA,Prosa No Ficción,Bibliografía,NA,NA,11.2,216-227
Revista Literaria. Publicación Mensual,625,"Ossorio y Bernard, Manuel",Creador,NA,España,El farsante,54,octubre de 1894,1894-10-01,No,NA,Español,NA,Prosa No Ficción,NA,NA,NA,02.8,227-230
Revista Literaria. Publicación Mensual,626,"Jackson Veyán, José",Creador,NA,España,Pensamiento y corazón,54,octubre de 1894,1894-10-01,No,NA,Español,NA,Poesía,NA,NA,NA,0.5,230-231
Revista Literaria. Publicación Mensual,627,Anónimo,Creador,NA,NA,"Noticias sobre libros, periódicos y autores",54,octubre de 1894,1894-10-01,No,NA,Español,NA,Prosa No Ficción,NA,NA,NA,01.7,231-232
Revista Literaria. Publicación Mensual,628,"Guerra Azuola, Ramón",Creador,NA,Colombia,El señor don Manuel María Aya,55/56,octubre de 1894,1894-10-01,No,NA,Español,NA,Prosa No Ficción,NA,NA,NA,04.7,233-237
Revista Literaria. Publicación Mensual,629,"Romero P., Carlos",Creador,NA,NA,Ocaña,55/56,octubre de 1894,1894-10-01,No,NA,Español,NA,Prosa No Ficción,NA,NA,NA,04.3,237-241
Revista Literaria. Publicación Mensual,630,"Shakespeare, William",Creador,NA,Inglaterra,Romeo y Julieta,55/56,octubre de 1894,1894-10-01,Sí,"Roa Bárcena, José María",Español,Inglés,Teatro,NA,NA,NA,01.2,242-243
Revista Literaria. Publicación Mensual,631,"Laverde Amaya, Isidoro",Director,NA,Colombia,Bibliografía colombiana [continuación],55/56,octubre de 1894,1894-10-01,No,NA,Español,NA,Prosa No Ficción,Bibliografía,NA,NA,30.3,244-275
Revista Literaria. Publicación Mensual,632,Anónimo,Creador,NA,NA,Ecuador,55/56,octubre de 1894,1894-10-01,No,NA,Español,NA,Prosa No Ficción,NA,NA,NA,05.7,275-280
Revista Literaria. Publicación Mensual,633,"Fernández Villegas, Francisco",Creador,Zeda,España,Las Apariencias,55/56,octubre de 1894,1894-10-01,No,NA,Español,NA,Prosa No Ficción,NA,NA,NA,02.3,281-283
Revista Literaria. Publicación Mensual,634,"Silvela, Francisco",Creador,NA,España,Páginas sueltas. Las cartas de amor,55/56,octubre de 1894,1894-10-01,No,NA,Español,NA,Prosa No Ficción,NA,NA,NA,01.7,283-284
Revista Literaria. Publicación Mensual,635,"Wyzewa, Teodor de",Creador,NA,Polonia,Una novela española,55/56,octubre de 1894,1894-10-01,No,NA,Español,NA,Reseña,NA,NA,"El Doctor Wolski, de Sofia Casanova",02.7,285-87
Revista Literaria. Publicación Mensual,636,"Laverde Amaya, Isidoro",Creador,NA,Colombia,Emiro Kastos,55/56,octubre de 1894,1894-10-01,No,NA,Español,NA,Prosa No Ficción,NA,NA,NA,02.5,287-290
Revista Literaria. Publicación Mensual,637,"García, Evaristo",Creador,NA,Colombia,Impresiones de viaje. De Honda a Pavas,55/56,octubre de 1894,1894-10-01,No,NA,Español,NA,Prosa No Ficción,NA,NA,NA,02.6,290-292
Revista Literaria. Publicación Mensual,638,Anónimo,Creador,NA,NA,"Noticias sobre libros, periódicos y autores",55/56,octubre de 1894,1894-10-01,No,NA,Español,NA,Prosa No Ficción,NA,NA,NA,04.3,292-296
